-- MySQL dump 10.13  Distrib 5.1.57, for Win64 (unknown)
--
-- Host: localhost    Database: promise6317b
-- ------------------------------------------------------
-- Server version	5.1.57-community

/*!40101 SET @OLD_CHARACTER_SET_CLIENT=@@CHARACTER_SET_CLIENT */;
/*!40101 SET @OLD_CHARACTER_SET_RESULTS=@@CHARACTER_SET_RESULTS */;
/*!40101 SET @OLD_COLLATION_CONNECTION=@@COLLATION_CONNECTION */;
/*!40101 SET NAMES utf8 */;
/*!40103 SET @OLD_TIME_ZONE=@@TIME_ZONE */;
/*!40103 SET TIME_ZONE='+00:00' */;
/*!40014 SET @OLD_UNIQUE_CHECKS=@@UNIQUE_CHECKS, UNIQUE_CHECKS=0 */;
/*!40014 SET @OLD_FOREIGN_KEY_CHECKS=@@FOREIGN_KEY_CHECKS, FOREIGN_KEY_CHECKS=0 */;
/*!40101 SET @OLD_SQL_MODE=@@SQL_MODE, SQL_MODE='NO_AUTO_VALUE_ON_ZERO' */;
/*!40111 SET @OLD_SQL_NOTES=@@SQL_NOTES, SQL_NOTES=0 */;

--
-- Table structure for table `accountdata`
--

DROP TABLE IF EXISTS `accountdata`;
/*!40101 SET @saved_cs_client     = @@character_set_client */;
/*!40101 SET character_set_client = utf8 */;
CREATE TABLE `accountdata` (
  `AccountID` int(11) NOT NULL,
  `AccountCode` varchar(50) DEFAULT NULL,
  `CompanyPath` varchar(100) DEFAULT NULL,
  `AccountERPCode` varchar(50) DEFAULT NULL,
  `AccountName` varchar(100) DEFAULT NULL,
  `AccountAddress1` varchar(255) DEFAULT NULL,
  `AccountAddress2` varchar(255) DEFAULT NULL,
  `AccountCity` varchar(100) DEFAULT NULL,
  `AccountProvince` int(11) DEFAULT NULL,
  `AccountZipCode` varchar(50) DEFAULT NULL,
  `AccountTelephone` varchar(50) DEFAULT NULL,
  `AccountFax` varchar(50) DEFAULT NULL,
  `AccountTaxID` varchar(50) DEFAULT NULL,
  `AccountRegisterID` varchar(50) DEFAULT NULL,
  `Ordering` smallint(6) NOT NULL,
  `Deleted` tinyint(4) NOT NULL,
  PRIMARY KEY (`AccountID`)
) ENGINE=InnoDB DEFAULT CHARSET=tis620;
/*!40101 SET character_set_client = @saved_cs_client */;

--
-- Dumping data for table `accountdata`
--

LOCK TABLES `accountdata` WRITE;
/*!40000 ALTER TABLE `accountdata` DISABLE KEYS */;
/*!40000 ALTER TABLE `accountdata` ENABLE KEYS */;
UNLOCK TABLES;

--
-- Table structure for table `actiondatalog`
--

DROP TABLE IF EXISTS `actiondatalog`;
/*!40101 SET @saved_cs_client     = @@character_set_client */;
/*!40101 SET character_set_client = utf8 */;
CREATE TABLE `actiondatalog` (
  `ActionUDID` varchar(50) NOT NULL DEFAULT '',
  `ActionType` tinyint(4) NOT NULL DEFAULT '0',
  `ActionTime` datetime DEFAULT NULL,
  `KeyID1` int(11) NOT NULL DEFAULT '0',
  `KeyID2` int(11) NOT NULL DEFAULT '0',
  `KeyID3` int(11) NOT NULL DEFAULT '0',
  `KeyID4` int(11) NOT NULL DEFAULT '0',
  `KeyText` varchar(50) DEFAULT NULL,
  `ActionAtShopID` int(11) NOT NULL DEFAULT '0',
  `ActionNote` varchar(255) DEFAULT NULL,
  `ActionStaffID` int(11) NOT NULL DEFAULT '0',
  PRIMARY KEY (`ActionUDID`)
) ENGINE=InnoDB DEFAULT CHARSET=utf8;
/*!40101 SET character_set_client = @saved_cs_client */;

--
-- Dumping data for table `actiondatalog`
--

LOCK TABLES `actiondatalog` WRITE;
/*!40000 ALTER TABLE `actiondatalog` DISABLE KEYS */;
/*!40000 ALTER TABLE `actiondatalog` ENABLE KEYS */;
UNLOCK TABLES;

--
-- Table structure for table `actiondatatype`
--

DROP TABLE IF EXISTS `actiondatatype`;
/*!40101 SET @saved_cs_client     = @@character_set_client */;
/*!40101 SET character_set_client = utf8 */;
CREATE TABLE `actiondatatype` (
  `ActionType` tinyint(4) NOT NULL DEFAULT '0',
  `Description` varchar(100) DEFAULT NULL,
  PRIMARY KEY (`ActionType`)
) ENGINE=InnoDB DEFAULT CHARSET=utf8;
/*!40101 SET character_set_client = @saved_cs_client */;

--
-- Dumping data for table `actiondatatype`
--

LOCK TABLES `actiondatatype` WRITE;
/*!40000 ALTER TABLE `actiondatatype` DISABLE KEYS */;
INSERT INTO `actiondatatype` VALUES (1,'Add New Member'),(2,'Update Member Info'),(3,'Activate Member'),(4,'Delete Member'),(5,'Set Blacklist Member'),(6,'Import Member From File');
/*!40000 ALTER TABLE `actiondatatype` ENABLE KEYS */;
UNLOCK TABLES;

--
-- Table structure for table `adjustdocumenttypereference`
--

DROP TABLE IF EXISTS `adjustdocumenttypereference`;
/*!40101 SET @saved_cs_client     = @@character_set_client */;
/*!40101 SET character_set_client = utf8 */;
CREATE TABLE `adjustdocumenttypereference` (
  `DocumentTypeID` int(11) NOT NULL DEFAULT '0',
  `AdjustDocumentTypeID` int(11) NOT NULL DEFAULT '0',
  PRIMARY KEY (`DocumentTypeID`)
) ENGINE=InnoDB DEFAULT CHARSET=utf8;
/*!40101 SET character_set_client = @saved_cs_client */;

--
-- Dumping data for table `adjustdocumenttypereference`
--

LOCK TABLES `adjustdocumenttypereference` WRITE;
/*!40000 ALTER TABLE `adjustdocumenttypereference` DISABLE KEYS */;
INSERT INTO `adjustdocumenttypereference` VALUES (2,53),(10,54),(39,50);
/*!40000 ALTER TABLE `adjustdocumenttypereference` ENABLE KEYS */;
UNLOCK TABLES;

--
-- Table structure for table `bankname`
--

DROP TABLE IF EXISTS `bankname`;
/*!40101 SET @saved_cs_client     = @@character_set_client */;
/*!40101 SET character_set_client = utf8 */;
CREATE TABLE `bankname` (
  `BankNameID` int(11) NOT NULL DEFAULT '0',
  `BankName` varchar(100) DEFAULT NULL,
  `Deleted` tinyint(2) NOT NULL DEFAULT '0',
  PRIMARY KEY (`BankNameID`)
) ENGINE=InnoDB DEFAULT CHARSET=utf8;
/*!40101 SET character_set_client = @saved_cs_client */;

--
-- Dumping data for table `bankname`
--

LOCK TABLES `bankname` WRITE;
/*!40000 ALTER TABLE `bankname` DISABLE KEYS */;
INSERT INTO `bankname` VALUES (1,'กรุงเทพฯ',0),(2,'กสิกรไทย',0),(3,'ทหารไทย',0),(4,'กรุงไทย',0),(5,'ไทยพาณิชย์',0),(6,'เอเซีย',0),(7,'ซิตี้แบงค์',0),(8,'กรุงศรีอยุธยา',0),(9,'ยูโอบี',0),(10,'อื่นๆ',0);
/*!40000 ALTER TABLE `bankname` ENABLE KEYS */;
UNLOCK TABLES;

--
-- Table structure for table `barcodedetail`
--

DROP TABLE IF EXISTS `barcodedetail`;
/*!40101 SET @saved_cs_client     = @@character_set_client */;
/*!40101 SET character_set_client = utf8 */;
CREATE TABLE `barcodedetail` (
  `ProductID` int(11) NOT NULL DEFAULT '0',
  `MaterialID` int(11) NOT NULL DEFAULT '0',
  `ProductSupplierID` int(11) NOT NULL DEFAULT '0',
  `CompanyID` int(11) NOT NULL DEFAULT '0',
  `BarcodeProductType` tinyint(5) DEFAULT NULL,
  `BarcodeProductTypeName` varchar(150) DEFAULT NULL,
  `BarcodeExpireDate` date DEFAULT NULL,
  `BarcodeAmount` decimal(10,0) DEFAULT NULL,
  `BarcodeReferenceNumber` varchar(100) DEFAULT NULL,
  `InsertBy` int(11) DEFAULT NULL,
  `InsertDate` datetime DEFAULT NULL,
  `UpdateBy` int(11) DEFAULT NULL,
  `UpdateDate` datetime DEFAULT NULL,
  `ProductName1` varchar(150) DEFAULT NULL,
  `ProductName2` varchar(150) DEFAULT NULL,
  `ProductTypeText` varchar(300) DEFAULT NULL,
  `BarcodeUnit` varchar(150) DEFAULT NULL,
  PRIMARY KEY (`ProductID`,`MaterialID`)
) ENGINE=InnoDB DEFAULT CHARSET=utf8;
/*!40101 SET character_set_client = @saved_cs_client */;

--
-- Dumping data for table `barcodedetail`
--

LOCK TABLES `barcodedetail` WRITE;
/*!40000 ALTER TABLE `barcodedetail` DISABLE KEYS */;
/*!40000 ALTER TABLE `barcodedetail` ENABLE KEYS */;
UNLOCK TABLES;

--
-- Table structure for table `barcodesupplierinfo`
--

DROP TABLE IF EXISTS `barcodesupplierinfo`;
/*!40101 SET @saved_cs_client     = @@character_set_client */;
/*!40101 SET character_set_client = utf8 */;
CREATE TABLE `barcodesupplierinfo` (
  `BarcodeSupplierID` int(11) NOT NULL DEFAULT '0',
  `SupplierName` varchar(150) DEFAULT NULL,
  `SupplierInfo` varchar(300) DEFAULT NULL,
  `InsertBy` int(11) DEFAULT NULL,
  `InsertDate` datetime DEFAULT NULL,
  `UpdateBy` int(11) DEFAULT NULL,
  `UpdateDate` datetime DEFAULT NULL,
  `Deleted` tinyint(2) DEFAULT NULL,
  PRIMARY KEY (`BarcodeSupplierID`)
) ENGINE=InnoDB DEFAULT CHARSET=utf8;
/*!40101 SET character_set_client = @saved_cs_client */;

--
-- Dumping data for table `barcodesupplierinfo`
--

LOCK TABLES `barcodesupplierinfo` WRITE;
/*!40000 ALTER TABLE `barcodesupplierinfo` DISABLE KEYS */;
/*!40000 ALTER TABLE `barcodesupplierinfo` ENABLE KEYS */;
UNLOCK TABLES;

--
-- Table structure for table `budgetproduct`
--

DROP TABLE IF EXISTS `budgetproduct`;
/*!40101 SET @saved_cs_client     = @@character_set_client */;
/*!40101 SET character_set_client = utf8 */;
CREATE TABLE `budgetproduct` (
  `BudgetMonth` tinyint(4) NOT NULL DEFAULT '0',
  `BudgetYear` smallint(6) NOT NULL DEFAULT '0',
  `ProductID` int(11) NOT NULL DEFAULT '0',
  `BudgetAmount` decimal(18,2) NOT NULL DEFAULT '0.00',
  PRIMARY KEY (`BudgetMonth`,`BudgetYear`,`ProductID`)
) ENGINE=InnoDB DEFAULT CHARSET=utf8;
/*!40101 SET character_set_client = @saved_cs_client */;

--
-- Dumping data for table `budgetproduct`
--

LOCK TABLES `budgetproduct` WRITE;
/*!40000 ALTER TABLE `budgetproduct` DISABLE KEYS */;
/*!40000 ALTER TABLE `budgetproduct` ENABLE KEYS */;
UNLOCK TABLES;

--
-- Table structure for table `budgetproductdept`
--

DROP TABLE IF EXISTS `budgetproductdept`;
/*!40101 SET @saved_cs_client     = @@character_set_client */;
/*!40101 SET character_set_client = utf8 */;
CREATE TABLE `budgetproductdept` (
  `BudgetMonth` tinyint(4) NOT NULL DEFAULT '0',
  `BudgetYear` smallint(6) NOT NULL DEFAULT '0',
  `ProductDeptID` int(11) NOT NULL DEFAULT '0',
  `BudgetAmount` decimal(18,2) NOT NULL DEFAULT '0.00',
  PRIMARY KEY (`BudgetMonth`,`BudgetYear`,`ProductDeptID`)
) ENGINE=InnoDB DEFAULT CHARSET=utf8;
/*!40101 SET character_set_client = @saved_cs_client */;

--
-- Dumping data for table `budgetproductdept`
--

LOCK TABLES `budgetproductdept` WRITE;
/*!40000 ALTER TABLE `budgetproductdept` DISABLE KEYS */;
/*!40000 ALTER TABLE `budgetproductdept` ENABLE KEYS */;
UNLOCK TABLES;

--
-- Table structure for table `budgetproductgroup`
--

DROP TABLE IF EXISTS `budgetproductgroup`;
/*!40101 SET @saved_cs_client     = @@character_set_client */;
/*!40101 SET character_set_client = utf8 */;
CREATE TABLE `budgetproductgroup` (
  `BudgetMonth` tinyint(4) NOT NULL DEFAULT '0',
  `BudgetYear` smallint(6) NOT NULL DEFAULT '0',
  `ProductGroupID` int(11) NOT NULL DEFAULT '0',
  `BudgetAmount` decimal(18,2) NOT NULL DEFAULT '0.00',
  PRIMARY KEY (`BudgetMonth`,`BudgetYear`,`ProductGroupID`)
) ENGINE=InnoDB DEFAULT CHARSET=utf8;
/*!40101 SET character_set_client = @saved_cs_client */;

--
-- Dumping data for table `budgetproductgroup`
--

LOCK TABLES `budgetproductgroup` WRITE;
/*!40000 ALTER TABLE `budgetproductgroup` DISABLE KEYS */;
/*!40000 ALTER TABLE `budgetproductgroup` ENABLE KEYS */;
UNLOCK TABLES;

--
-- Table structure for table `buffetchangetimehistory`
--

DROP TABLE IF EXISTS `buffetchangetimehistory`;
/*!40101 SET @saved_cs_client     = @@character_set_client */;
/*!40101 SET character_set_client = utf8 */;
CREATE TABLE `buffetchangetimehistory` (
  `HistoryID` int(11) NOT NULL DEFAULT '0',
  `TransactionID` int(11) NOT NULL DEFAULT '0',
  `ComputerID` int(11) NOT NULL DEFAULT '0',
  `ProductLevelID` int(11) NOT NULL DEFAULT '0',
  `StaffID` int(11) NOT NULL DEFAULT '0',
  `ChangeDateTime` datetime DEFAULT NULL,
  `SetBuffetStartTime` datetime DEFAULT NULL,
  `SetBuffetEndTime` datetime DEFAULT NULL,
  `RemarkChangeTime` varchar(200) DEFAULT NULL,
  PRIMARY KEY (`HistoryID`,`ProductLevelID`)
) ENGINE=InnoDB DEFAULT CHARSET=tis620;
/*!40101 SET character_set_client = @saved_cs_client */;

--
-- Dumping data for table `buffetchangetimehistory`
--

LOCK TABLES `buffetchangetimehistory` WRITE;
/*!40000 ALTER TABLE `buffetchangetimehistory` DISABLE KEYS */;
/*!40000 ALTER TABLE `buffetchangetimehistory` ENABLE KEYS */;
UNLOCK TABLES;

--
-- Table structure for table `buffetfeaturetype`
--

DROP TABLE IF EXISTS `buffetfeaturetype`;
/*!40101 SET @saved_cs_client     = @@character_set_client */;
/*!40101 SET character_set_client = utf8 */;
CREATE TABLE `buffetfeaturetype` (
  `BuffetTypeID` tinyint(4) NOT NULL DEFAULT '0',
  `Description` varchar(100) DEFAULT NULL,
  PRIMARY KEY (`BuffetTypeID`)
) ENGINE=InnoDB DEFAULT CHARSET=utf8;
/*!40101 SET character_set_client = @saved_cs_client */;

--
-- Dumping data for table `buffetfeaturetype`
--

LOCK TABLES `buffetfeaturetype` WRITE;
/*!40000 ALTER TABLE `buffetfeaturetype` DISABLE KEYS */;
INSERT INTO `buffetfeaturetype` VALUES (1,'Begin Time When Open Table Time.'),(2,'Begin Time When First Order Finish.'),(3,'Begin Time When First Submit Order');
/*!40000 ALTER TABLE `buffetfeaturetype` ENABLE KEYS */;
UNLOCK TABLES;

--
-- Table structure for table `cashinouttype`
--

DROP TABLE IF EXISTS `cashinouttype`;
/*!40101 SET @saved_cs_client     = @@character_set_client */;
/*!40101 SET character_set_client = utf8 */;
CREATE TABLE `cashinouttype` (
  `CashInOutType` tinyint(4) NOT NULL DEFAULT '0',
  `CashInOutMovement` tinyint(4) NOT NULL DEFAULT '0',
  `Description` varchar(100) DEFAULT NULL,
  PRIMARY KEY (`CashInOutType`)
) ENGINE=InnoDB DEFAULT CHARSET=utf8;
/*!40101 SET character_set_client = @saved_cs_client */;

--
-- Dumping data for table `cashinouttype`
--

LOCK TABLES `cashinouttype` WRITE;
/*!40000 ALTER TABLE `cashinouttype` DISABLE KEYS */;
INSERT INTO `cashinouttype` VALUES (1,-1,'Cash Out of CashDrawer'),(2,1,'Cash In to CashDrawer'),(3,-1,'Petty Cash Out'),(4,1,'Petty Cash In'),(5,-1,'Deposit Cash.');
/*!40000 ALTER TABLE `cashinouttype` ENABLE KEYS */;
UNLOCK TABLES;

--
-- Table structure for table `cashoutorderdetail`
--

DROP TABLE IF EXISTS `cashoutorderdetail`;
/*!40101 SET @saved_cs_client     = @@character_set_client */;
/*!40101 SET character_set_client = utf8 */;
CREATE TABLE `cashoutorderdetail` (
  `TransactionID` int(11) NOT NULL DEFAULT '0',
  `ComputerID` int(11) NOT NULL DEFAULT '0',
  `OrderDetailID` int(11) NOT NULL DEFAULT '0',
  `ProductID` int(11) NOT NULL DEFAULT '0',
  `ProductCode` varchar(50) DEFAULT NULL,
  `ProductName` varchar(100) DEFAULT NULL,
  `CashOutPrice` decimal(18,4) NOT NULL DEFAULT '0.0000',
  `CashOutAmount` int(11) NOT NULL DEFAULT '1',
  `CashOutType` tinyint(4) NOT NULL DEFAULT '0',
  `OrderStatusID` int(11) NOT NULL DEFAULT '0',
  `OrderNote` varchar(200) DEFAULT NULL,
  PRIMARY KEY (`TransactionID`,`ComputerID`,`OrderDetailID`),
  KEY `LinkIndex` (`TransactionID`,`ComputerID`)
) ENGINE=InnoDB DEFAULT CHARSET=utf8;
/*!40101 SET character_set_client = @saved_cs_client */;

--
-- Dumping data for table `cashoutorderdetail`
--

LOCK TABLES `cashoutorderdetail` WRITE;
/*!40000 ALTER TABLE `cashoutorderdetail` DISABLE KEYS */;
/*!40000 ALTER TABLE `cashoutorderdetail` ENABLE KEYS */;
UNLOCK TABLES;

--
-- Table structure for table `cashoutordertransaction`
--

DROP TABLE IF EXISTS `cashoutordertransaction`;
/*!40101 SET @saved_cs_client     = @@character_set_client */;
/*!40101 SET character_set_client = utf8 */;
CREATE TABLE `cashoutordertransaction` (
  `TransactionID` int(11) NOT NULL DEFAULT '0',
  `ComputerID` int(11) NOT NULL DEFAULT '0',
  `SessionID` int(11) NOT NULL DEFAULT '0',
  `CashOutDate` date DEFAULT NULL,
  `CashOutStaffID` int(11) NOT NULL DEFAULT '0',
  `CashOutDateTime` datetime DEFAULT NULL,
  `TotalCashOutPrice` decimal(18,4) NOT NULL DEFAULT '0.0000',
  `TransactionStatusID` int(11) NOT NULL DEFAULT '0',
  `CashMovement` tinyint(4) NOT NULL DEFAULT '1',
  `ShopID` int(11) NOT NULL DEFAULT '0',
  `DocType` int(11) NOT NULL DEFAULT '9',
  `ReceiptYear` smallint(6) NOT NULL DEFAULT '0',
  `ReceiptMonth` tinyint(4) NOT NULL DEFAULT '0',
  `ReceiptID` int(11) NOT NULL DEFAULT '0',
  `TransactionNote` text,
  `CashOutReference` varchar(100) DEFAULT NULL,
  `VoidStaffID` int(11) NOT NULL DEFAULT '0',
  `VoidReason` text,
  `VoidDateTime` datetime DEFAULT NULL,
  `UpdateDate` datetime DEFAULT NULL,
  `ReferenceTransactionID` int(11) NOT NULL DEFAULT '0',
  `ReferenceComputerID` int(11) NOT NULL DEFAULT '0',
  PRIMARY KEY (`TransactionID`,`ComputerID`),
  KEY `SessionIndex` (`SessionID`,`ComputerID`)
) ENGINE=InnoDB DEFAULT CHARSET=utf8;
/*!40101 SET character_set_client = @saved_cs_client */;

--
-- Dumping data for table `cashoutordertransaction`
--

LOCK TABLES `cashoutordertransaction` WRITE;
/*!40000 ALTER TABLE `cashoutordertransaction` DISABLE KEYS */;
/*!40000 ALTER TABLE `cashoutordertransaction` ENABLE KEYS */;
UNLOCK TABLES;

--
-- Table structure for table `cashoutproductdept`
--

DROP TABLE IF EXISTS `cashoutproductdept`;
/*!40101 SET @saved_cs_client     = @@character_set_client */;
/*!40101 SET character_set_client = utf8 */;
CREATE TABLE `cashoutproductdept` (
  `ProductDeptID` int(11) NOT NULL DEFAULT '0',
  `ProductDeptCode` varchar(50) DEFAULT NULL,
  `ProductDeptName` varchar(100) DEFAULT NULL,
  `CashMovement` tinyint(4) NOT NULL DEFAULT '1',
  `Deleted` tinyint(4) NOT NULL DEFAULT '0',
  `ProductDeptOrdering` int(11) NOT NULL DEFAULT '0',
  PRIMARY KEY (`ProductDeptID`)
) ENGINE=InnoDB DEFAULT CHARSET=utf8;
/*!40101 SET character_set_client = @saved_cs_client */;

--
-- Dumping data for table `cashoutproductdept`
--

LOCK TABLES `cashoutproductdept` WRITE;
/*!40000 ALTER TABLE `cashoutproductdept` DISABLE KEYS */;
INSERT INTO `cashoutproductdept` VALUES (1,'1','Cash OUT',-1,0,1),(2,'2','Cash IN',1,0,2);
/*!40000 ALTER TABLE `cashoutproductdept` ENABLE KEYS */;
UNLOCK TABLES;

--
-- Table structure for table `cashoutproducts`
--

DROP TABLE IF EXISTS `cashoutproducts`;
/*!40101 SET @saved_cs_client     = @@character_set_client */;
/*!40101 SET character_set_client = utf8 */;
CREATE TABLE `cashoutproducts` (
  `ProductID` int(11) NOT NULL DEFAULT '0',
  `ProductDeptID` int(11) NOT NULL DEFAULT '0',
  `ProductCode` varchar(50) DEFAULT NULL,
  `ProductName` varchar(100) DEFAULT NULL,
  `CashoutType` tinyint(4) NOT NULL DEFAULT '0',
  `Deleted` tinyint(4) NOT NULL DEFAULT '0',
  `InsertDate` datetime DEFAULT NULL,
  `UpdateDate` datetime DEFAULT NULL,
  `ProductDesp` text,
  `ProductOrdering` int(11) NOT NULL DEFAULT '0',
  PRIMARY KEY (`ProductID`)
) ENGINE=InnoDB DEFAULT CHARSET=utf8;
/*!40101 SET character_set_client = @saved_cs_client */;

--
-- Dumping data for table `cashoutproducts`
--

LOCK TABLES `cashoutproducts` WRITE;
/*!40000 ALTER TABLE `cashoutproducts` DISABLE KEYS */;
INSERT INTO `cashoutproducts` VALUES (1,1,'01','Cash Out(นำเงินออก)',-1,0,'2011-12-20 16:10:19','2014-01-22 18:30:54','',1),(2,2,'201','Cash IN(นำเงินเข้า)',1,0,'2014-01-22 18:31:28','2014-01-22 18:31:28','',0);
/*!40000 ALTER TABLE `cashoutproducts` ENABLE KEYS */;
UNLOCK TABLES;

--
-- Table structure for table `changereturnorderdetaillink`
--

DROP TABLE IF EXISTS `changereturnorderdetaillink`;
/*!40101 SET @saved_cs_client     = @@character_set_client */;
/*!40101 SET character_set_client = utf8 */;
CREATE TABLE `changereturnorderdetaillink` (
  `ChangeTransactionID` int(11) NOT NULL DEFAULT '0',
  `ChangeComputerID` int(11) NOT NULL DEFAULT '0',
  `ChangeOrderDetailID` int(11) NOT NULL DEFAULT '0',
  `FromTransactionID` int(11) NOT NULL DEFAULT '0',
  `FromComputerID` int(11) NOT NULL DEFAULT '0',
  `FromOrderDetailID` int(11) NOT NULL DEFAULT '0',
  `ProductID` int(11) NOT NULL DEFAULT '0',
  `OtherProductName` varchar(100) DEFAULT NULL,
  `Amount` decimal(18,4) NOT NULL DEFAULT '0.0000',
  `SalePrice` decimal(18,4) NOT NULL DEFAULT '0.0000',
  PRIMARY KEY (`ChangeTransactionID`,`ChangeComputerID`,`ChangeOrderDetailID`,`FromTransactionID`,`FromComputerID`,`FromOrderDetailID`)
) ENGINE=InnoDB DEFAULT CHARSET=tis620;
/*!40101 SET character_set_client = @saved_cs_client */;

--
-- Dumping data for table `changereturnorderdetaillink`
--

LOCK TABLES `changereturnorderdetaillink` WRITE;
/*!40000 ALTER TABLE `changereturnorderdetaillink` DISABLE KEYS */;
/*!40000 ALTER TABLE `changereturnorderdetaillink` ENABLE KEYS */;
UNLOCK TABLES;

--
-- Table structure for table `changereturntransactionlink`
--

DROP TABLE IF EXISTS `changereturntransactionlink`;
/*!40101 SET @saved_cs_client     = @@character_set_client */;
/*!40101 SET character_set_client = utf8 */;
CREATE TABLE `changereturntransactionlink` (
  `ChangeTransactionID` int(11) NOT NULL DEFAULT '0',
  `ChangeComputerID` int(11) NOT NULL DEFAULT '0',
  `FromTransactionID` int(11) NOT NULL DEFAULT '0',
  `FromComputerID` int(11) NOT NULL DEFAULT '0',
  `ChangeNote` text,
  `ShopID` int(11) NOT NULL DEFAULT '0',
  `ChangeDate` date DEFAULT NULL,
  `UpdateDate` datetime DEFAULT NULL,
  PRIMARY KEY (`ChangeTransactionID`,`ChangeComputerID`)
) ENGINE=InnoDB DEFAULT CHARSET=tis620;
/*!40101 SET character_set_client = @saved_cs_client */;

--
-- Dumping data for table `changereturntransactionlink`
--

LOCK TABLES `changereturntransactionlink` WRITE;
/*!40000 ALTER TABLE `changereturntransactionlink` DISABLE KEYS */;
/*!40000 ALTER TABLE `changereturntransactionlink` ENABLE KEYS */;
UNLOCK TABLES;

--
-- Table structure for table `checkeraccessprinter`
--

DROP TABLE IF EXISTS `checkeraccessprinter`;
/*!40101 SET @saved_cs_client     = @@character_set_client */;
/*!40101 SET character_set_client = utf8 */;
CREATE TABLE `checkeraccessprinter` (
  `ComputerID` int(11) NOT NULL DEFAULT '0',
  `PrinterID` int(11) NOT NULL DEFAULT '0',
  PRIMARY KEY (`ComputerID`,`PrinterID`)
) ENGINE=InnoDB DEFAULT CHARSET=utf8;
/*!40101 SET character_set_client = @saved_cs_client */;

--
-- Dumping data for table `checkeraccessprinter`
--

LOCK TABLES `checkeraccessprinter` WRITE;
/*!40000 ALTER TABLE `checkeraccessprinter` DISABLE KEYS */;
/*!40000 ALTER TABLE `checkeraccessprinter` ENABLE KEYS */;
UNLOCK TABLES;

--
-- Table structure for table `checkertype`
--

DROP TABLE IF EXISTS `checkertype`;
/*!40101 SET @saved_cs_client     = @@character_set_client */;
/*!40101 SET character_set_client = utf8 */;
CREATE TABLE `checkertype` (
  `CheckerTypeID` tinyint(4) NOT NULL DEFAULT '0',
  `Description` varchar(100) DEFAULT NULL,
  PRIMARY KEY (`CheckerTypeID`)
) ENGINE=InnoDB DEFAULT CHARSET=utf8;
/*!40101 SET character_set_client = @saved_cs_client */;

--
-- Dumping data for table `checkertype`
--

LOCK TABLES `checkertype` WRITE;
/*!40000 ALTER TABLE `checkertype` DISABLE KEYS */;
INSERT INTO `checkertype` VALUES (1,'Check Move OrderProcess Data At Close Bill'),(2,'Checker Move OrderProcess Data At End Day'),(3,'KDS Station (KDS_OrderProcess)');
/*!40000 ALTER TABLE `checkertype` ENABLE KEYS */;
UNLOCK TABLES;

--
-- Table structure for table `coderesettype`
--

DROP TABLE IF EXISTS `coderesettype`;
/*!40101 SET @saved_cs_client     = @@character_set_client */;
/*!40101 SET character_set_client = utf8 */;
CREATE TABLE `coderesettype` (
  `ResetType` tinyint(4) NOT NULL DEFAULT '0',
  `Description` varchar(50) DEFAULT NULL,
  PRIMARY KEY (`ResetType`)
) ENGINE=InnoDB DEFAULT CHARSET=utf8;
/*!40101 SET character_set_client = @saved_cs_client */;

--
-- Dumping data for table `coderesettype`
--

LOCK TABLES `coderesettype` WRITE;
/*!40000 ALTER TABLE `coderesettype` DISABLE KEYS */;
INSERT INTO `coderesettype` VALUES (0,'No Reset'),(1,'ResetEveryMonth'),(2,'ResetEveryYear');
/*!40000 ALTER TABLE `coderesettype` ENABLE KEYS */;
UNLOCK TABLES;

--
-- Table structure for table `codesettingtype`
--

DROP TABLE IF EXISTS `codesettingtype`;
/*!40101 SET @saved_cs_client     = @@character_set_client */;
/*!40101 SET character_set_client = utf8 */;
CREATE TABLE `codesettingtype` (
  `SettingType` tinyint(4) NOT NULL DEFAULT '0',
  `Description` varchar(50) DEFAULT NULL,
  PRIMARY KEY (`SettingType`)
) ENGINE=InnoDB DEFAULT CHARSET=utf8;
/*!40101 SET character_set_client = @saved_cs_client */;

--
-- Dumping data for table `codesettingtype`
--

LOCK TABLES `codesettingtype` WRITE;
/*!40000 ALTER TABLE `codesettingtype` DISABLE KEYS */;
INSERT INTO `codesettingtype` VALUES (0,'Manual'),(1,'Year-Month'),(2,'Month-Year'),(3,'Year'),(4,'No Month-Year'),(5,'ShopCode No Year-Month'),(6,'Manual All Integer');
/*!40000 ALTER TABLE `codesettingtype` ENABLE KEYS */;
UNLOCK TABLES;

--
-- Table structure for table `commcompensate_temp`
--

DROP TABLE IF EXISTS `commcompensate_temp`;
/*!40101 SET @saved_cs_client     = @@character_set_client */;
/*!40101 SET character_set_client = utf8 */;
CREATE TABLE `commcompensate_temp` (
  `SaleDate` date DEFAULT NULL,
  `StaffID` int(11) NOT NULL DEFAULT '0',
  `MinPerDay` decimal(18,4) DEFAULT NULL,
  `CommValue` decimal(18,4) DEFAULT NULL,
  `CompensateAmount` decimal(18,4) DEFAULT NULL,
  `SessionID` varchar(30) DEFAULT NULL,
  `ProductLevelID` int(11) NOT NULL DEFAULT '0'
) ENGINE=InnoDB DEFAULT CHARSET=utf8;
/*!40101 SET character_set_client = @saved_cs_client */;

--
-- Dumping data for table `commcompensate_temp`
--

LOCK TABLES `commcompensate_temp` WRITE;
/*!40000 ALTER TABLE `commcompensate_temp` DISABLE KEYS */;
/*!40000 ALTER TABLE `commcompensate_temp` ENABLE KEYS */;
UNLOCK TABLES;

--
-- Table structure for table `commission`
--

DROP TABLE IF EXISTS `commission`;
/*!40101 SET @saved_cs_client     = @@character_set_client */;
/*!40101 SET character_set_client = utf8 */;
CREATE TABLE `commission` (
  `CommissionID` int(11) NOT NULL AUTO_INCREMENT,
  `TypeID` tinyint(4) NOT NULL DEFAULT '0',
  `CommissionName` varchar(100) DEFAULT NULL,
  `FromDate` datetime DEFAULT NULL,
  `ToDate` datetime DEFAULT NULL,
  `FromTime` datetime DEFAULT NULL,
  `ToTime` datetime DEFAULT NULL,
  `ShopPercent` decimal(10,2) NOT NULL DEFAULT '0.00',
  `StaffPercent` decimal(10,2) NOT NULL DEFAULT '0.00',
  `WeeklyString` varchar(50) DEFAULT NULL,
  `MonthlyString` varchar(100) DEFAULT NULL,
  `BasedSalary` tinyint(2) NOT NULL DEFAULT '0',
  `Activated` tinyint(2) NOT NULL DEFAULT '0',
  `InputBy` int(11) DEFAULT '0',
  `UpdateBy` int(11) DEFAULT '0',
  `InsertDate` datetime NOT NULL DEFAULT '0000-00-00 00:00:00',
  `UpdateDate` datetime NOT NULL DEFAULT '0000-00-00 00:00:00',
  `CommStaffType` tinyint(4) NOT NULL DEFAULT '0',
  `BasedOn` tinyint(4) NOT NULL DEFAULT '0',
  PRIMARY KEY (`CommissionID`)
) ENGINE=InnoDB DEFAULT CHARSET=utf8;
/*!40101 SET character_set_client = @saved_cs_client */;

--
-- Dumping data for table `commission`
--

LOCK TABLES `commission` WRITE;
/*!40000 ALTER TABLE `commission` DISABLE KEYS */;
/*!40000 ALTER TABLE `commission` ENABLE KEYS */;
UNLOCK TABLES;

--
-- Table structure for table `commissionlevels`
--

DROP TABLE IF EXISTS `commissionlevels`;
/*!40101 SET @saved_cs_client     = @@character_set_client */;
/*!40101 SET character_set_client = utf8 */;
CREATE TABLE `commissionlevels` (
  `CommLevelID` int(11) NOT NULL AUTO_INCREMENT,
  `CommissionID` int(11) NOT NULL DEFAULT '0',
  `CommLevelStart` decimal(18,2) NOT NULL DEFAULT '0.00',
  `CommLevelEnd` decimal(18,2) NOT NULL DEFAULT '0.00',
  `CommLevelPercent` decimal(18,2) NOT NULL DEFAULT '0.00',
  `CommLevelOverPercent` decimal(18,2) NOT NULL DEFAULT '0.00',
  `CommExtra` decimal(18,2) NOT NULL DEFAULT '0.00',
  `CommExtraAOrP` tinyint(2) NOT NULL DEFAULT '0',
  PRIMARY KEY (`CommLevelID`)
) ENGINE=InnoDB DEFAULT CHARSET=utf8;
/*!40101 SET character_set_client = @saved_cs_client */;

--
-- Dumping data for table `commissionlevels`
--

LOCK TABLES `commissionlevels` WRITE;
/*!40000 ALTER TABLE `commissionlevels` DISABLE KEYS */;
/*!40000 ALTER TABLE `commissionlevels` ENABLE KEYS */;
UNLOCK TABLES;

--
-- Table structure for table `commissionminimum`
--

DROP TABLE IF EXISTS `commissionminimum`;
/*!40101 SET @saved_cs_client     = @@character_set_client */;
/*!40101 SET character_set_client = utf8 */;
CREATE TABLE `commissionminimum` (
  `ProductLevelID` int(11) NOT NULL DEFAULT '0',
  `ProductID` int(11) NOT NULL DEFAULT '0',
  `MinimumAmount` decimal(18,2) NOT NULL DEFAULT '0.00',
  PRIMARY KEY (`ProductLevelID`,`ProductID`)
) ENGINE=InnoDB DEFAULT CHARSET=utf8;
/*!40101 SET character_set_client = @saved_cs_client */;

--
-- Dumping data for table `commissionminimum`
--

LOCK TABLES `commissionminimum` WRITE;
/*!40000 ALTER TABLE `commissionminimum` DISABLE KEYS */;
/*!40000 ALTER TABLE `commissionminimum` ENABLE KEYS */;
UNLOCK TABLES;

--
-- Table structure for table `commissionproducts`
--

DROP TABLE IF EXISTS `commissionproducts`;
/*!40101 SET @saved_cs_client     = @@character_set_client */;
/*!40101 SET character_set_client = utf8 */;
CREATE TABLE `commissionproducts` (
  `CommissionID` int(11) NOT NULL DEFAULT '0',
  `ProductID` int(11) NOT NULL DEFAULT '0',
  `CommAmount` decimal(18,2) NOT NULL DEFAULT '0.00',
  `CommPercent` decimal(18,2) NOT NULL DEFAULT '0.00',
  `AmountOrPercent` tinyint(2) NOT NULL DEFAULT '0',
  PRIMARY KEY (`CommissionID`,`ProductID`)
) ENGINE=InnoDB DEFAULT CHARSET=utf8;
/*!40101 SET character_set_client = @saved_cs_client */;

--
-- Dumping data for table `commissionproducts`
--

LOCK TABLES `commissionproducts` WRITE;
/*!40000 ALTER TABLE `commissionproducts` DISABLE KEYS */;
/*!40000 ALTER TABLE `commissionproducts` ENABLE KEYS */;
UNLOCK TABLES;

--
-- Table structure for table `commissionproducts_temp`
--

DROP TABLE IF EXISTS `commissionproducts_temp`;
/*!40101 SET @saved_cs_client     = @@character_set_client */;
/*!40101 SET character_set_client = utf8 */;
CREATE TABLE `commissionproducts_temp` (
  `CommissionID` int(11) NOT NULL DEFAULT '0',
  `ProductID` int(11) NOT NULL DEFAULT '0',
  `CommAmount` decimal(18,2) NOT NULL DEFAULT '0.00',
  `CommPercent` decimal(18,2) NOT NULL DEFAULT '0.00',
  `AmountOrPercent` tinyint(2) NOT NULL DEFAULT '0',
  PRIMARY KEY (`CommissionID`,`ProductID`)
) ENGINE=InnoDB DEFAULT CHARSET=utf8;
/*!40101 SET character_set_client = @saved_cs_client */;

--
-- Dumping data for table `commissionproducts_temp`
--

LOCK TABLES `commissionproducts_temp` WRITE;
/*!40000 ALTER TABLE `commissionproducts_temp` DISABLE KEYS */;
/*!40000 ALTER TABLE `commissionproducts_temp` ENABLE KEYS */;
UNLOCK TABLES;

--
-- Table structure for table `commissionsalestaff`
--

DROP TABLE IF EXISTS `commissionsalestaff`;
/*!40101 SET @saved_cs_client     = @@character_set_client */;
/*!40101 SET character_set_client = utf8 */;
CREATE TABLE `commissionsalestaff` (
  `TransactionID` int(11) NOT NULL DEFAULT '0',
  `ComputerID` int(11) NOT NULL DEFAULT '0',
  `StaffID` int(11) NOT NULL DEFAULT '0',
  PRIMARY KEY (`TransactionID`,`ComputerID`,`StaffID`)
) ENGINE=InnoDB DEFAULT CHARSET=utf8;
/*!40101 SET character_set_client = @saved_cs_client */;

--
-- Dumping data for table `commissionsalestaff`
--

LOCK TABLES `commissionsalestaff` WRITE;
/*!40000 ALTER TABLE `commissionsalestaff` DISABLE KEYS */;
/*!40000 ALTER TABLE `commissionsalestaff` ENABLE KEYS */;
UNLOCK TABLES;

--
-- Table structure for table `commissionsalestafffront`
--

DROP TABLE IF EXISTS `commissionsalestafffront`;
/*!40101 SET @saved_cs_client     = @@character_set_client */;
/*!40101 SET character_set_client = utf8 */;
CREATE TABLE `commissionsalestafffront` (
  `TransactionID` int(11) NOT NULL DEFAULT '0',
  `ComputerID` int(11) NOT NULL DEFAULT '0',
  `StaffID` int(11) NOT NULL DEFAULT '0',
  PRIMARY KEY (`TransactionID`,`ComputerID`,`StaffID`)
) ENGINE=InnoDB DEFAULT CHARSET=utf8;
/*!40101 SET character_set_client = @saved_cs_client */;

--
-- Dumping data for table `commissionsalestafffront`
--

LOCK TABLES `commissionsalestafffront` WRITE;
/*!40000 ALTER TABLE `commissionsalestafffront` DISABLE KEYS */;
/*!40000 ALTER TABLE `commissionsalestafffront` ENABLE KEYS */;
UNLOCK TABLES;

--
-- Table structure for table `commissionshoplink`
--

DROP TABLE IF EXISTS `commissionshoplink`;
/*!40101 SET @saved_cs_client     = @@character_set_client */;
/*!40101 SET character_set_client = utf8 */;
CREATE TABLE `commissionshoplink` (
  `CommissionID` int(11) NOT NULL DEFAULT '0',
  `ShopID` int(11) NOT NULL DEFAULT '0',
  PRIMARY KEY (`CommissionID`,`ShopID`)
) ENGINE=InnoDB DEFAULT CHARSET=tis620;
/*!40101 SET character_set_client = @saved_cs_client */;

--
-- Dumping data for table `commissionshoplink`
--

LOCK TABLES `commissionshoplink` WRITE;
/*!40000 ALTER TABLE `commissionshoplink` DISABLE KEYS */;
/*!40000 ALTER TABLE `commissionshoplink` ENABLE KEYS */;
UNLOCK TABLES;

--
-- Table structure for table `commissionstaff`
--

DROP TABLE IF EXISTS `commissionstaff`;
/*!40101 SET @saved_cs_client     = @@character_set_client */;
/*!40101 SET character_set_client = utf8 */;
CREATE TABLE `commissionstaff` (
  `CommissionID` int(11) NOT NULL DEFAULT '0',
  `StaffID` int(11) NOT NULL DEFAULT '0',
  PRIMARY KEY (`CommissionID`,`StaffID`)
) ENGINE=InnoDB DEFAULT CHARSET=utf8;
/*!40101 SET character_set_client = @saved_cs_client */;

--
-- Dumping data for table `commissionstaff`
--

LOCK TABLES `commissionstaff` WRITE;
/*!40000 ALTER TABLE `commissionstaff` DISABLE KEYS */;
/*!40000 ALTER TABLE `commissionstaff` ENABLE KEYS */;
UNLOCK TABLES;

--
-- Table structure for table `commissiontype`
--

DROP TABLE IF EXISTS `commissiontype`;
/*!40101 SET @saved_cs_client     = @@character_set_client */;
/*!40101 SET character_set_client = utf8 */;
CREATE TABLE `commissiontype` (
  `TypeID` tinyint(4) NOT NULL DEFAULT '0',
  `Description` varchar(50) DEFAULT NULL,
  PRIMARY KEY (`TypeID`)
) ENGINE=InnoDB DEFAULT CHARSET=utf8;
/*!40101 SET character_set_client = @saved_cs_client */;

--
-- Dumping data for table `commissiontype`
--

LOCK TABLES `commissiontype` WRITE;
/*!40000 ALTER TABLE `commissiontype` DISABLE KEYS */;
INSERT INTO `commissiontype` VALUES (1,'Shop/Staff Sharing'),(2,'Item Commission'),(3,'Commission Level');
/*!40000 ALTER TABLE `commissiontype` ENABLE KEYS */;
UNLOCK TABLES;

--
-- Table structure for table `commreports`
--

DROP TABLE IF EXISTS `commreports`;
/*!40101 SET @saved_cs_client     = @@character_set_client */;
/*!40101 SET character_set_client = utf8 */;
CREATE TABLE `commreports` (
  `CommissionID` int(11) NOT NULL DEFAULT '0',
  `CommStaffType` tinyint(4) NOT NULL DEFAULT '0',
  `SessionID` varchar(30) NOT NULL DEFAULT '',
  `StaffID` int(11) NOT NULL DEFAULT '0',
  `StaffRoleID` int(11) DEFAULT NULL,
  `StaffRoleName` varchar(50) DEFAULT NULL,
  `StaffFirstName` varchar(50) DEFAULT NULL,
  `StaffLastName` varchar(50) DEFAULT NULL,
  `SalePrice` decimal(18,4) NOT NULL DEFAULT '0.0000',
  `ProductID` int(11) NOT NULL DEFAULT '0',
  `Amount` int(11) NOT NULL DEFAULT '0',
  `SaleDate` datetime DEFAULT NULL,
  `StartTime` datetime DEFAULT NULL,
  `DurationTime` int(11) NOT NULL DEFAULT '0',
  `TotalStaff` tinyint(4) NOT NULL DEFAULT '1',
  `ProductLevelID` int(11) NOT NULL DEFAULT '0'
) ENGINE=InnoDB DEFAULT CHARSET=utf8;
/*!40101 SET character_set_client = @saved_cs_client */;

--
-- Dumping data for table `commreports`
--

LOCK TABLES `commreports` WRITE;
/*!40000 ALTER TABLE `commreports` DISABLE KEYS */;
/*!40000 ALTER TABLE `commreports` ENABLE KEYS */;
UNLOCK TABLES;

--
-- Table structure for table `commreports_temp`
--

DROP TABLE IF EXISTS `commreports_temp`;
/*!40101 SET @saved_cs_client     = @@character_set_client */;
/*!40101 SET character_set_client = utf8 */;
CREATE TABLE `commreports_temp` (
  `CommissionID` int(11) NOT NULL DEFAULT '0',
  `CommStaffType` tinyint(4) NOT NULL DEFAULT '0',
  `StaffID` int(11) NOT NULL DEFAULT '0',
  `TotalStaff` tinyint(4) NOT NULL DEFAULT '1',
  `StaffRoleID` int(11) DEFAULT NULL,
  `StaffRoleName` varchar(50) DEFAULT NULL,
  `StaffFirstName` varchar(50) DEFAULT NULL,
  `StaffLastName` varchar(50) DEFAULT NULL,
  `SalePrice` decimal(18,4) NOT NULL DEFAULT '0.0000',
  `ProductID` int(11) NOT NULL DEFAULT '0',
  `Amount` int(11) NOT NULL DEFAULT '0',
  `SaleDate` datetime DEFAULT NULL,
  `StartTime` datetime DEFAULT NULL,
  `DurationTime` int(11) NOT NULL DEFAULT '0',
  `SessionID` varchar(30) NOT NULL DEFAULT '',
  `ProductLevelID` int(11) NOT NULL DEFAULT '0'
) ENGINE=InnoDB DEFAULT CHARSET=utf8;
/*!40101 SET character_set_client = @saved_cs_client */;

--
-- Dumping data for table `commreports_temp`
--

LOCK TABLES `commreports_temp` WRITE;
/*!40000 ALTER TABLE `commreports_temp` DISABLE KEYS */;
/*!40000 ALTER TABLE `commreports_temp` ENABLE KEYS */;
UNLOCK TABLES;

--
-- Table structure for table `commsummary`
--

DROP TABLE IF EXISTS `commsummary`;
/*!40101 SET @saved_cs_client     = @@character_set_client */;
/*!40101 SET character_set_client = utf8 */;
CREATE TABLE `commsummary` (
  `CommissionID` int(11) NOT NULL DEFAULT '0',
  `StaffID` int(11) NOT NULL DEFAULT '0',
  `StaffRoleID` int(11) DEFAULT NULL,
  `StaffRoleName` varchar(50) DEFAULT NULL,
  `StaffFirstName` varchar(50) DEFAULT NULL,
  `StaffLastName` varchar(50) DEFAULT NULL,
  `SubTotalSale` decimal(18,4) NOT NULL DEFAULT '0.0000',
  `CommValue` decimal(18,4) NOT NULL DEFAULT '0.0000',
  `TypeID` tinyint(4) NOT NULL DEFAULT '0',
  `SessionID` varchar(30) NOT NULL DEFAULT '',
  `ProductLevelID` int(11) NOT NULL DEFAULT '0'
) ENGINE=InnoDB DEFAULT CHARSET=utf8;
/*!40101 SET character_set_client = @saved_cs_client */;

--
-- Dumping data for table `commsummary`
--

LOCK TABLES `commsummary` WRITE;
/*!40000 ALTER TABLE `commsummary` DISABLE KEYS */;
/*!40000 ALTER TABLE `commsummary` ENABLE KEYS */;
UNLOCK TABLES;

--
-- Table structure for table `companyprofile`
--

DROP TABLE IF EXISTS `companyprofile`;
/*!40101 SET @saved_cs_client     = @@character_set_client */;
/*!40101 SET character_set_client = utf8 */;
CREATE TABLE `companyprofile` (
  `CompanyID` int(11) NOT NULL DEFAULT '0',
  `CompanyName` varchar(100) DEFAULT NULL,
  `CompanyAddress1` varchar(255) DEFAULT NULL,
  `CompanyAddress2` varchar(255) DEFAULT NULL,
  `CompanyCity` varchar(100) DEFAULT NULL,
  `CompanyProvince` int(11) DEFAULT NULL,
  `DisplayCompanyProvinceLangID` tinyint(4) NOT NULL DEFAULT '2',
  `CompanyZipCode` varchar(50) DEFAULT NULL,
  `CompanyTelephone` varchar(50) DEFAULT NULL,
  `CompanyFax` varchar(50) DEFAULT NULL,
  `CompanyTaxID` varchar(50) DEFAULT NULL,
  `CompanyRegisterID` varchar(50) DEFAULT NULL,
  `AccountingCode` varchar(50) DEFAULT NULL,
  `CompanyVAT` decimal(5,2) NOT NULL DEFAULT '0.00',
  `DeliveryName` varchar(100) DEFAULT NULL,
  `DeliveryAddress1` varchar(255) DEFAULT NULL,
  `DeliveryAddress2` varchar(255) DEFAULT NULL,
  `DeliveryCity` varchar(100) DEFAULT NULL,
  `DeliveryProvince` int(11) NOT NULL DEFAULT '0',
  `DeliveryZipCode` varchar(50) DEFAULT NULL,
  `DeliveryTelephone` varchar(50) DEFAULT NULL,
  `DeliveryFax` varchar(50) DEFAULT NULL,
  `Addtional` text,
  `InsertDate` datetime NOT NULL DEFAULT '0000-00-00 00:00:00',
  `UpdateDate` datetime NOT NULL DEFAULT '0000-00-00 00:00:00',
  PRIMARY KEY (`CompanyID`)
) ENGINE=InnoDB DEFAULT CHARSET=utf8;
/*!40101 SET character_set_client = @saved_cs_client */;

--
-- Dumping data for table `companyprofile`
--

LOCK TABLES `companyprofile` WRITE;
/*!40000 ALTER TABLE `companyprofile` DISABLE KEYS */;
INSERT INTO `companyprofile` VALUES (1,'CompanyNameHQ','xx/xxx Address1','Address2','-',37,2,'xxxxx','02 xxx xxxx','02 xxx xxxx','xxxxxxxxxxxxx','8888888888888','HQ','7.00',NULL,NULL,NULL,NULL,0,NULL,NULL,NULL,'1:','2009-03-26 16:09:56','2017-03-01 15:04:51'),(2,'CompanyNameHQ','xx/xxx หมู่บ้านบ้านกลางเมือง','ถ.ลาดพร้าว พลับพลา วังทองหลาง',NULL,37,1,'10310','025303835','025303392','00000 000000 000','88888 88888 888','Branch Name','7.00',NULL,NULL,NULL,NULL,0,NULL,NULL,NULL,'1:','2009-03-26 16:09:56','2017-04-03 14:21:46');
/*!40000 ALTER TABLE `companyprofile` ENABLE KEYS */;
UNLOCK TABLES;

--
-- Table structure for table `computeraccess`
--

DROP TABLE IF EXISTS `computeraccess`;
/*!40101 SET @saved_cs_client     = @@character_set_client */;
/*!40101 SET character_set_client = utf8 */;
CREATE TABLE `computeraccess` (
  `ComputerID` int(11) NOT NULL DEFAULT '0',
  `ProductLevelID` int(11) NOT NULL DEFAULT '0',
  `StockToInvID` int(11) NOT NULL DEFAULT '0',
  `DefaultShop` tinyint(2) NOT NULL DEFAULT '0',
  PRIMARY KEY (`ComputerID`,`ProductLevelID`,`StockToInvID`)
) ENGINE=InnoDB DEFAULT CHARSET=utf8;
/*!40101 SET character_set_client = @saved_cs_client */;

--
-- Dumping data for table `computeraccess`
--

LOCK TABLES `computeraccess` WRITE;
/*!40000 ALTER TABLE `computeraccess` DISABLE KEYS */;
INSERT INTO `computeraccess` VALUES (1,2,2,0),(2,2,2,0),(3,2,2,0),(4,2,2,0),(5,2,2,0);
/*!40000 ALTER TABLE `computeraccess` ENABLE KEYS */;
UNLOCK TABLES;

--
-- Table structure for table `computeraccesstable`
--

DROP TABLE IF EXISTS `computeraccesstable`;
/*!40101 SET @saved_cs_client     = @@character_set_client */;
/*!40101 SET character_set_client = utf8 */;
CREATE TABLE `computeraccesstable` (
  `ComputerID` int(11) NOT NULL DEFAULT '0',
  `TableID` int(11) NOT NULL DEFAULT '0',
  PRIMARY KEY (`ComputerID`,`TableID`)
) ENGINE=InnoDB DEFAULT CHARSET=tis620;
/*!40101 SET character_set_client = @saved_cs_client */;

--
-- Dumping data for table `computeraccesstable`
--

LOCK TABLES `computeraccesstable` WRITE;
/*!40000 ALTER TABLE `computeraccesstable` DISABLE KEYS */;
/*!40000 ALTER TABLE `computeraccesstable` ENABLE KEYS */;
UNLOCK TABLES;

--
-- Table structure for table `computername`
--

DROP TABLE IF EXISTS `computername`;
/*!40101 SET @saved_cs_client     = @@character_set_client */;
/*!40101 SET character_set_client = utf8 */;
CREATE TABLE `computername` (
  `ComputerID` int(11) NOT NULL DEFAULT '0',
  `ComputerName` varchar(50) NOT NULL DEFAULT '0',
  `Description` varchar(255) DEFAULT NULL,
  `ShortenBillWhenCheckBill` tinyint(2) NOT NULL DEFAULT '0',
  `CanChangeTransactionDate` tinyint(2) NOT NULL DEFAULT '0',
  `PrinterName` varchar(50) DEFAULT NULL,
  `CloseYesterdaySession` tinyint(4) NOT NULL DEFAULT '0',
  `POSFunction` tinyint(4) NOT NULL DEFAULT '1',
  `DrawerPort` tinyint(4) NOT NULL DEFAULT '0',
  `PayTypeAvailable` text NOT NULL,
  `DiscountTypeAvailable` text NOT NULL,
  `PayTypeDefault` tinyint(4) NOT NULL DEFAULT '1',
  `ProductLevelID` int(11) NOT NULL DEFAULT '0',
  `PrintToKitchen` tinyint(2) NOT NULL DEFAULT '0',
  `PrintReceiptOption` tinyint(4) NOT NULL DEFAULT '2',
  `AutoAddCommentOption` tinyint(4) NOT NULL DEFAULT '2',
  `CheckCreditCardDetail` tinyint(4) NOT NULL DEFAULT '2',
  `PrintBillDetail` tinyint(4) NOT NULL DEFAULT '1',
  `RePrintBillOption` tinyint(4) NOT NULL DEFAULT '1',
  `RePrintOrderOption` tinyint(4) NOT NULL DEFAULT '1',
  `PrintVoidBillOption` tinyint(4) NOT NULL DEFAULT '0',
  `PrintVoidOrderOption` tinyint(4) NOT NULL DEFAULT '1',
  `PrintMoveOrderOption` tinyint(4) NOT NULL DEFAULT '1',
  `ShowNotPrintToKitchenButton` tinyint(4) NOT NULL DEFAULT '1',
  `DefaultEditCustomerDetail` tinyint(4) NOT NULL DEFAULT '1',
  `PrintDiscountDetailInBill` tinyint(2) NOT NULL DEFAULT '0',
  `IsTouchScreen` tinyint(2) NOT NULL DEFAULT '0',
  `IsWirelessFeature` tinyint(2) NOT NULL DEFAULT '0',
  `WirelessPort` tinyint(4) NOT NULL DEFAULT '0',
  `RecordInOrderBook` tinyint(4) NOT NULL DEFAULT '0',
  `ShowFastPayButton` tinyint(2) NOT NULL DEFAULT '0',
  `IsSecondDisplay` tinyint(4) NOT NULL DEFAULT '0',
  `Deleted` tinyint(2) NOT NULL DEFAULT '0',
  `ComputerHasBarCodeReader` tinyint(2) NOT NULL DEFAULT '0',
  `PrintReceiptHasCopy` tinyint(2) NOT NULL DEFAULT '0',
  `DefaultDisplayListMember` tinyint(4) NOT NULL DEFAULT '-1',
  `CheckMemberFingerPrint` tinyint(4) NOT NULL DEFAULT '0',
  `ComputerType` int(11) NOT NULL DEFAULT '0',
  `KDSID` tinyint(4) NOT NULL DEFAULT '0',
  `ShopTypeForThisComputer` tinyint(4) NOT NULL DEFAULT '0',
  `IPAddress` varchar(50) DEFAULT NULL,
  `RegistrationNumber` varchar(50) DEFAULT NULL,
  `DeviceCode` varchar(50) DEFAULT NULL,
  `UseLocalTime` tinyint(4) NOT NULL DEFAULT '0',
  `AutoLiveUpdate` tinyint(4) NOT NULL DEFAULT '0',
  `IsMainComputer` tinyint(4) NOT NULL DEFAULT '0',
  `CashierComputerIDForiOrder` int(11) NOT NULL DEFAULT '0',
  PRIMARY KEY (`ComputerID`)
) ENGINE=InnoDB DEFAULT CHARSET=utf8;
/*!40101 SET character_set_client = @saved_cs_client */;

--
-- Dumping data for table `computername`
--

LOCK TABLES `computername` WRITE;
/*!40000 ALTER TABLE `computername` DISABLE KEYS */;
INSERT INTO `computername` VALUES (1,'Cashier',NULL,0,0,NULL,0,1,0,',1,2,103,',',1,2,3,4,',1,2,1,1,2,2,1,2,2,0,1,1,1,1,0,1,0,0,0,1,0,0,1,0,0,0,0,0,1,'127.0.0.1','xxxxxxxx',NULL,0,0,1,0),(2,'Order1',NULL,0,0,NULL,0,2,0,',1,2,103,',',1,2,3,4,',1,2,1,1,2,2,0,2,2,0,1,1,0,1,0,1,0,0,0,0,0,0,1,0,0,0,0,0,1,NULL,NULL,NULL,0,0,0,0),(3,'Order2',NULL,0,0,NULL,0,2,0,',1,2,103,',',1,2,3,4,',1,2,1,1,2,2,0,2,2,0,1,1,0,1,0,1,0,0,0,1,0,0,1,0,0,0,0,0,1,NULL,NULL,NULL,0,0,0,0),(4,'iOrder01',NULL,0,0,NULL,0,1,0,',1,2,103,',',1,2,3,4,',1,2,1,1,2,2,2,2,2,0,1,1,1,1,0,1,0,0,0,1,0,0,1,0,0,0,2,0,1,NULL,NULL,NULL,0,0,0,0),(5,'iOrder02',NULL,0,0,NULL,0,1,0,',1,2,103,',',1,2,3,4,',1,2,1,1,2,2,2,2,2,0,1,1,1,1,0,1,0,0,0,1,0,0,1,0,0,0,2,0,1,NULL,NULL,NULL,0,0,0,0);
/*!40000 ALTER TABLE `computername` ENABLE KEYS */;
UNLOCK TABLES;

--
-- Table structure for table `computertype`
--

DROP TABLE IF EXISTS `computertype`;
/*!40101 SET @saved_cs_client     = @@character_set_client */;
/*!40101 SET character_set_client = utf8 */;
CREATE TABLE `computertype` (
  `ComputerTypeID` tinyint(4) NOT NULL DEFAULT '0',
  `Description` varchar(100) DEFAULT NULL,
  PRIMARY KEY (`ComputerTypeID`)
) ENGINE=InnoDB DEFAULT CHARSET=tis620;
/*!40101 SET character_set_client = @saved_cs_client */;

--
-- Dumping data for table `computertype`
--

LOCK TABLES `computertype` WRITE;
/*!40000 ALTER TABLE `computertype` DISABLE KEYS */;
INSERT INTO `computertype` VALUES (0,'PC Computer'),(1,'Pocket PC'),(2,'Tablet/ Mobile'),(3,'KDS Station'),(4,'Queue Display'),(5,'Second Display');
/*!40000 ALTER TABLE `computertype` ENABLE KEYS */;
UNLOCK TABLES;

--
-- Table structure for table `creditcardtype`
--

DROP TABLE IF EXISTS `creditcardtype`;
/*!40101 SET @saved_cs_client     = @@character_set_client */;
/*!40101 SET character_set_client = utf8 */;
CREATE TABLE `creditcardtype` (
  `CCTypeID` int(11) NOT NULL DEFAULT '0',
  `CreditCardType` varchar(100) DEFAULT NULL,
  `Deleted` tinyint(2) NOT NULL DEFAULT '0',
  PRIMARY KEY (`CCTypeID`)
) ENGINE=InnoDB DEFAULT CHARSET=utf8;
/*!40101 SET character_set_client = @saved_cs_client */;

--
-- Dumping data for table `creditcardtype`
--

LOCK TABLES `creditcardtype` WRITE;
/*!40000 ALTER TABLE `creditcardtype` DISABLE KEYS */;
INSERT INTO `creditcardtype` VALUES (1,'VISA',0),(2,'Master',0);
/*!40000 ALTER TABLE `creditcardtype` ENABLE KEYS */;
UNLOCK TABLES;

--
-- Table structure for table `dailystockmaterial`
--

DROP TABLE IF EXISTS `dailystockmaterial`;
/*!40101 SET @saved_cs_client     = @@character_set_client */;
/*!40101 SET character_set_client = utf8 */;
CREATE TABLE `dailystockmaterial` (
  `ProductLevelID` int(11) NOT NULL DEFAULT '0',
  `ShopID` int(11) NOT NULL DEFAULT '0',
  `MaterialID` int(11) NOT NULL DEFAULT '0',
  PRIMARY KEY (`ProductLevelID`,`ShopID`,`MaterialID`)
) ENGINE=InnoDB DEFAULT CHARSET=utf8;
/*!40101 SET character_set_client = @saved_cs_client */;

--
-- Dumping data for table `dailystockmaterial`
--

LOCK TABLES `dailystockmaterial` WRITE;
/*!40000 ALTER TABLE `dailystockmaterial` DISABLE KEYS */;
INSERT INTO `dailystockmaterial` VALUES (2,2,1),(2,2,2),(2,2,3);
/*!40000 ALTER TABLE `dailystockmaterial` ENABLE KEYS */;
UNLOCK TABLES;

--
-- Table structure for table `daytable`
--

DROP TABLE IF EXISTS `daytable`;
/*!40101 SET @saved_cs_client     = @@character_set_client */;
/*!40101 SET character_set_client = utf8 */;
CREATE TABLE `daytable` (
  `id` int(11) NOT NULL DEFAULT '0',
  PRIMARY KEY (`id`)
) ENGINE=InnoDB DEFAULT CHARSET=utf8;
/*!40101 SET character_set_client = @saved_cs_client */;

--
-- Dumping data for table `daytable`
--

LOCK TABLES `daytable` WRITE;
/*!40000 ALTER TABLE `daytable` DISABLE KEYS */;
INSERT INTO `daytable` VALUES (1),(2),(3),(4),(5),(6),(7),(8),(9),(10),(11),(12),(13),(14),(15),(16),(17),(18),(19),(20),(21),(22),(23),(24),(25),(26),(27),(28),(29),(30),(31);
/*!40000 ALTER TABLE `daytable` ENABLE KEYS */;
UNLOCK TABLES;

--
-- Table structure for table `delivery_addressarealv1`
--

DROP TABLE IF EXISTS `delivery_addressarealv1`;
/*!40101 SET @saved_cs_client     = @@character_set_client */;
/*!40101 SET character_set_client = utf8 */;
CREATE TABLE `delivery_addressarealv1` (
  `AreaLV1ID` int(11) NOT NULL DEFAULT '0',
  `AreaLV1Code` varchar(20) DEFAULT NULL,
  `AreaLV1Name` varchar(50) DEFAULT NULL,
  `Deleted` tinyint(4) NOT NULL DEFAULT '0',
  `Ordering` int(11) NOT NULL DEFAULT '0',
  PRIMARY KEY (`AreaLV1ID`)
) ENGINE=InnoDB DEFAULT CHARSET=utf8;
/*!40101 SET character_set_client = @saved_cs_client */;

--
-- Dumping data for table `delivery_addressarealv1`
--

LOCK TABLES `delivery_addressarealv1` WRITE;
/*!40000 ALTER TABLE `delivery_addressarealv1` DISABLE KEYS */;
/*!40000 ALTER TABLE `delivery_addressarealv1` ENABLE KEYS */;
UNLOCK TABLES;

--
-- Table structure for table `delivery_addressarealv2`
--

DROP TABLE IF EXISTS `delivery_addressarealv2`;
/*!40101 SET @saved_cs_client     = @@character_set_client */;
/*!40101 SET character_set_client = utf8 */;
CREATE TABLE `delivery_addressarealv2` (
  `AreaLV2ID` int(11) NOT NULL DEFAULT '0',
  `AreaLV1ID` int(11) NOT NULL DEFAULT '0',
  `AreaLV2Code` varchar(20) DEFAULT NULL,
  `AreaLV2Name` varchar(50) DEFAULT NULL,
  `Deleted` tinyint(4) NOT NULL DEFAULT '0',
  `Ordering` int(11) NOT NULL DEFAULT '0',
  PRIMARY KEY (`AreaLV2ID`)
) ENGINE=InnoDB DEFAULT CHARSET=utf8;
/*!40101 SET character_set_client = @saved_cs_client */;

--
-- Dumping data for table `delivery_addressarealv2`
--

LOCK TABLES `delivery_addressarealv2` WRITE;
/*!40000 ALTER TABLE `delivery_addressarealv2` DISABLE KEYS */;
/*!40000 ALTER TABLE `delivery_addressarealv2` ENABLE KEYS */;
UNLOCK TABLES;

--
-- Table structure for table `delivery_addressarealv3`
--

DROP TABLE IF EXISTS `delivery_addressarealv3`;
/*!40101 SET @saved_cs_client     = @@character_set_client */;
/*!40101 SET character_set_client = utf8 */;
CREATE TABLE `delivery_addressarealv3` (
  `AreaLV3ID` int(11) NOT NULL DEFAULT '0',
  `AreaLV2ID` int(11) NOT NULL DEFAULT '0',
  `AreaLV3Code` varchar(20) DEFAULT NULL,
  `AreaLV3Name` varchar(50) DEFAULT NULL,
  `Soi` varchar(255) DEFAULT NULL,
  `Moo` varchar(10) DEFAULT NULL,
  `Address1` varchar(255) DEFAULT NULL,
  `Address2` varchar(255) DEFAULT NULL,
  `District` varchar(100) DEFAULT NULL,
  `City` varchar(100) DEFAULT NULL,
  `ProvinceID` int(11) NOT NULL DEFAULT '0',
  `CountryID` int(11) NOT NULL DEFAULT '0',
  `ZipCode` varchar(10) DEFAULT NULL,
  `DeliveryQuoteTime` int(11) NOT NULL DEFAULT '30',
  `Deleted` tinyint(4) NOT NULL DEFAULT '0',
  `Ordering` int(11) NOT NULL DEFAULT '0',
  PRIMARY KEY (`AreaLV3ID`)
) ENGINE=InnoDB DEFAULT CHARSET=utf8;
/*!40101 SET character_set_client = @saved_cs_client */;

--
-- Dumping data for table `delivery_addressarealv3`
--

LOCK TABLES `delivery_addressarealv3` WRITE;
/*!40000 ALTER TABLE `delivery_addressarealv3` DISABLE KEYS */;
/*!40000 ALTER TABLE `delivery_addressarealv3` ENABLE KEYS */;
UNLOCK TABLES;

--
-- Table structure for table `delivery_addressarealvshoplink`
--

DROP TABLE IF EXISTS `delivery_addressarealvshoplink`;
/*!40101 SET @saved_cs_client     = @@character_set_client */;
/*!40101 SET character_set_client = utf8 */;
CREATE TABLE `delivery_addressarealvshoplink` (
  `ProductLevelID` int(11) NOT NULL DEFAULT '0',
  `AreaLV1ID` int(11) NOT NULL DEFAULT '0',
  PRIMARY KEY (`AreaLV1ID`,`ProductLevelID`)
) ENGINE=InnoDB DEFAULT CHARSET=utf8;
/*!40101 SET character_set_client = @saved_cs_client */;

--
-- Dumping data for table `delivery_addressarealvshoplink`
--

LOCK TABLES `delivery_addressarealvshoplink` WRITE;
/*!40000 ALTER TABLE `delivery_addressarealvshoplink` DISABLE KEYS */;
/*!40000 ALTER TABLE `delivery_addressarealvshoplink` ENABLE KEYS */;
UNLOCK TABLES;

--
-- Table structure for table `delivery_addresscountry`
--

DROP TABLE IF EXISTS `delivery_addresscountry`;
/*!40101 SET @saved_cs_client     = @@character_set_client */;
/*!40101 SET character_set_client = utf8 */;
CREATE TABLE `delivery_addresscountry` (
  `CountryID` int(11) NOT NULL DEFAULT '0',
  `CountryCode` varchar(10) DEFAULT NULL,
  `CountryName` varchar(100) DEFAULT NULL,
  `LangID` int(11) NOT NULL DEFAULT '0',
  `Deleted` tinyint(4) NOT NULL DEFAULT '0',
  PRIMARY KEY (`CountryID`,`LangID`)
) ENGINE=InnoDB DEFAULT CHARSET=utf8;
/*!40101 SET character_set_client = @saved_cs_client */;

--
-- Dumping data for table `delivery_addresscountry`
--

LOCK TABLES `delivery_addresscountry` WRITE;
/*!40000 ALTER TABLE `delivery_addresscountry` DISABLE KEYS */;
/*!40000 ALTER TABLE `delivery_addresscountry` ENABLE KEYS */;
UNLOCK TABLES;

--
-- Table structure for table `delivery_addressprovince`
--

DROP TABLE IF EXISTS `delivery_addressprovince`;
/*!40101 SET @saved_cs_client     = @@character_set_client */;
/*!40101 SET character_set_client = utf8 */;
CREATE TABLE `delivery_addressprovince` (
  `ProvinceID` int(11) NOT NULL DEFAULT '0',
  `ProvinceName` varchar(100) DEFAULT NULL,
  `CountryID` int(11) NOT NULL DEFAULT '0',
  `RegionID` int(11) NOT NULL DEFAULT '0',
  `LangID` int(11) NOT NULL DEFAULT '0',
  `Deleted` tinyint(4) NOT NULL DEFAULT '0',
  PRIMARY KEY (`ProvinceID`,`LangID`)
) ENGINE=InnoDB DEFAULT CHARSET=utf8;
/*!40101 SET character_set_client = @saved_cs_client */;

--
-- Dumping data for table `delivery_addressprovince`
--

LOCK TABLES `delivery_addressprovince` WRITE;
/*!40000 ALTER TABLE `delivery_addressprovince` DISABLE KEYS */;
/*!40000 ALTER TABLE `delivery_addressprovince` ENABLE KEYS */;
UNLOCK TABLES;

--
-- Table structure for table `delivery_addressregion`
--

DROP TABLE IF EXISTS `delivery_addressregion`;
/*!40101 SET @saved_cs_client     = @@character_set_client */;
/*!40101 SET character_set_client = utf8 */;
CREATE TABLE `delivery_addressregion` (
  `RegionID` int(11) NOT NULL DEFAULT '0',
  `RegionName` varchar(100) DEFAULT NULL,
  `CountryID` int(11) NOT NULL DEFAULT '0',
  `Deleted` tinyint(4) NOT NULL DEFAULT '0',
  PRIMARY KEY (`RegionID`)
) ENGINE=InnoDB DEFAULT CHARSET=utf8;
/*!40101 SET character_set_client = @saved_cs_client */;

--
-- Dumping data for table `delivery_addressregion`
--

LOCK TABLES `delivery_addressregion` WRITE;
/*!40000 ALTER TABLE `delivery_addressregion` DISABLE KEYS */;
/*!40000 ALTER TABLE `delivery_addressregion` ENABLE KEYS */;
UNLOCK TABLES;

--
-- Table structure for table `delivery_customeraddress`
--

DROP TABLE IF EXISTS `delivery_customeraddress`;
/*!40101 SET @saved_cs_client     = @@character_set_client */;
/*!40101 SET character_set_client = utf8 */;
CREATE TABLE `delivery_customeraddress` (
  `AddressID` int(11) NOT NULL DEFAULT '0',
  `AddressTypeID` int(11) NOT NULL DEFAULT '0',
  `CustomerID` int(11) NOT NULL DEFAULT '0',
  `ContactName` varchar(100) DEFAULT NULL,
  `PhoneType` tinyint(4) NOT NULL DEFAULT '0',
  `PhoneNumber` varchar(20) DEFAULT NULL,
  `PhoneExt` varchar(10) DEFAULT NULL,
  `AddressName` varchar(255) DEFAULT NULL,
  `BuildingNo` varchar(20) DEFAULT NULL,
  `Floor` varchar(10) DEFAULT NULL,
  `RoomNumber` varchar(10) DEFAULT NULL,
  `AddressArea` varchar(200) DEFAULT NULL,
  `AddressNumber` varchar(10) DEFAULT NULL,
  `Soi` varchar(255) DEFAULT NULL,
  `Moo` varchar(10) DEFAULT NULL,
  `Address1` varchar(255) DEFAULT NULL,
  `Address2` varchar(255) DEFAULT NULL,
  `District` varchar(100) DEFAULT NULL,
  `City` varchar(100) DEFAULT NULL,
  `ProvinceID` int(11) NOT NULL DEFAULT '0',
  `CountryID` int(11) NOT NULL DEFAULT '0',
  `ZipCode` varchar(10) DEFAULT NULL,
  `GeneralDirection` varchar(500) DEFAULT NULL,
  `AreaLV1ID` int(11) NOT NULL DEFAULT '0',
  `AreaLV2ID` int(11) NOT NULL DEFAULT '0',
  `AreaLV3ID` int(11) NOT NULL DEFAULT '0',
  `LangID` smallint(6) NOT NULL DEFAULT '0',
  `InsertAtShopID` int(11) NOT NULL DEFAULT '0',
  `UpdateDate` datetime DEFAULT NULL,
  PRIMARY KEY (`AddressID`)
) ENGINE=InnoDB DEFAULT CHARSET=utf8;
/*!40101 SET character_set_client = @saved_cs_client */;

--
-- Dumping data for table `delivery_customeraddress`
--

LOCK TABLES `delivery_customeraddress` WRITE;
/*!40000 ALTER TABLE `delivery_customeraddress` DISABLE KEYS */;
/*!40000 ALTER TABLE `delivery_customeraddress` ENABLE KEYS */;
UNLOCK TABLES;

--
-- Table structure for table `delivery_customerdetail`
--

DROP TABLE IF EXISTS `delivery_customerdetail`;
/*!40101 SET @saved_cs_client     = @@character_set_client */;
/*!40101 SET character_set_client = utf8 */;
CREATE TABLE `delivery_customerdetail` (
  `CustomerID` int(11) NOT NULL DEFAULT '0',
  `CustomerTypeID` smallint(6) NOT NULL DEFAULT '0',
  `CustomerTitleID` tinyint(4) NOT NULL DEFAULT '0',
  `CustomerFirstName` varchar(100) DEFAULT NULL,
  `CustomerMiddelName` varchar(50) DEFAULT NULL,
  `CustomerLastName` varchar(100) DEFAULT NULL,
  `MemberCode` varchar(50) DEFAULT NULL,
  `DateOfBirth` datetime DEFAULT NULL,
  `Gender` tinyint(4) NOT NULL DEFAULT '0',
  `MaritalStatus` tinyint(4) NOT NULL DEFAULT '0',
  `RegistrationID` varchar(100) DEFAULT NULL,
  `LangID` smallint(6) NOT NULL DEFAULT '0',
  `InsertAtShopID` int(11) NOT NULL DEFAULT '0',
  `UpdateDate` datetime DEFAULT NULL,
  `AddressID` int(11) NOT NULL DEFAULT '0',
  `Deleted` tinyint(4) NOT NULL DEFAULT '0',
  PRIMARY KEY (`CustomerID`)
) ENGINE=InnoDB DEFAULT CHARSET=utf8;
/*!40101 SET character_set_client = @saved_cs_client */;

--
-- Dumping data for table `delivery_customerdetail`
--

LOCK TABLES `delivery_customerdetail` WRITE;
/*!40000 ALTER TABLE `delivery_customerdetail` DISABLE KEYS */;
/*!40000 ALTER TABLE `delivery_customerdetail` ENABLE KEYS */;
UNLOCK TABLES;

--
-- Table structure for table `delivery_customerphone`
--

DROP TABLE IF EXISTS `delivery_customerphone`;
/*!40101 SET @saved_cs_client     = @@character_set_client */;
/*!40101 SET character_set_client = utf8 */;
CREATE TABLE `delivery_customerphone` (
  `CustomerID` int(11) NOT NULL DEFAULT '0',
  `PhoneNumber` varchar(20) NOT NULL DEFAULT '',
  `PhoneType` tinyint(4) NOT NULL DEFAULT '0',
  `PhoneExt` varchar(10) DEFAULT NULL,
  PRIMARY KEY (`CustomerID`,`PhoneNumber`)
) ENGINE=InnoDB DEFAULT CHARSET=utf8;
/*!40101 SET character_set_client = @saved_cs_client */;

--
-- Dumping data for table `delivery_customerphone`
--

LOCK TABLES `delivery_customerphone` WRITE;
/*!40000 ALTER TABLE `delivery_customerphone` DISABLE KEYS */;
/*!40000 ALTER TABLE `delivery_customerphone` ENABLE KEYS */;
UNLOCK TABLES;

--
-- Table structure for table `delivery_customertitle`
--

DROP TABLE IF EXISTS `delivery_customertitle`;
/*!40101 SET @saved_cs_client     = @@character_set_client */;
/*!40101 SET character_set_client = utf8 */;
CREATE TABLE `delivery_customertitle` (
  `CustomerTitleID` tinyint(4) NOT NULL DEFAULT '0',
  `CustomerTitleName` varchar(100) DEFAULT NULL,
  PRIMARY KEY (`CustomerTitleID`)
) ENGINE=InnoDB DEFAULT CHARSET=utf8;
/*!40101 SET character_set_client = @saved_cs_client */;

--
-- Dumping data for table `delivery_customertitle`
--

LOCK TABLES `delivery_customertitle` WRITE;
/*!40000 ALTER TABLE `delivery_customertitle` DISABLE KEYS */;
/*!40000 ALTER TABLE `delivery_customertitle` ENABLE KEYS */;
UNLOCK TABLES;

--
-- Table structure for table `delivery_customertype`
--

DROP TABLE IF EXISTS `delivery_customertype`;
/*!40101 SET @saved_cs_client     = @@character_set_client */;
/*!40101 SET character_set_client = utf8 */;
CREATE TABLE `delivery_customertype` (
  `CustomerTypeID` int(11) NOT NULL DEFAULT '0',
  `CustomerTypeName` varchar(100) DEFAULT NULL,
  `Deleted` tinyint(4) NOT NULL DEFAULT '0',
  PRIMARY KEY (`CustomerTypeID`)
) ENGINE=InnoDB DEFAULT CHARSET=utf8;
/*!40101 SET character_set_client = @saved_cs_client */;

--
-- Dumping data for table `delivery_customertype`
--

LOCK TABLES `delivery_customertype` WRITE;
/*!40000 ALTER TABLE `delivery_customertype` DISABLE KEYS */;
/*!40000 ALTER TABLE `delivery_customertype` ENABLE KEYS */;
UNLOCK TABLES;

--
-- Table structure for table `delivery_dispatchertasklink`
--

DROP TABLE IF EXISTS `delivery_dispatchertasklink`;
/*!40101 SET @saved_cs_client     = @@character_set_client */;
/*!40101 SET character_set_client = utf8 */;
CREATE TABLE `delivery_dispatchertasklink` (
  `TaskID` varchar(50) NOT NULL DEFAULT '',
  `DispatchID` int(11) NOT NULL DEFAULT '0',
  `TransactionID` int(11) NOT NULL DEFAULT '0',
  `ComputerID` int(11) NOT NULL DEFAULT '0',
  `ShopID` int(11) NOT NULL DEFAULT '0',
  `DeliveryDate` date DEFAULT NULL,
  `InsertDateTime` datetime DEFAULT NULL,
  PRIMARY KEY (`TaskID`,`DispatchID`,`TransactionID`,`ComputerID`)
) ENGINE=InnoDB DEFAULT CHARSET=utf8;
/*!40101 SET character_set_client = @saved_cs_client */;

--
-- Dumping data for table `delivery_dispatchertasklink`
--

LOCK TABLES `delivery_dispatchertasklink` WRITE;
/*!40000 ALTER TABLE `delivery_dispatchertasklink` DISABLE KEYS */;
/*!40000 ALTER TABLE `delivery_dispatchertasklink` ENABLE KEYS */;
UNLOCK TABLES;

--
-- Table structure for table `delivery_dispatchertasklinkfront`
--

DROP TABLE IF EXISTS `delivery_dispatchertasklinkfront`;
/*!40101 SET @saved_cs_client     = @@character_set_client */;
/*!40101 SET character_set_client = utf8 */;
CREATE TABLE `delivery_dispatchertasklinkfront` (
  `TaskID` varchar(50) NOT NULL DEFAULT '',
  `DispatchID` int(11) NOT NULL DEFAULT '0',
  `TransactionID` int(11) NOT NULL DEFAULT '0',
  `ComputerID` int(11) NOT NULL DEFAULT '0',
  `ShopID` int(11) NOT NULL DEFAULT '0',
  `DeliveryDate` date DEFAULT NULL,
  `InsertDateTime` datetime DEFAULT NULL,
  PRIMARY KEY (`TaskID`,`DispatchID`,`TransactionID`,`ComputerID`)
) ENGINE=InnoDB DEFAULT CHARSET=utf8;
/*!40101 SET character_set_client = @saved_cs_client */;

--
-- Dumping data for table `delivery_dispatchertasklinkfront`
--

LOCK TABLES `delivery_dispatchertasklinkfront` WRITE;
/*!40000 ALTER TABLE `delivery_dispatchertasklinkfront` DISABLE KEYS */;
/*!40000 ALTER TABLE `delivery_dispatchertasklinkfront` ENABLE KEYS */;
UNLOCK TABLES;

--
-- Table structure for table `delivery_phonetype`
--

DROP TABLE IF EXISTS `delivery_phonetype`;
/*!40101 SET @saved_cs_client     = @@character_set_client */;
/*!40101 SET character_set_client = utf8 */;
CREATE TABLE `delivery_phonetype` (
  `PhoneTypeID` int(11) NOT NULL DEFAULT '0',
  `PhoneTypeName` varchar(100) DEFAULT NULL,
  `Deleted` tinyint(4) NOT NULL DEFAULT '0',
  PRIMARY KEY (`PhoneTypeID`)
) ENGINE=InnoDB DEFAULT CHARSET=utf8;
/*!40101 SET character_set_client = @saved_cs_client */;

--
-- Dumping data for table `delivery_phonetype`
--

LOCK TABLES `delivery_phonetype` WRITE;
/*!40000 ALTER TABLE `delivery_phonetype` DISABLE KEYS */;
INSERT INTO `delivery_phonetype` VALUES (1,'Home',0),(2,'Office',0);
/*!40000 ALTER TABLE `delivery_phonetype` ENABLE KEYS */;
UNLOCK TABLES;

--
-- Table structure for table `delivery_sourcedescription`
--

DROP TABLE IF EXISTS `delivery_sourcedescription`;
/*!40101 SET @saved_cs_client     = @@character_set_client */;
/*!40101 SET character_set_client = utf8 */;
CREATE TABLE `delivery_sourcedescription` (
  `SourceID` int(11) NOT NULL DEFAULT '0',
  `Description` varchar(100) DEFAULT NULL,
  PRIMARY KEY (`SourceID`)
) ENGINE=InnoDB DEFAULT CHARSET=utf8;
/*!40101 SET character_set_client = @saved_cs_client */;

--
-- Dumping data for table `delivery_sourcedescription`
--

LOCK TABLES `delivery_sourcedescription` WRITE;
/*!40000 ALTER TABLE `delivery_sourcedescription` DISABLE KEYS */;
INSERT INTO `delivery_sourcedescription` VALUES (1,'Transfer Order To Other Shop'),(2,'Transfer Order From Other Shop');
/*!40000 ALTER TABLE `delivery_sourcedescription` ENABLE KEYS */;
UNLOCK TABLES;

--
-- Table structure for table `delivery_transferintransaction`
--

DROP TABLE IF EXISTS `delivery_transferintransaction`;
/*!40101 SET @saved_cs_client     = @@character_set_client */;
/*!40101 SET character_set_client = utf8 */;
CREATE TABLE `delivery_transferintransaction` (
  `TransactionID` int(11) NOT NULL DEFAULT '0',
  `ComputerID` int(11) NOT NULL DEFAULT '0',
  `ShopID` int(11) NOT NULL DEFAULT '0',
  `FromShopID` int(11) NOT NULL DEFAULT '0',
  `FromTransactionID` int(11) NOT NULL DEFAULT '0',
  `FromComputerID` int(11) NOT NULL DEFAULT '0',
  `TransferOutName` varchar(100) DEFAULT NULL,
  `TransferOutTelephone` varchar(100) DEFAULT NULL,
  `TransferOutMobile` varchar(100) DEFAULT NULL,
  `TransferOutNote` varchar(255) DEFAULT NULL,
  `InsertTime` datetime DEFAULT NULL,
  PRIMARY KEY (`TransactionID`,`ComputerID`)
) ENGINE=InnoDB DEFAULT CHARSET=utf8;
/*!40101 SET character_set_client = @saved_cs_client */;

--
-- Dumping data for table `delivery_transferintransaction`
--

LOCK TABLES `delivery_transferintransaction` WRITE;
/*!40000 ALTER TABLE `delivery_transferintransaction` DISABLE KEYS */;
/*!40000 ALTER TABLE `delivery_transferintransaction` ENABLE KEYS */;
UNLOCK TABLES;

--
-- Table structure for table `delivery_transferintransactionfront`
--

DROP TABLE IF EXISTS `delivery_transferintransactionfront`;
/*!40101 SET @saved_cs_client     = @@character_set_client */;
/*!40101 SET character_set_client = utf8 */;
CREATE TABLE `delivery_transferintransactionfront` (
  `TransactionID` int(11) NOT NULL DEFAULT '0',
  `ComputerID` int(11) NOT NULL DEFAULT '0',
  `ShopID` int(11) NOT NULL DEFAULT '0',
  `FromShopID` int(11) NOT NULL DEFAULT '0',
  `FromTransactionID` int(11) NOT NULL DEFAULT '0',
  `FromComputerID` int(11) NOT NULL DEFAULT '0',
  `TransferOutName` varchar(100) DEFAULT NULL,
  `TransferOutTelephone` varchar(100) DEFAULT NULL,
  `TransferOutMobile` varchar(100) DEFAULT NULL,
  `TransferOutNote` varchar(255) DEFAULT NULL,
  `InsertTime` datetime DEFAULT NULL,
  PRIMARY KEY (`TransactionID`,`ComputerID`)
) ENGINE=InnoDB DEFAULT CHARSET=utf8;
/*!40101 SET character_set_client = @saved_cs_client */;

--
-- Dumping data for table `delivery_transferintransactionfront`
--

LOCK TABLES `delivery_transferintransactionfront` WRITE;
/*!40000 ALTER TABLE `delivery_transferintransactionfront` DISABLE KEYS */;
/*!40000 ALTER TABLE `delivery_transferintransactionfront` ENABLE KEYS */;
UNLOCK TABLES;

--
-- Table structure for table `delivery_transferouttransaction`
--

DROP TABLE IF EXISTS `delivery_transferouttransaction`;
/*!40101 SET @saved_cs_client     = @@character_set_client */;
/*!40101 SET character_set_client = utf8 */;
CREATE TABLE `delivery_transferouttransaction` (
  `TransactionID` int(11) NOT NULL DEFAULT '0',
  `ComputerID` int(11) NOT NULL DEFAULT '0',
  `ShopID` int(11) NOT NULL DEFAULT '0',
  `ToShopID` int(11) NOT NULL DEFAULT '0',
  `TransferOutName` varchar(100) DEFAULT NULL,
  `TransferOutTelephone` varchar(100) DEFAULT NULL,
  `TransferOutMobile` varchar(100) DEFAULT NULL,
  `TransferOutNote` varchar(255) DEFAULT NULL,
  `IPAddress` varchar(100) DEFAULT NULL,
  `DatabaseName` varchar(100) DEFAULT NULL,
  `SendToStatus` tinyint(4) NOT NULL DEFAULT '0',
  `SendTime` datetime DEFAULT NULL,
  PRIMARY KEY (`TransactionID`,`ComputerID`)
) ENGINE=InnoDB DEFAULT CHARSET=utf8;
/*!40101 SET character_set_client = @saved_cs_client */;

--
-- Dumping data for table `delivery_transferouttransaction`
--

LOCK TABLES `delivery_transferouttransaction` WRITE;
/*!40000 ALTER TABLE `delivery_transferouttransaction` DISABLE KEYS */;
/*!40000 ALTER TABLE `delivery_transferouttransaction` ENABLE KEYS */;
UNLOCK TABLES;

--
-- Table structure for table `delivery_transferouttransactionfront`
--

DROP TABLE IF EXISTS `delivery_transferouttransactionfront`;
/*!40101 SET @saved_cs_client     = @@character_set_client */;
/*!40101 SET character_set_client = utf8 */;
CREATE TABLE `delivery_transferouttransactionfront` (
  `TransactionID` int(11) NOT NULL DEFAULT '0',
  `ComputerID` int(11) NOT NULL DEFAULT '0',
  `ShopID` int(11) NOT NULL DEFAULT '0',
  `ToShopID` int(11) NOT NULL DEFAULT '0',
  `TransferOutName` varchar(100) DEFAULT NULL,
  `TransferOutTelephone` varchar(100) DEFAULT NULL,
  `TransferOutMobile` varchar(100) DEFAULT NULL,
  `TransferOutNote` varchar(255) DEFAULT NULL,
  `IPAddress` varchar(100) DEFAULT NULL,
  `DatabaseName` varchar(100) DEFAULT NULL,
  `SendToStatus` tinyint(4) NOT NULL DEFAULT '0',
  `SendTime` datetime DEFAULT NULL,
  PRIMARY KEY (`TransactionID`,`ComputerID`)
) ENGINE=InnoDB DEFAULT CHARSET=utf8;
/*!40101 SET character_set_client = @saved_cs_client */;

--
-- Dumping data for table `delivery_transferouttransactionfront`
--

LOCK TABLES `delivery_transferouttransactionfront` WRITE;
/*!40000 ALTER TABLE `delivery_transferouttransactionfront` DISABLE KEYS */;
/*!40000 ALTER TABLE `delivery_transferouttransactionfront` ENABLE KEYS */;
UNLOCK TABLES;

--
-- Table structure for table `delivery_transfertoothershopproperty`
--

DROP TABLE IF EXISTS `delivery_transfertoothershopproperty`;
/*!40101 SET @saved_cs_client     = @@character_set_client */;
/*!40101 SET character_set_client = utf8 */;
CREATE TABLE `delivery_transfertoothershopproperty` (
  `ID` tinyint(4) NOT NULL DEFAULT '0',
  `PayIDForTransferTo` int(11) NOT NULL DEFAULT '0',
  PRIMARY KEY (`ID`)
) ENGINE=InnoDB DEFAULT CHARSET=utf8;
/*!40101 SET character_set_client = @saved_cs_client */;

--
-- Dumping data for table `delivery_transfertoothershopproperty`
--

LOCK TABLES `delivery_transfertoothershopproperty` WRITE;
/*!40000 ALTER TABLE `delivery_transfertoothershopproperty` DISABLE KEYS */;
INSERT INTO `delivery_transfertoothershopproperty` VALUES (1,0);
/*!40000 ALTER TABLE `delivery_transfertoothershopproperty` ENABLE KEYS */;
UNLOCK TABLES;

--
-- Table structure for table `department`
--

DROP TABLE IF EXISTS `department`;
/*!40101 SET @saved_cs_client     = @@character_set_client */;
/*!40101 SET character_set_client = utf8 */;
CREATE TABLE `department` (
  `DepartmentID` int(11) NOT NULL DEFAULT '0',
  `DepartmentCode` varchar(20) CHARACTER SET utf8 DEFAULT NULL,
  `DepartmentName` varchar(255) CHARACTER SET utf8 DEFAULT NULL,
  `Deleted` tinyint(4) NOT NULL DEFAULT '0',
  PRIMARY KEY (`DepartmentID`)
) ENGINE=InnoDB DEFAULT CHARSET=tis620;
/*!40101 SET character_set_client = @saved_cs_client */;

--
-- Dumping data for table `department`
--

LOCK TABLES `department` WRITE;
/*!40000 ALTER TABLE `department` DISABLE KEYS */;
/*!40000 ALTER TABLE `department` ENABLE KEYS */;
UNLOCK TABLES;

--
-- Table structure for table `depositapplydiscountpickuptype`
--

DROP TABLE IF EXISTS `depositapplydiscountpickuptype`;
/*!40101 SET @saved_cs_client     = @@character_set_client */;
/*!40101 SET character_set_client = utf8 */;
CREATE TABLE `depositapplydiscountpickuptype` (
  `ApplyDiscountPickupType` int(11) NOT NULL DEFAULT '0',
  `Description` varchar(255) DEFAULT NULL,
  PRIMARY KEY (`ApplyDiscountPickupType`)
) ENGINE=InnoDB DEFAULT CHARSET=utf8;
/*!40101 SET character_set_client = @saved_cs_client */;

--
-- Dumping data for table `depositapplydiscountpickuptype`
--

LOCK TABLES `depositapplydiscountpickuptype` WRITE;
/*!40000 ALTER TABLE `depositapplydiscountpickuptype` DISABLE KEYS */;
INSERT INTO `depositapplydiscountpickuptype` VALUES (1,'Can Not Discount'),(2,'Can Discount'),(3,'Can Discount Only No Discount From Deposit Transaction and 0 Deposit Price');
/*!40000 ALTER TABLE `depositapplydiscountpickuptype` ENABLE KEYS */;
UNLOCK TABLES;

--
-- Table structure for table `depositbank`
--

DROP TABLE IF EXISTS `depositbank`;
/*!40101 SET @saved_cs_client     = @@character_set_client */;
/*!40101 SET character_set_client = utf8 */;
CREATE TABLE `depositbank` (
  `BankID` smallint(6) NOT NULL DEFAULT '0',
  `BankName` varchar(50) DEFAULT NULL,
  `BankDesp` varchar(255) DEFAULT NULL,
  `BankAccountNo` varchar(50) DEFAULT NULL,
  `Deleted` tinyint(4) NOT NULL DEFAULT '0',
  PRIMARY KEY (`BankID`)
) ENGINE=InnoDB DEFAULT CHARSET=utf8;
/*!40101 SET character_set_client = @saved_cs_client */;

--
-- Dumping data for table `depositbank`
--

LOCK TABLES `depositbank` WRITE;
/*!40000 ALTER TABLE `depositbank` DISABLE KEYS */;
/*!40000 ALTER TABLE `depositbank` ENABLE KEYS */;
UNLOCK TABLES;

--
-- Table structure for table `depositordercommentdetaillink`
--

DROP TABLE IF EXISTS `depositordercommentdetaillink`;
/*!40101 SET @saved_cs_client     = @@character_set_client */;
/*!40101 SET character_set_client = utf8 */;
CREATE TABLE `depositordercommentdetaillink` (
  `TransactionID` int(11) NOT NULL DEFAULT '0',
  `ComputerID` int(11) NOT NULL DEFAULT '0',
  `OrderDetailID` int(11) NOT NULL DEFAULT '0',
  `ProductID` int(11) NOT NULL DEFAULT '0',
  `ProductCode` varchar(50) DEFAULT NULL,
  `Amount` int(11) NOT NULL DEFAULT '0',
  `ProductSetType` int(11) NOT NULL DEFAULT '0',
  `ShopID` int(11) NOT NULL DEFAULT '0',
  `CommentForOrderID` int(11) NOT NULL DEFAULT '0',
  PRIMARY KEY (`TransactionID`,`ComputerID`,`OrderDetailID`)
) ENGINE=InnoDB DEFAULT CHARSET=utf8;
/*!40101 SET character_set_client = @saved_cs_client */;

--
-- Dumping data for table `depositordercommentdetaillink`
--

LOCK TABLES `depositordercommentdetaillink` WRITE;
/*!40000 ALTER TABLE `depositordercommentdetaillink` DISABLE KEYS */;
/*!40000 ALTER TABLE `depositordercommentdetaillink` ENABLE KEYS */;
UNLOCK TABLES;

--
-- Table structure for table `depositorderdetail`
--

DROP TABLE IF EXISTS `depositorderdetail`;
/*!40101 SET @saved_cs_client     = @@character_set_client */;
/*!40101 SET character_set_client = utf8 */;
CREATE TABLE `depositorderdetail` (
  `TransactionID` int(11) NOT NULL DEFAULT '0',
  `ComputerID` int(11) NOT NULL DEFAULT '0',
  `DepositOrderID` int(11) NOT NULL DEFAULT '0',
  `ProductID` int(11) NOT NULL DEFAULT '0',
  `ProductSetType` int(11) NOT NULL DEFAULT '0',
  `Amount` decimal(18,4) NOT NULL DEFAULT '0.0000',
  `OrderStatusID` smallint(6) NOT NULL DEFAULT '0',
  `OtherProductName` varchar(50) DEFAULT NULL,
  `Price` decimal(18,4) NOT NULL DEFAULT '0.0000',
  `TotalRetailPrice` decimal(18,4) NOT NULL DEFAULT '0.0000',
  `TotalPrice` decimal(18,4) NOT NULL DEFAULT '0.0000',
  `SalePrice` decimal(18,4) NOT NULL DEFAULT '0.0000',
  `VATType` tinyint(4) NOT NULL DEFAULT '0',
  `DiscountAllow` tinyint(4) NOT NULL DEFAULT '0',
  `PromotionPriceID` int(11) NOT NULL DEFAULT '0',
  `PromotionNPriceID` int(11) NOT NULL DEFAULT '0',
  `HasServiceCharge` tinyint(4) NOT NULL DEFAULT '0',
  `OrderStaffID` int(11) DEFAULT '0',
  `OrderComputerID` int(11) DEFAULT '0',
  `OrderTableID` int(11) DEFAULT '0',
  `VoidStaffID` int(11) NOT NULL DEFAULT '0',
  `PrintStatus` tinyint(4) DEFAULT '0',
  `PrinterID` varchar(50) DEFAULT NULL,
  `PrintGroup` tinyint(4) NOT NULL DEFAULT '0',
  `NoReprintOrder` tinyint(4) NOT NULL DEFAULT '0',
  `SubmitOrderDateTime` datetime DEFAULT NULL,
  PRIMARY KEY (`TransactionID`,`ComputerID`,`DepositOrderID`)
) ENGINE=InnoDB DEFAULT CHARSET=utf8;
/*!40101 SET character_set_client = @saved_cs_client */;

--
-- Dumping data for table `depositorderdetail`
--

LOCK TABLES `depositorderdetail` WRITE;
/*!40000 ALTER TABLE `depositorderdetail` DISABLE KEYS */;
/*!40000 ALTER TABLE `depositorderdetail` ENABLE KEYS */;
UNLOCK TABLES;

--
-- Table structure for table `depositorderproductlinkdetail`
--

DROP TABLE IF EXISTS `depositorderproductlinkdetail`;
/*!40101 SET @saved_cs_client     = @@character_set_client */;
/*!40101 SET character_set_client = utf8 */;
CREATE TABLE `depositorderproductlinkdetail` (
  `TransactionID` int(11) NOT NULL DEFAULT '0',
  `ComputerID` int(11) NOT NULL DEFAULT '0',
  `OrderDetailID` int(11) NOT NULL DEFAULT '0',
  `ProductID` int(11) NOT NULL DEFAULT '0',
  `OrderLinkID` int(11) NOT NULL DEFAULT '0',
  `CommissionPrice` decimal(18,4) NOT NULL DEFAULT '0.0000',
  `CommissionPriceVAT` decimal(18,4) NOT NULL DEFAULT '0.0000',
  `PGroupID` int(11) NOT NULL DEFAULT '0',
  `SetGroupNo` tinyint(4) NOT NULL DEFAULT '0',
  `AmountInFlexiblePerUnit` decimal(18,4) NOT NULL DEFAULT '0.0000',
  PRIMARY KEY (`TransactionID`,`ComputerID`,`OrderDetailID`)
) ENGINE=InnoDB DEFAULT CHARSET=utf8;
/*!40101 SET character_set_client = @saved_cs_client */;

--
-- Dumping data for table `depositorderproductlinkdetail`
--

LOCK TABLES `depositorderproductlinkdetail` WRITE;
/*!40000 ALTER TABLE `depositorderproductlinkdetail` DISABLE KEYS */;
/*!40000 ALTER TABLE `depositorderproductlinkdetail` ENABLE KEYS */;
UNLOCK TABLES;

--
-- Table structure for table `depositorderpromotiondiscountdetail`
--

DROP TABLE IF EXISTS `depositorderpromotiondiscountdetail`;
/*!40101 SET @saved_cs_client     = @@character_set_client */;
/*!40101 SET character_set_client = utf8 */;
CREATE TABLE `depositorderpromotiondiscountdetail` (
  `TransactionID` int(11) NOT NULL DEFAULT '0',
  `ComputerID` int(11) NOT NULL DEFAULT '0',
  `OrderDetailID` int(11) NOT NULL DEFAULT '0',
  `TypeID` tinyint(4) NOT NULL DEFAULT '0',
  `PriceGroupID` int(11) NOT NULL DEFAULT '0',
  `DiscountNo` smallint(6) NOT NULL DEFAULT '0',
  `LinkID` int(11) NOT NULL DEFAULT '0',
  `VoucherID` int(11) NOT NULL DEFAULT '0',
  `CalculateOrder` tinyint(4) NOT NULL DEFAULT '0',
  `OtherPercentDiscount` decimal(18,4) NOT NULL DEFAULT '0.0000',
  `DiscountPrice` decimal(18,4) NOT NULL DEFAULT '0.0000',
  `PriceAfterDiscount` decimal(18,4) NOT NULL DEFAULT '0.0000',
  PRIMARY KEY (`TransactionID`,`ComputerID`,`OrderDetailID`,`TypeID`,`PriceGroupID`,`DiscountNo`)
) ENGINE=InnoDB DEFAULT CHARSET=utf8;
/*!40101 SET character_set_client = @saved_cs_client */;

--
-- Dumping data for table `depositorderpromotiondiscountdetail`
--

LOCK TABLES `depositorderpromotiondiscountdetail` WRITE;
/*!40000 ALTER TABLE `depositorderpromotiondiscountdetail` DISABLE KEYS */;
/*!40000 ALTER TABLE `depositorderpromotiondiscountdetail` ENABLE KEYS */;
UNLOCK TABLES;

--
-- Table structure for table `depositotherincomedetail`
--

DROP TABLE IF EXISTS `depositotherincomedetail`;
/*!40101 SET @saved_cs_client     = @@character_set_client */;
/*!40101 SET character_set_client = utf8 */;
CREATE TABLE `depositotherincomedetail` (
  `TransactionID` int(11) NOT NULL DEFAULT '0',
  `ComputerID` int(11) NOT NULL DEFAULT '0',
  `IncomeDetailID` int(11) NOT NULL DEFAULT '0',
  `IncomeTypeID` int(11) NOT NULL DEFAULT '0',
  `Income` decimal(18,4) NOT NULL DEFAULT '0.0000',
  `IncomeVAT` decimal(18,4) NOT NULL DEFAULT '0.0000',
  `IncomeNote` varchar(250) DEFAULT NULL,
  `VATType` tinyint(4) NOT NULL DEFAULT '0',
  `IncomePercent` decimal(5,2) NOT NULL DEFAULT '0.00',
  `IncomeStatus` tinyint(4) NOT NULL DEFAULT '0',
  `VoidStaffID` int(11) NOT NULL DEFAULT '0',
  `VoidDateTime` datetime DEFAULT NULL,
  `VoidNote` varchar(255) DEFAULT NULL,
  `AddDateTime` datetime DEFAULT NULL,
  PRIMARY KEY (`TransactionID`,`ComputerID`,`IncomeDetailID`)
) ENGINE=InnoDB DEFAULT CHARSET=utf8;
/*!40101 SET character_set_client = @saved_cs_client */;

--
-- Dumping data for table `depositotherincomedetail`
--

LOCK TABLES `depositotherincomedetail` WRITE;
/*!40000 ALTER TABLE `depositotherincomedetail` DISABLE KEYS */;
/*!40000 ALTER TABLE `depositotherincomedetail` ENABLE KEYS */;
UNLOCK TABLES;

--
-- Table structure for table `depositpaybyvoucher`
--

DROP TABLE IF EXISTS `depositpaybyvoucher`;
/*!40101 SET @saved_cs_client     = @@character_set_client */;
/*!40101 SET character_set_client = utf8 */;
CREATE TABLE `depositpaybyvoucher` (
  `TransactionID` int(11) NOT NULL DEFAULT '0',
  `ComputerID` int(11) NOT NULL DEFAULT '0',
  `VoucherID` int(11) NOT NULL DEFAULT '0',
  `VouchertypeID` int(11) NOT NULL DEFAULT '0',
  `CouponVoucherNo` varchar(30) DEFAULT NULL,
  `ReferenceNo` varchar(50) DEFAULT NULL,
  `AuthorizeStaffID` int(11) NOT NULL DEFAULT '0',
  `AuthorizeReason` varchar(255) DEFAULT NULL,
  `OriginalAmount` decimal(18,4) NOT NULL DEFAULT '0.0000',
  `UsedAmount` decimal(18,4) NOT NULL DEFAULT '0.0000',
  `IsSale` tinyint(4) NOT NULL DEFAULT '0',
  `PriceGroupID` int(11) NOT NULL DEFAULT '0',
  `TypeID` tinyint(4) NOT NULL DEFAULT '0',
  PRIMARY KEY (`TransactionID`,`ComputerID`,`VoucherID`,`VouchertypeID`)
) ENGINE=InnoDB DEFAULT CHARSET=utf8;
/*!40101 SET character_set_client = @saved_cs_client */;

--
-- Dumping data for table `depositpaybyvoucher`
--

LOCK TABLES `depositpaybyvoucher` WRITE;
/*!40000 ALTER TABLE `depositpaybyvoucher` DISABLE KEYS */;
/*!40000 ALTER TABLE `depositpaybyvoucher` ENABLE KEYS */;
UNLOCK TABLES;

--
-- Table structure for table `depositproductsetting`
--

DROP TABLE IF EXISTS `depositproductsetting`;
/*!40101 SET @saved_cs_client     = @@character_set_client */;
/*!40101 SET character_set_client = utf8 */;
CREATE TABLE `depositproductsetting` (
  `DepositProductID` int(11) NOT NULL DEFAULT '0',
  `DepositToProductID` int(11) NOT NULL DEFAULT '0',
  `DefaultSelectDepositDay` smallint(6) NOT NULL DEFAULT '30',
  `IsFixDepositDay` tinyint(4) NOT NULL DEFAULT '0',
  `MaxNoDepositDay` smallint(6) NOT NULL DEFAULT '30',
  `CheckPickupDepositWhenEndDay` smallint(6) NOT NULL DEFAULT '0',
  `ApplyDiscountAtPickupType` tinyint(4) NOT NULL DEFAULT '1',
  `PrintDepositDetailInJobOrder` tinyint(4) NOT NULL DEFAULT '0',
  `PrinterIDForJobOrder` varchar(50) DEFAULT NULL
) ENGINE=InnoDB DEFAULT CHARSET=utf8;
/*!40101 SET character_set_client = @saved_cs_client */;

--
-- Dumping data for table `depositproductsetting`
--

LOCK TABLES `depositproductsetting` WRITE;
/*!40000 ALTER TABLE `depositproductsetting` DISABLE KEYS */;
/*!40000 ALTER TABLE `depositproductsetting` ENABLE KEYS */;
UNLOCK TABLES;

--
-- Table structure for table `depositshopbank`
--

DROP TABLE IF EXISTS `depositshopbank`;
/*!40101 SET @saved_cs_client     = @@character_set_client */;
/*!40101 SET character_set_client = utf8 */;
CREATE TABLE `depositshopbank` (
  `ShopID` int(11) NOT NULL DEFAULT '0',
  `BankID` smallint(6) NOT NULL DEFAULT '0',
  `DefaultBank` tinyint(4) NOT NULL DEFAULT '0',
  PRIMARY KEY (`BankID`,`ShopID`)
) ENGINE=InnoDB DEFAULT CHARSET=utf8;
/*!40101 SET character_set_client = @saved_cs_client */;

--
-- Dumping data for table `depositshopbank`
--

LOCK TABLES `depositshopbank` WRITE;
/*!40000 ALTER TABLE `depositshopbank` DISABLE KEYS */;
/*!40000 ALTER TABLE `depositshopbank` ENABLE KEYS */;
UNLOCK TABLES;

--
-- Table structure for table `depositskiptransaction`
--

DROP TABLE IF EXISTS `depositskiptransaction`;
/*!40101 SET @saved_cs_client     = @@character_set_client */;
/*!40101 SET character_set_client = utf8 */;
CREATE TABLE `depositskiptransaction` (
  `ComputerID` int(11) NOT NULL DEFAULT '0',
  `SkipNumber` tinyint(4) NOT NULL DEFAULT '0',
  PRIMARY KEY (`ComputerID`)
) ENGINE=InnoDB DEFAULT CHARSET=tis620;
/*!40101 SET character_set_client = @saved_cs_client */;

--
-- Dumping data for table `depositskiptransaction`
--

LOCK TABLES `depositskiptransaction` WRITE;
/*!40000 ALTER TABLE `depositskiptransaction` DISABLE KEYS */;
/*!40000 ALTER TABLE `depositskiptransaction` ENABLE KEYS */;
UNLOCK TABLES;

--
-- Table structure for table `deposittransaction`
--

DROP TABLE IF EXISTS `deposittransaction`;
/*!40101 SET @saved_cs_client     = @@character_set_client */;
/*!40101 SET character_set_client = utf8 */;
CREATE TABLE `deposittransaction` (
  `TransactionID` int(11) NOT NULL DEFAULT '0',
  `ComputerID` int(11) NOT NULL DEFAULT '0',
  `DepositToTransactionID` int(11) NOT NULL DEFAULT '0',
  `DepositToComputerID` int(11) NOT NULL DEFAULT '0',
  `DepositStatus` tinyint(4) NOT NULL DEFAULT '0',
  `TransactionName` varchar(50) DEFAULT NULL,
  `DepositDate` date DEFAULT NULL,
  `PickupDate` date DEFAULT NULL,
  `PickupTime` datetime DEFAULT NULL,
  `ShopID` int(11) NOT NULL DEFAULT '0',
  `SalePrice` decimal(18,4) NOT NULL DEFAULT '0.0000',
  `DepositPrice` decimal(18,4) NOT NULL DEFAULT '0.0000',
  `TransactionExcludeVAT` decimal(18,4) NOT NULL DEFAULT '0.0000',
  `ServiceCharge` decimal(18,4) NOT NULL DEFAULT '0.0000',
  `ServiceChargeVAT` decimal(18,4) NOT NULL DEFAULT '0.0000',
  `OtherIncome` decimal(18,4) NOT NULL DEFAULT '0.0000',
  `OtherIncomeVAT` decimal(18,4) NOT NULL DEFAULT '0.0000',
  `VATPercent` decimal(5,2) NOT NULL DEFAULT '0.00',
  `ServiceChargePercent` decimal(5,2) NOT NULL DEFAULT '0.00',
  `MemberID` int(11) NOT NULL DEFAULT '0',
  `TransactionNote` varchar(200) DEFAULT NULL,
  `CanDiscountWhenPickup` tinyint(4) NOT NULL DEFAULT '0',
  `InsertDate` datetime DEFAULT NULL,
  `InsertStaffID` int(11) NOT NULL DEFAULT '0',
  `UpdateDate` datetime DEFAULT NULL,
  `UpdateStaffID` int(11) NOT NULL DEFAULT '0',
  `AlreadyExportToHQ` tinyint(4) NOT NULL DEFAULT '0',
  `ReferenceNo` varchar(10) DEFAULT NULL,
  PRIMARY KEY (`TransactionID`,`ComputerID`)
) ENGINE=InnoDB DEFAULT CHARSET=utf8;
/*!40101 SET character_set_client = @saved_cs_client */;

--
-- Dumping data for table `deposittransaction`
--

LOCK TABLES `deposittransaction` WRITE;
/*!40000 ALTER TABLE `deposittransaction` DISABLE KEYS */;
/*!40000 ALTER TABLE `deposittransaction` ENABLE KEYS */;
UNLOCK TABLES;

--
-- Table structure for table `deposittransactionstatus`
--

DROP TABLE IF EXISTS `deposittransactionstatus`;
/*!40101 SET @saved_cs_client     = @@character_set_client */;
/*!40101 SET character_set_client = utf8 */;
CREATE TABLE `deposittransactionstatus` (
  `DepositTransactionStatusID` tinyint(4) NOT NULL DEFAULT '0',
  `Description` varchar(50) DEFAULT NULL,
  PRIMARY KEY (`DepositTransactionStatusID`)
) ENGINE=InnoDB DEFAULT CHARSET=utf8;
/*!40101 SET character_set_client = @saved_cs_client */;

--
-- Dumping data for table `deposittransactionstatus`
--

LOCK TABLES `deposittransactionstatus` WRITE;
/*!40000 ALTER TABLE `deposittransactionstatus` DISABLE KEYS */;
INSERT INTO `deposittransactionstatus` VALUES (1,'Deposit'),(2,'Finish Process'),(3,'Link To Transaction'),(4,'Cancel Deposit');
/*!40000 ALTER TABLE `deposittransactionstatus` ENABLE KEYS */;
UNLOCK TABLES;

--
-- Table structure for table `discountbutton`
--

DROP TABLE IF EXISTS `discountbutton`;
/*!40101 SET @saved_cs_client     = @@character_set_client */;
/*!40101 SET character_set_client = utf8 */;
CREATE TABLE `discountbutton` (
  `ID` int(11) NOT NULL DEFAULT '0',
  `Discount` decimal(10,4) NOT NULL DEFAULT '0.0000',
  `Type` tinyint(4) NOT NULL DEFAULT '1',
  `MemberStaffCode` varchar(50) DEFAULT NULL,
  `CouponHeader` varchar(50) DEFAULT NULL,
  `CouponTypeName` varchar(100) DEFAULT NULL,
  `ButtonOrder` int(11) NOT NULL DEFAULT '0',
  `ButtonName` varchar(50) DEFAULT NULL,
  `SaleModeAvailable` varchar(100) DEFAULT NULL,
  `Deleted` tinyint(2) NOT NULL DEFAULT '0',
  PRIMARY KEY (`ID`)
) ENGINE=InnoDB DEFAULT CHARSET=utf8;
/*!40101 SET character_set_client = @saved_cs_client */;

--
-- Dumping data for table `discountbutton`
--

LOCK TABLES `discountbutton` WRITE;
/*!40000 ALTER TABLE `discountbutton` DISABLE KEYS */;
INSERT INTO `discountbutton` VALUES (2,'0.0000',5,NULL,'cSam10','Sample Coupon',2,NULL,NULL,0),(3,'0.0000',6,NULL,'vsam20','Sample Voucher20B',4,NULL,NULL,0);
/*!40000 ALTER TABLE `discountbutton` ENABLE KEYS */;
UNLOCK TABLES;

--
-- Table structure for table `discountpriority`
--

DROP TABLE IF EXISTS `discountpriority`;
/*!40101 SET @saved_cs_client     = @@character_set_client */;
/*!40101 SET character_set_client = utf8 */;
CREATE TABLE `discountpriority` (
  `DiscounTypeID` int(11) NOT NULL DEFAULT '0',
  `DiscountName` varchar(50) DEFAULT NULL,
  `Priority` tinyint(4) NOT NULL DEFAULT '0',
  PRIMARY KEY (`DiscounTypeID`)
) ENGINE=InnoDB DEFAULT CHARSET=utf8;
/*!40101 SET character_set_client = @saved_cs_client */;

--
-- Dumping data for table `discountpriority`
--

LOCK TABLES `discountpriority` WRITE;
/*!40000 ALTER TABLE `discountpriority` DISABLE KEYS */;
INSERT INTO `discountpriority` VALUES (1,'Member/StaffDiscount',1),(2,'CouponDiscount',2),(3,'OtherDiscount',3),(4,'VoucherDiscount',0);
/*!40000 ALTER TABLE `discountpriority` ENABLE KEYS */;
UNLOCK TABLES;

--
-- Table structure for table `discounttype`
--

DROP TABLE IF EXISTS `discounttype`;
/*!40101 SET @saved_cs_client     = @@character_set_client */;
/*!40101 SET character_set_client = utf8 */;
CREATE TABLE `discounttype` (
  `TypeID` int(11) NOT NULL DEFAULT '0',
  `DiscountName` varchar(100) DEFAULT NULL,
  `Deleted` tinyint(2) NOT NULL DEFAULT '0',
  PRIMARY KEY (`TypeID`)
) ENGINE=InnoDB DEFAULT CHARSET=utf8;
/*!40101 SET character_set_client = @saved_cs_client */;

--
-- Dumping data for table `discounttype`
--

LOCK TABLES `discounttype` WRITE;
/*!40000 ALTER TABLE `discounttype` DISABLE KEYS */;
INSERT INTO `discounttype` VALUES (1,'Member/Staff Discount',0),(2,'Coupon Discount',0),(3,'Other Discount',0),(4,'Voucher Discount',0);
/*!40000 ALTER TABLE `discounttype` ENABLE KEYS */;
UNLOCK TABLES;

--
-- Table structure for table `displayadvisionorderdetail`
--

DROP TABLE IF EXISTS `displayadvisionorderdetail`;
/*!40101 SET @saved_cs_client     = @@character_set_client */;
/*!40101 SET character_set_client = utf8 */;
CREATE TABLE `displayadvisionorderdetail` (
  `TransactionID` int(11) NOT NULL DEFAULT '0',
  `ComputerID` int(11) NOT NULL DEFAULT '0',
  `OrderDetailID` int(11) NOT NULL DEFAULT '0',
  `Ordering` int(11) NOT NULL DEFAULT '0',
  `OrderName` varchar(120) DEFAULT NULL,
  `Amount` decimal(18,4) NOT NULL DEFAULT '0.0000',
  `TotalPrice` decimal(18,4) NOT NULL DEFAULT '0.0000',
  `DisplayComputerID` int(11) NOT NULL DEFAULT '0',
  PRIMARY KEY (`TransactionID`,`ComputerID`,`OrderDetailID`,`DisplayComputerID`)
) ENGINE=InnoDB DEFAULT CHARSET=utf8;
/*!40101 SET character_set_client = @saved_cs_client */;

--
-- Dumping data for table `displayadvisionorderdetail`
--

LOCK TABLES `displayadvisionorderdetail` WRITE;
/*!40000 ALTER TABLE `displayadvisionorderdetail` DISABLE KEYS */;
/*!40000 ALTER TABLE `displayadvisionorderdetail` ENABLE KEYS */;
UNLOCK TABLES;

--
-- Table structure for table `displayadvisionsummarydetail`
--

DROP TABLE IF EXISTS `displayadvisionsummarydetail`;
/*!40101 SET @saved_cs_client     = @@character_set_client */;
/*!40101 SET character_set_client = utf8 */;
CREATE TABLE `displayadvisionsummarydetail` (
  `TransactionID` int(11) NOT NULL DEFAULT '0',
  `ComputerID` int(11) NOT NULL DEFAULT '0',
  `LineID` int(11) NOT NULL DEFAULT '0',
  `DisplayText` varchar(120) DEFAULT NULL,
  `SummaryValue` decimal(18,4) NOT NULL DEFAULT '0.0000',
  `DisplayComputerID` int(11) NOT NULL DEFAULT '0',
  PRIMARY KEY (`TransactionID`,`ComputerID`,`LineID`,`DisplayComputerID`)
) ENGINE=InnoDB DEFAULT CHARSET=utf8;
/*!40101 SET character_set_client = @saved_cs_client */;

--
-- Dumping data for table `displayadvisionsummarydetail`
--

LOCK TABLES `displayadvisionsummarydetail` WRITE;
/*!40000 ALTER TABLE `displayadvisionsummarydetail` DISABLE KEYS */;
/*!40000 ALTER TABLE `displayadvisionsummarydetail` ENABLE KEYS */;
UNLOCK TABLES;

--
-- Table structure for table `displaylistmemberdescription`
--

DROP TABLE IF EXISTS `displaylistmemberdescription`;
/*!40101 SET @saved_cs_client     = @@character_set_client */;
/*!40101 SET character_set_client = utf8 */;
CREATE TABLE `displaylistmemberdescription` (
  `DisplayID` int(11) NOT NULL DEFAULT '0',
  `Description` varchar(50) DEFAULT NULL,
  PRIMARY KEY (`DisplayID`)
) ENGINE=InnoDB DEFAULT CHARSET=utf8;
/*!40101 SET character_set_client = @saved_cs_client */;

--
-- Dumping data for table `displaylistmemberdescription`
--

LOCK TABLES `displaylistmemberdescription` WRITE;
/*!40000 ALTER TABLE `displaylistmemberdescription` DISABLE KEYS */;
INSERT INTO `displaylistmemberdescription` VALUES (-1,'Display List Member'),(0,'Search By Telephone'),(1,'Search By Member Code'),(2,'Search By Member Name');
/*!40000 ALTER TABLE `displaylistmemberdescription` ENABLE KEYS */;
UNLOCK TABLES;

--
-- Table structure for table `docdetail`
--

DROP TABLE IF EXISTS `docdetail`;
/*!40101 SET @saved_cs_client     = @@character_set_client */;
/*!40101 SET character_set_client = utf8 */;
CREATE TABLE `docdetail` (
  `DocDetailID` int(11) NOT NULL DEFAULT '0',
  `DocumentID` int(11) NOT NULL DEFAULT '0',
  `ShopID` int(11) NOT NULL DEFAULT '0',
  `ProductID` int(11) DEFAULT NULL,
  `SupplierMaterialCode` varchar(50) NOT NULL DEFAULT '',
  `ProductUnit` int(11) NOT NULL DEFAULT '0',
  `ProductAmount` decimal(18,4) NOT NULL DEFAULT '0.0000',
  `ProductDiscount` decimal(18,4) NOT NULL DEFAULT '0.0000',
  `ProductTax` decimal(18,6) NOT NULL DEFAULT '0.000000',
  `ProductPricePerUnit` decimal(18,4) NOT NULL DEFAULT '0.0000',
  `MarkUp` decimal(10,4) NOT NULL DEFAULT '0.0000',
  `PricePerUnitBeforeMark` decimal(18,4) NOT NULL DEFAULT '0.0000',
  `ProductTaxType` tinyint(4) NOT NULL DEFAULT '1',
  `ProductTaxIn` decimal(18,6) NOT NULL DEFAULT '0.000000',
  `ProductDiscountAmount` decimal(18,4) NOT NULL DEFAULT '0.0000',
  `UnitName` varchar(50) DEFAULT NULL,
  `UnitSmallAmount` decimal(18,4) NOT NULL DEFAULT '0.0000',
  `RequestSmallAmount` decimal(18,4) NOT NULL DEFAULT '0.0000',
  `PrepareSmallAmount` decimal(18,4) NOT NULL DEFAULT '0.0000',
  `TransferSmallAmount` decimal(18,4) NOT NULL DEFAULT '0.0000',
  `ROSmallAmount` decimal(18,4) NOT NULL DEFAULT '0.0000',
  `DefaultInCompare` tinyint(4) NOT NULL DEFAULT '0',
  `ReferenceNetPrice` decimal(18,6) NOT NULL DEFAULT '0.000000',
  `ReferenceProductTax` decimal(18,6) NOT NULL DEFAULT '0.000000',
  `UnitID` int(11) NOT NULL DEFAULT '0',
  `ProductNetPrice` decimal(18,6) NOT NULL DEFAULT '0.000000',
  `DeliveryCost` decimal(18,4) NOT NULL DEFAULT '0.0000',
  `DeliveryCost2` decimal(18,4) NOT NULL DEFAULT '0.0000',
  `OtherDiscount` decimal(18,4) NOT NULL DEFAULT '0.0000',
  `AdjustLinkGroup` int(11) NOT NULL DEFAULT '0',
  `ExtraValue1` decimal(18,4) NOT NULL DEFAULT '0.0000',
  `ExtraValue2` decimal(18,4) NOT NULL DEFAULT '0.0000',
  `ExtraValue3` decimal(18,4) NOT NULL DEFAULT '0.0000',
  `ExtraValue4` decimal(18,4) NOT NULL DEFAULT '0.0000',
  `ExtraValue5` decimal(18,4) NOT NULL DEFAULT '0.0000',
  `ExtraText1` varchar(200) DEFAULT NULL,
  `ExtraText2` varchar(200) DEFAULT NULL,
  `ExtraText3` varchar(200) DEFAULT NULL,
  `ExtraText4` varchar(200) DEFAULT NULL,
  `ExtraText5` varchar(200) DEFAULT NULL,
  PRIMARY KEY (`DocDetailID`,`DocumentID`,`ShopID`),
  KEY `DocDetailMaterialIndex` (`DocumentID`,`ShopID`,`ProductID`)
) ENGINE=InnoDB DEFAULT CHARSET=utf8;
/*!40101 SET character_set_client = @saved_cs_client */;

--
-- Dumping data for table `docdetail`
--

LOCK TABLES `docdetail` WRITE;
/*!40000 ALTER TABLE `docdetail` DISABLE KEYS */;
INSERT INTO `docdetail` VALUES (1,500000,2,1,'',1,'1.0000','0.0000','6.542056','100.0000','0.0000','0.0000',2,'0.000000','0.0000','ตัว','1.0000','0.0000','0.0000','0.0000','1.0000',1,'0.000000','0.000000',1,'93.457944','0.0000','0.0000','0.0000',0,'0.0000','0.0000','0.0000','0.0000','0.0000','','','','','');
/*!40000 ALTER TABLE `docdetail` ENABLE KEYS */;
UNLOCK TABLES;

--
-- Table structure for table `docdetailtemp`
--

DROP TABLE IF EXISTS `docdetailtemp`;
/*!40101 SET @saved_cs_client     = @@character_set_client */;
/*!40101 SET character_set_client = utf8 */;
CREATE TABLE `docdetailtemp` (
  `DocDetailID` int(11) NOT NULL DEFAULT '0',
  `DocumentID` int(11) NOT NULL DEFAULT '0',
  `ShopID` int(11) NOT NULL DEFAULT '0',
  `DocumentTypeID` int(11) DEFAULT NULL,
  `ProductID` int(11) DEFAULT NULL,
  `SupplierMaterialCode` varchar(50) NOT NULL DEFAULT '',
  `ProductUnit` int(11) NOT NULL DEFAULT '0',
  `ProductAmount` decimal(18,4) NOT NULL DEFAULT '0.0000',
  `ProductDiscount` decimal(18,4) NOT NULL DEFAULT '0.0000',
  `ProductTax` decimal(18,6) NOT NULL DEFAULT '0.000000',
  `ProductPricePerUnit` decimal(18,4) NOT NULL DEFAULT '0.0000',
  `MarkUp` decimal(10,4) NOT NULL DEFAULT '0.0000',
  `PricePerUnitBeforeMark` decimal(18,4) NOT NULL DEFAULT '0.0000',
  `ProductTaxType` tinyint(4) NOT NULL DEFAULT '1',
  `ProductTaxIn` decimal(18,6) NOT NULL DEFAULT '0.000000',
  `StaffID` int(11) NOT NULL DEFAULT '0',
  `ProductDiscountAmount` decimal(18,4) NOT NULL DEFAULT '0.0000',
  `UnitName` varchar(50) DEFAULT NULL,
  `UnitSmallAmount` decimal(18,4) NOT NULL DEFAULT '0.0000',
  `RequestSmallAmount` decimal(18,4) NOT NULL DEFAULT '0.0000',
  `PrepareSmallAmount` decimal(18,4) NOT NULL DEFAULT '0.0000',
  `TransferSmallAmount` decimal(18,4) NOT NULL DEFAULT '0.0000',
  `ROSmallAmount` decimal(18,4) NOT NULL DEFAULT '0.0000',
  `DefaultInCompare` tinyint(4) NOT NULL DEFAULT '0',
  `ReferenceNetPrice` decimal(18,6) NOT NULL DEFAULT '0.000000',
  `ReferenceProductTax` decimal(18,6) NOT NULL DEFAULT '0.000000',
  `UnitID` int(11) NOT NULL DEFAULT '0',
  `ProductNetPrice` decimal(18,6) NOT NULL DEFAULT '0.000000',
  `DeliveryCost` decimal(18,4) NOT NULL DEFAULT '0.0000',
  `DeliveryCost2` decimal(18,4) NOT NULL DEFAULT '0.0000',
  `OtherDiscount` decimal(18,4) NOT NULL DEFAULT '0.0000',
  `ExtraValue1` decimal(18,4) NOT NULL DEFAULT '0.0000',
  `ExtraValue2` decimal(18,4) NOT NULL DEFAULT '0.0000',
  `ExtraValue3` decimal(18,4) NOT NULL DEFAULT '0.0000',
  `ExtraValue4` decimal(18,4) NOT NULL DEFAULT '0.0000',
  `ExtraValue5` decimal(18,4) NOT NULL DEFAULT '0.0000',
  `ExtraText1` varchar(200) DEFAULT NULL,
  `ExtraText2` varchar(200) DEFAULT NULL,
  `ExtraText3` varchar(200) DEFAULT NULL,
  `ExtraText4` varchar(200) DEFAULT NULL,
  `ExtraText5` varchar(200) DEFAULT NULL,
  PRIMARY KEY (`DocDetailID`,`DocumentID`,`ShopID`)
) ENGINE=InnoDB DEFAULT CHARSET=utf8;
/*!40101 SET character_set_client = @saved_cs_client */;

--
-- Dumping data for table `docdetailtemp`
--

LOCK TABLES `docdetailtemp` WRITE;
/*!40000 ALTER TABLE `docdetailtemp` DISABLE KEYS */;
/*!40000 ALTER TABLE `docdetailtemp` ENABLE KEYS */;
UNLOCK TABLES;

--
-- Table structure for table `document`
--

DROP TABLE IF EXISTS `document`;
/*!40101 SET @saved_cs_client     = @@character_set_client */;
/*!40101 SET character_set_client = utf8 */;
CREATE TABLE `document` (
  `DocumentID` int(11) NOT NULL DEFAULT '0',
  `ShopID` int(11) NOT NULL DEFAULT '0',
  `VendorID` int(11) NOT NULL DEFAULT '0',
  `VendorGroupID` int(11) NOT NULL DEFAULT '0',
  `VendorShopID` int(11) NOT NULL DEFAULT '0',
  `DocumentTypeID` int(11) DEFAULT NULL,
  `DocumentYear` smallint(6) DEFAULT NULL,
  `DocumentMonth` tinyint(4) DEFAULT NULL,
  `DocumentNumber` int(11) DEFAULT NULL,
  `DocumentDate` datetime DEFAULT NULL,
  `InputBy` int(11) NOT NULL DEFAULT '0',
  `UpdateBy` int(11) NOT NULL DEFAULT '0',
  `ApproveBy` int(11) NOT NULL DEFAULT '0',
  `VoidBy` int(11) NOT NULL DEFAULT '0',
  `ReceiveBy` int(11) NOT NULL DEFAULT '0',
  `DocumentStatus` tinyint(4) NOT NULL DEFAULT '0',
  `InvoiceRef` varchar(50) DEFAULT NULL,
  `DocumentIDRef` int(11) NOT NULL DEFAULT '0',
  `DocIDRefShopID` int(11) NOT NULL DEFAULT '0',
  `ProductLevelID` int(11) NOT NULL DEFAULT '0',
  `ToInvID` int(11) NOT NULL DEFAULT '0',
  `FromInvID` int(11) NOT NULL DEFAULT '0',
  `FromTemplateID` int(11) NOT NULL DEFAULT '0',
  `FromTemplateShopID` int(11) NOT NULL DEFAULT '0',
  `CompareAmountFromType` tinyint(4) NOT NULL DEFAULT '0',
  `IsSmallUnit` tinyint(2) NOT NULL DEFAULT '0',
  `Remark` text,
  `TermOfPayment` tinyint(4) NOT NULL DEFAULT '0',
  `DueDate` datetime DEFAULT NULL,
  `DocumentHeader` int(11) NOT NULL DEFAULT '0',
  `CreditDay` smallint(6) NOT NULL DEFAULT '0',
  `InsertDate` datetime DEFAULT NULL,
  `UpdateDate` datetime DEFAULT NULL,
  `ApproveDate` datetime DEFAULT NULL,
  `CancelDate` datetime DEFAULT NULL,
  `NewSend` tinyint(2) NOT NULL DEFAULT '0',
  `CurrentAccessStaff` int(11) NOT NULL DEFAULT '0',
  `OtherPercentDiscount` decimal(5,2) NOT NULL DEFAULT '0.00',
  `OtherAmountDiscount` decimal(18,4) NOT NULL DEFAULT '0.0000',
  `DocumentVATType` tinyint(4) NOT NULL DEFAULT '0',
  `VATPercent` decimal(5,2) NOT NULL DEFAULT '0.00',
  `InvoicePODate` date DEFAULT NULL,
  `InvoicePOTotalPriceBeforeVAT` decimal(18,6) NOT NULL DEFAULT '0.000000',
  `InvoicePOTotalPriceIncludeVAT` decimal(18,6) NOT NULL DEFAULT '0.000000',
  `LockEditDetail` tinyint(4) NOT NULL DEFAULT '0',
  `ExtraValue1` decimal(18,4) NOT NULL DEFAULT '0.0000',
  `ExtraValue2` decimal(18,4) NOT NULL DEFAULT '0.0000',
  `ExtraValue3` decimal(18,4) NOT NULL DEFAULT '0.0000',
  `ExtraValue4` decimal(18,4) NOT NULL DEFAULT '0.0000',
  `ExtraText1` varchar(200) DEFAULT NULL,
  `ExtraText2` varchar(200) DEFAULT NULL,
  `ExtraText3` varchar(200) DEFAULT NULL,
  `ExtraText4` varchar(200) DEFAULT NULL,
  `DocumentBatchID` int(11) NOT NULL DEFAULT '0',
  `DocumentBatchShopID` int(11) NOT NULL DEFAULT '0',
  `AlreadyExportToHQ` tinyint(4) NOT NULL DEFAULT '0',
  `AlreadyExportToBranch` tinyint(4) NOT NULL DEFAULT '0',
  `IsUpdateDocDetail` tinyint(4) NOT NULL DEFAULT '0',
  PRIMARY KEY (`DocumentID`,`ShopID`),
  KEY `DocumentDateIndex` (`DocumentDate`),
  KEY `DocumentTypeIndex` (`DocumentTypeID`,`ProductLevelID`),
  KEY `DocumentSearchStaffIndex` (`DocumentTypeID`,`InputBy`,`DocumentStatus`),
  KEY `DocumentRefIndex` (`DocumentIDRef`,`DocIDRefShopID`),
  KEY `DocumentReferenceIndex` (`DocumentIDRef`,`DocIDRefShopID`),
  KEY `DocumentNumberIndex` (`DocumentTypeID`,`DocumentYear`,`DocumentMonth`,`ShopID`),
  KEY `DocumentBatchIndex` (`DocumentBatchID`,`DocumentBatchShopID`)
) ENGINE=InnoDB DEFAULT CHARSET=utf8;
/*!40101 SET character_set_client = @saved_cs_client */;

--
-- Dumping data for table `document`
--

LOCK TABLES `document` WRITE;
/*!40000 ALTER TABLE `document` DISABLE KEYS */;
INSERT INTO `document` VALUES (500000,2,0,0,2,39,2013,11,1,'2013-11-06 00:00:00',2,2,2,0,0,2,'',0,0,2,2,0,0,0,0,0,'',0,'2000-01-01 00:00:00',0,0,'2013-11-06 21:11:04','2013-11-06 21:13:02','2013-11-06 21:13:02',NULL,0,0,'0.00','0.0000',0,'7.00',NULL,'0.000000','0.000000',0,'0.0000','0.0000','0.0000','0.0000',NULL,NULL,NULL,NULL,0,0,0,0,0);
/*!40000 ALTER TABLE `document` ENABLE KEYS */;
UNLOCK TABLES;

--
-- Table structure for table `documentaverage`
--

DROP TABLE IF EXISTS `documentaverage`;
/*!40101 SET @saved_cs_client     = @@character_set_client */;
/*!40101 SET character_set_client = utf8 */;
CREATE TABLE `documentaverage` (
  `ShopID` int(11) NOT NULL DEFAULT '0',
  `DocumentTypeID` int(11) NOT NULL DEFAULT '0',
  `DocumentMonth` smallint(6) NOT NULL DEFAULT '0',
  `DocumentYear` smallint(6) NOT NULL DEFAULT '0',
  `MaterialID` int(11) DEFAULT '0',
  `AvgAmount` decimal(10,4) NOT NULL DEFAULT '0.0000',
  `AvgAmountUnitSmall` decimal(10,4) NOT NULL DEFAULT '0.0000',
  `UnitSmallID` int(11) NOT NULL DEFAULT '0',
  `UnitID` int(11) NOT NULL DEFAULT '0',
  `UnitRatio` int(11) NOT NULL DEFAULT '0',
  `UnitName` varchar(100) DEFAULT NULL,
  PRIMARY KEY (`ShopID`,`DocumentTypeID`,`DocumentMonth`,`DocumentYear`)
) ENGINE=InnoDB DEFAULT CHARSET=tis620;
/*!40101 SET character_set_client = @saved_cs_client */;

--
-- Dumping data for table `documentaverage`
--

LOCK TABLES `documentaverage` WRITE;
/*!40000 ALTER TABLE `documentaverage` DISABLE KEYS */;
/*!40000 ALTER TABLE `documentaverage` ENABLE KEYS */;
UNLOCK TABLES;

--
-- Table structure for table `documentbatch`
--

DROP TABLE IF EXISTS `documentbatch`;
/*!40101 SET @saved_cs_client     = @@character_set_client */;
/*!40101 SET character_set_client = utf8 */;
CREATE TABLE `documentbatch` (
  `DocumentBatchID` int(11) NOT NULL DEFAULT '0',
  `ShopID` int(11) NOT NULL DEFAULT '0',
  `BatchTypeID` int(11) NOT NULL DEFAULT '0',
  `BatchDate` date DEFAULT NULL,
  `BatchDueDate` date DEFAULT NULL,
  `BatchYear` smallint(6) NOT NULL DEFAULT '0',
  `BatchMonth` smallint(6) NOT NULL DEFAULT '0',
  `BatchNumber` int(11) NOT NULL DEFAULT '0',
  `BatchInvID` int(11) NOT NULL DEFAULT '0',
  `BatchName` varchar(50) DEFAULT NULL,
  `BatchNote` text,
  `BatchStatus` tinyint(4) NOT NULL DEFAULT '0',
  `InputBy` int(11) NOT NULL DEFAULT '0',
  `UpdateBy` int(11) NOT NULL DEFAULT '0',
  `ApproveBy` int(11) NOT NULL DEFAULT '0',
  `VoidBy` int(11) NOT NULL DEFAULT '0',
  `InsertDate` datetime DEFAULT NULL,
  `UpdateDate` datetime DEFAULT NULL,
  `ApproveDate` datetime DEFAULT NULL,
  `CancelDate` datetime DEFAULT NULL,
  `BatchRefID` int(11) NOT NULL DEFAULT '0',
  `BatchRefShopID` int(11) NOT NULL DEFAULT '0',
  `CurrentAccessStaff` int(11) NOT NULL DEFAULT '0',
  `AlreadyProcess` tinyint(4) NOT NULL DEFAULT '0',
  PRIMARY KEY (`DocumentBatchID`,`ShopID`)
) ENGINE=InnoDB DEFAULT CHARSET=utf8;
/*!40101 SET character_set_client = @saved_cs_client */;

--
-- Dumping data for table `documentbatch`
--

LOCK TABLES `documentbatch` WRITE;
/*!40000 ALTER TABLE `documentbatch` DISABLE KEYS */;
/*!40000 ALTER TABLE `documentbatch` ENABLE KEYS */;
UNLOCK TABLES;

--
-- Table structure for table `documentbatchlink`
--

DROP TABLE IF EXISTS `documentbatchlink`;
/*!40101 SET @saved_cs_client     = @@character_set_client */;
/*!40101 SET character_set_client = utf8 */;
CREATE TABLE `documentbatchlink` (
  `BatchID` int(11) NOT NULL DEFAULT '0',
  `BatchShopID` int(11) NOT NULL DEFAULT '0',
  `BatchTypeID` int(11) NOT NULL DEFAULT '0',
  `IsAlreadyCancel` tinyint(4) NOT NULL DEFAULT '0',
  `ReferenceFromBatchID` int(11) NOT NULL DEFAULT '0',
  `ReferenceFromBatchShopID` int(11) NOT NULL DEFAULT '0',
  `ReferenceBatchTypeID` int(11) NOT NULL DEFAULT '0',
  PRIMARY KEY (`BatchID`,`BatchShopID`,`ReferenceFromBatchID`,`ReferenceFromBatchShopID`)
) ENGINE=InnoDB DEFAULT CHARSET=utf8;
/*!40101 SET character_set_client = @saved_cs_client */;

--
-- Dumping data for table `documentbatchlink`
--

LOCK TABLES `documentbatchlink` WRITE;
/*!40000 ALTER TABLE `documentbatchlink` DISABLE KEYS */;
/*!40000 ALTER TABLE `documentbatchlink` ENABLE KEYS */;
UNLOCK TABLES;

--
-- Table structure for table `documentbatchsummarymaterialbyshop`
--

DROP TABLE IF EXISTS `documentbatchsummarymaterialbyshop`;
/*!40101 SET @saved_cs_client     = @@character_set_client */;
/*!40101 SET character_set_client = utf8 */;
CREATE TABLE `documentbatchsummarymaterialbyshop` (
  `BatchID` int(11) NOT NULL DEFAULT '0',
  `BatchShopID` int(11) NOT NULL DEFAULT '0',
  `ToInventoryID` int(11) NOT NULL DEFAULT '0',
  `MaterialID` int(11) NOT NULL DEFAULT '0',
  `FromBatchType` int(11) NOT NULL DEFAULT '0',
  `MaterialSmallAmount` decimal(18,4) NOT NULL DEFAULT '0.0000',
  `RequestSmallAmount` decimal(18,4) NOT NULL DEFAULT '0.0000',
  `PrepareSmallAmount` decimal(18,4) NOT NULL DEFAULT '0.0000',
  `TransferSmallAmount` decimal(18,4) NOT NULL DEFAULT '0.0000',
  `ROSmallAmount` decimal(18,4) NOT NULL DEFAULT '0.0000',
  PRIMARY KEY (`BatchID`,`BatchShopID`,`ToInventoryID`,`MaterialID`)
) ENGINE=InnoDB DEFAULT CHARSET=utf8;
/*!40101 SET character_set_client = @saved_cs_client */;

--
-- Dumping data for table `documentbatchsummarymaterialbyshop`
--

LOCK TABLES `documentbatchsummarymaterialbyshop` WRITE;
/*!40000 ALTER TABLE `documentbatchsummarymaterialbyshop` DISABLE KEYS */;
/*!40000 ALTER TABLE `documentbatchsummarymaterialbyshop` ENABLE KEYS */;
UNLOCK TABLES;

--
-- Table structure for table `documentcreatepofrombatchsetting`
--

DROP TABLE IF EXISTS `documentcreatepofrombatchsetting`;
/*!40101 SET @saved_cs_client     = @@character_set_client */;
/*!40101 SET character_set_client = utf8 */;
CREATE TABLE `documentcreatepofrombatchsetting` (
  `POID` int(11) NOT NULL DEFAULT '0',
  `PODisplayName` varchar(100) DEFAULT NULL,
  `PODocumentTypeID` int(11) NOT NULL DEFAULT '0',
  `POFromBatchTypeID` int(11) NOT NULL DEFAULT '0',
  `RequestDocumentTypeID` int(11) NOT NULL DEFAULT '0',
  `RequestDocumentInventoryID` int(11) NOT NULL DEFAULT '0',
  `RequestDocumentToInventoryID` int(11) NOT NULL DEFAULT '0',
  PRIMARY KEY (`POID`)
) ENGINE=InnoDB DEFAULT CHARSET=utf8;
/*!40101 SET character_set_client = @saved_cs_client */;

--
-- Dumping data for table `documentcreatepofrombatchsetting`
--

LOCK TABLES `documentcreatepofrombatchsetting` WRITE;
/*!40000 ALTER TABLE `documentcreatepofrombatchsetting` DISABLE KEYS */;
INSERT INTO `documentcreatepofrombatchsetting` VALUES (1,'PO Batch',1,55,17,1,1);
/*!40000 ALTER TABLE `documentcreatepofrombatchsetting` ENABLE KEYS */;
UNLOCK TABLES;

--
-- Table structure for table `documentformdescription`
--

DROP TABLE IF EXISTS `documentformdescription`;
/*!40101 SET @saved_cs_client     = @@character_set_client */;
/*!40101 SET character_set_client = utf8 */;
CREATE TABLE `documentformdescription` (
  `DocumentFormID` tinyint(4) NOT NULL DEFAULT '0',
  `Description` varchar(100) DEFAULT NULL,
  PRIMARY KEY (`DocumentFormID`)
) ENGINE=InnoDB DEFAULT CHARSET=utf8;
/*!40101 SET character_set_client = @saved_cs_client */;

--
-- Dumping data for table `documentformdescription`
--

LOCK TABLES `documentformdescription` WRITE;
/*!40000 ALTER TABLE `documentformdescription` DISABLE KEYS */;
INSERT INTO `documentformdescription` VALUES (1,'PO Form'),(2,'RO From PO Form'),(3,'Transfer Form'),(4,'Request Form'),(5,'RO From Transfer Form'),(6,'Transfer With Cost Form'),(7,'RO From Transfer With Cost Form'),(8,'Direct RO Form'),(9,'Reutrn To Vendor Form'),(10,'Prepare Material Form'),(11,'Prefinish Form'),(12,'Add Material For Prefinish Form'),(13,'Reduce Material For Prefinish Form');
/*!40000 ALTER TABLE `documentformdescription` ENABLE KEYS */;
UNLOCK TABLES;

--
-- Table structure for table `documentmultiplelink`
--

DROP TABLE IF EXISTS `documentmultiplelink`;
/*!40101 SET @saved_cs_client     = @@character_set_client */;
/*!40101 SET character_set_client = utf8 */;
CREATE TABLE `documentmultiplelink` (
  `DocumentID` int(11) NOT NULL DEFAULT '0',
  `ShopID` int(11) NOT NULL DEFAULT '0',
  `DocumentTypeID` int(11) NOT NULL DEFAULT '0',
  `ReferenceFromDocumentID` int(11) NOT NULL DEFAULT '0',
  `ReferenceFromShopID` int(11) NOT NULL DEFAULT '0',
  `ReferenceDocumentTypeID` int(11) NOT NULL DEFAULT '0',
  PRIMARY KEY (`DocumentID`,`ShopID`,`ReferenceFromDocumentID`,`ReferenceFromShopID`)
) ENGINE=InnoDB DEFAULT CHARSET=utf8;
/*!40101 SET character_set_client = @saved_cs_client */;

--
-- Dumping data for table `documentmultiplelink`
--

LOCK TABLES `documentmultiplelink` WRITE;
/*!40000 ALTER TABLE `documentmultiplelink` DISABLE KEYS */;
/*!40000 ALTER TABLE `documentmultiplelink` ENABLE KEYS */;
UNLOCK TABLES;

--
-- Table structure for table `documentrequestgroupsetting`
--

DROP TABLE IF EXISTS `documentrequestgroupsetting`;
/*!40101 SET @saved_cs_client     = @@character_set_client */;
/*!40101 SET character_set_client = utf8 */;
CREATE TABLE `documentrequestgroupsetting` (
  `RequestSettingID` int(11) NOT NULL DEFAULT '0',
  `SettingName` varchar(100) DEFAULT NULL,
  `SettingNote` varchar(255) DEFAULT NULL,
  PRIMARY KEY (`RequestSettingID`)
) ENGINE=InnoDB DEFAULT CHARSET=utf8;
/*!40101 SET character_set_client = @saved_cs_client */;

--
-- Dumping data for table `documentrequestgroupsetting`
--

LOCK TABLES `documentrequestgroupsetting` WRITE;
/*!40000 ALTER TABLE `documentrequestgroupsetting` DISABLE KEYS */;
/*!40000 ALTER TABLE `documentrequestgroupsetting` ENABLE KEYS */;
UNLOCK TABLES;

--
-- Table structure for table `documentrequestinventorygroupsetting`
--

DROP TABLE IF EXISTS `documentrequestinventorygroupsetting`;
/*!40101 SET @saved_cs_client     = @@character_set_client */;
/*!40101 SET character_set_client = utf8 */;
CREATE TABLE `documentrequestinventorygroupsetting` (
  `RequestSettingID` int(11) NOT NULL DEFAULT '0',
  `RequestInventoryID` int(11) NOT NULL DEFAULT '0',
  PRIMARY KEY (`RequestSettingID`,`RequestInventoryID`)
) ENGINE=InnoDB DEFAULT CHARSET=utf8;
/*!40101 SET character_set_client = @saved_cs_client */;

--
-- Dumping data for table `documentrequestinventorygroupsetting`
--

LOCK TABLES `documentrequestinventorygroupsetting` WRITE;
/*!40000 ALTER TABLE `documentrequestinventorygroupsetting` DISABLE KEYS */;
/*!40000 ALTER TABLE `documentrequestinventorygroupsetting` ENABLE KEYS */;
UNLOCK TABLES;

--
-- Table structure for table `documentstatus`
--

DROP TABLE IF EXISTS `documentstatus`;
/*!40101 SET @saved_cs_client     = @@character_set_client */;
/*!40101 SET character_set_client = utf8 */;
CREATE TABLE `documentstatus` (
  `DocumentStatusID` int(11) NOT NULL DEFAULT '0',
  `Description` varchar(100) DEFAULT NULL,
  PRIMARY KEY (`DocumentStatusID`)
) ENGINE=InnoDB DEFAULT CHARSET=utf8;
/*!40101 SET character_set_client = @saved_cs_client */;

--
-- Dumping data for table `documentstatus`
--

LOCK TABLES `documentstatus` WRITE;
/*!40000 ALTER TABLE `documentstatus` DISABLE KEYS */;
INSERT INTO `documentstatus` VALUES (0,'New Document in Temp'),(1,'Working Document'),(2,'Approved Document'),(3,'Already Refered Document'),(4,'Finish Document'),(99,'Cancel Document');
/*!40000 ALTER TABLE `documentstatus` ENABLE KEYS */;
UNLOCK TABLES;

--
-- Table structure for table `documentstockcountrequestsetting`
--

DROP TABLE IF EXISTS `documentstockcountrequestsetting`;
/*!40101 SET @saved_cs_client     = @@character_set_client */;
/*!40101 SET character_set_client = utf8 */;
CREATE TABLE `documentstockcountrequestsetting` (
  `StockRequestID` int(11) NOT NULL DEFAULT '0',
  `StockRequestName` varchar(100) DEFAULT NULL,
  `StockDocumentTypeID` int(11) NOT NULL DEFAULT '0',
  `RequestDocumentTypeID` int(11) NOT NULL DEFAULT '0',
  PRIMARY KEY (`StockRequestID`)
) ENGINE=InnoDB DEFAULT CHARSET=tis620;
/*!40101 SET character_set_client = @saved_cs_client */;

--
-- Dumping data for table `documentstockcountrequestsetting`
--

LOCK TABLES `documentstockcountrequestsetting` WRITE;
/*!40000 ALTER TABLE `documentstockcountrequestsetting` DISABLE KEYS */;
INSERT INTO `documentstockcountrequestsetting` VALUES (1,'Stock Count And Request Document',24,17);
/*!40000 ALTER TABLE `documentstockcountrequestsetting` ENABLE KEYS */;
UNLOCK TABLES;

--
-- Table structure for table `documenttemplate`
--

DROP TABLE IF EXISTS `documenttemplate`;
/*!40101 SET @saved_cs_client     = @@character_set_client */;
/*!40101 SET character_set_client = utf8 */;
CREATE TABLE `documenttemplate` (
  `TemplateID` int(11) NOT NULL DEFAULT '0',
  `TemplateShopID` int(11) NOT NULL DEFAULT '0',
  `TemplateCode` varchar(50) DEFAULT NULL,
  `TemplateName` varchar(200) DEFAULT NULL,
  `TemplateNote` text,
  `DocumentTypeID` int(11) NOT NULL DEFAULT '0',
  `DocumentFormID` int(11) NOT NULL DEFAULT '0',
  `TemplateStatus` tinyint(4) NOT NULL DEFAULT '0',
  `FromDate` date NOT NULL DEFAULT '2000-01-01',
  `ToDate` date NOT NULL DEFAULT '9999-01-01',
  `VendorID` int(11) NOT NULL DEFAULT '0',
  `DefaultTaxType` tinyint(4) NOT NULL DEFAULT '0',
  `InsertStaffID` int(11) NOT NULL DEFAULT '0',
  `InsertDate` datetime DEFAULT NULL,
  `UpdateStaffID` int(11) NOT NULL DEFAULT '0',
  `UpdateDate` datetime DEFAULT NULL,
  `DeleteStaffID` int(11) NOT NULL DEFAULT '0',
  `DeleteDate` datetime DEFAULT NULL,
  `CurrentAccessStaff` int(11) NOT NULL DEFAULT '0',
  `LockEditAmount` tinyint(4) NOT NULL DEFAULT '0',
  `LockEditPrice` tinyint(4) NOT NULL DEFAULT '0',
  `LockEditVATType` tinyint(4) NOT NULL DEFAULT '0',
  `LockAddNewDocDetail` tinyint(4) NOT NULL DEFAULT '0',
  PRIMARY KEY (`TemplateID`,`TemplateShopID`),
  KEY `TemplateDocumentTypeIndex` (`DocumentTypeID`)
) ENGINE=InnoDB DEFAULT CHARSET=utf8;
/*!40101 SET character_set_client = @saved_cs_client */;

--
-- Dumping data for table `documenttemplate`
--

LOCK TABLES `documenttemplate` WRITE;
/*!40000 ALTER TABLE `documenttemplate` DISABLE KEYS */;
/*!40000 ALTER TABLE `documenttemplate` ENABLE KEYS */;
UNLOCK TABLES;

--
-- Table structure for table `documenttemplatebrandlink`
--

DROP TABLE IF EXISTS `documenttemplatebrandlink`;
/*!40101 SET @saved_cs_client     = @@character_set_client */;
/*!40101 SET character_set_client = utf8 */;
CREATE TABLE `documenttemplatebrandlink` (
  `templateid` int(11) NOT NULL DEFAULT '0',
  `templateshopid` int(11) NOT NULL DEFAULT '0',
  `brandid` int(11) NOT NULL DEFAULT '0',
  `docdetailid` int(11) NOT NULL DEFAULT '0',
  `materialid` int(11) NOT NULL DEFAULT '0',
  PRIMARY KEY (`templateid`,`templateshopid`,`brandid`,`docdetailid`,`materialid`)
) ENGINE=InnoDB DEFAULT CHARSET=utf8;
/*!40101 SET character_set_client = @saved_cs_client */;

--
-- Dumping data for table `documenttemplatebrandlink`
--

LOCK TABLES `documenttemplatebrandlink` WRITE;
/*!40000 ALTER TABLE `documenttemplatebrandlink` DISABLE KEYS */;
/*!40000 ALTER TABLE `documenttemplatebrandlink` ENABLE KEYS */;
UNLOCK TABLES;

--
-- Table structure for table `documenttemplatedetail`
--

DROP TABLE IF EXISTS `documenttemplatedetail`;
/*!40101 SET @saved_cs_client     = @@character_set_client */;
/*!40101 SET character_set_client = utf8 */;
CREATE TABLE `documenttemplatedetail` (
  `TemplateID` int(11) NOT NULL DEFAULT '0',
  `TemplateShopID` int(11) NOT NULL DEFAULT '0',
  `TemplateDetailID` int(11) NOT NULL DEFAULT '0',
  `TemplateDetailOrdering` int(11) NOT NULL DEFAULT '0',
  `ProductID` int(11) NOT NULL DEFAULT '0',
  `SupplierMaterialCode` varchar(50) NOT NULL DEFAULT '',
  `ProductAmount` decimal(18,4) NOT NULL DEFAULT '0.0000',
  `ProductDiscount` decimal(10,4) NOT NULL DEFAULT '0.0000',
  `ProductTax` decimal(10,4) NOT NULL DEFAULT '0.0000',
  `ProductPricePerUnit` decimal(18,4) NOT NULL DEFAULT '0.0000',
  `MarkUp` decimal(10,4) NOT NULL DEFAULT '0.0000',
  `PricePerUnitBeforeMark` decimal(18,4) NOT NULL DEFAULT '0.0000',
  `ProductTaxType` tinyint(4) NOT NULL DEFAULT '1',
  `ProductDiscountAmount` decimal(18,4) NOT NULL DEFAULT '0.0000',
  `UnitID` int(11) NOT NULL DEFAULT '0',
  `UnitName` varchar(50) DEFAULT NULL,
  `UnitSmallID` int(11) NOT NULL DEFAULT '0',
  `UnitSmallAmount` decimal(18,4) NOT NULL DEFAULT '0.0000',
  `ProductNetPrice` decimal(18,4) NOT NULL DEFAULT '0.0000',
  `DeliveryCost` decimal(18,4) NOT NULL DEFAULT '0.0000',
  `DeliveryCost2` decimal(18,4) NOT NULL DEFAULT '0.0000',
  `ExtraValue1` decimal(18,4) NOT NULL DEFAULT '0.0000',
  `ExtraValue2` decimal(18,4) NOT NULL DEFAULT '0.0000',
  `ExtraValue3` decimal(18,4) NOT NULL DEFAULT '0.0000',
  `ExtraValue4` decimal(18,4) NOT NULL DEFAULT '0.0000',
  `ExtraValue5` decimal(18,4) NOT NULL DEFAULT '0.0000',
  `ExtraText1` varchar(200) DEFAULT NULL,
  `ExtraText2` varchar(200) DEFAULT NULL,
  `ExtraText3` varchar(200) DEFAULT NULL,
  `ExtraText4` varchar(200) DEFAULT NULL,
  `ExtraText5` varchar(200) DEFAULT NULL,
  PRIMARY KEY (`TemplateID`,`TemplateShopID`,`TemplateDetailID`)
) ENGINE=InnoDB DEFAULT CHARSET=utf8;
/*!40101 SET character_set_client = @saved_cs_client */;

--
-- Dumping data for table `documenttemplatedetail`
--

LOCK TABLES `documenttemplatedetail` WRITE;
/*!40000 ALTER TABLE `documenttemplatedetail` DISABLE KEYS */;
/*!40000 ALTER TABLE `documenttemplatedetail` ENABLE KEYS */;
UNLOCK TABLES;

--
-- Table structure for table `documenttemplatehidematerial`
--

DROP TABLE IF EXISTS `documenttemplatehidematerial`;
/*!40101 SET @saved_cs_client     = @@character_set_client */;
/*!40101 SET character_set_client = utf8 */;
CREATE TABLE `documenttemplatehidematerial` (
  `templateid` int(11) NOT NULL DEFAULT '0',
  `templateshopid` int(11) NOT NULL DEFAULT '0',
  `docdetailid` int(11) NOT NULL DEFAULT '0',
  `materialid` int(11) NOT NULL DEFAULT '0',
  PRIMARY KEY (`templateid`,`templateshopid`,`docdetailid`,`materialid`)
) ENGINE=InnoDB DEFAULT CHARSET=utf8;
/*!40101 SET character_set_client = @saved_cs_client */;

--
-- Dumping data for table `documenttemplatehidematerial`
--

LOCK TABLES `documenttemplatehidematerial` WRITE;
/*!40000 ALTER TABLE `documenttemplatehidematerial` DISABLE KEYS */;
/*!40000 ALTER TABLE `documenttemplatehidematerial` ENABLE KEYS */;
UNLOCK TABLES;

--
-- Table structure for table `documenttemplatelogexportdatatobrand`
--

DROP TABLE IF EXISTS `documenttemplatelogexportdatatobrand`;
/*!40101 SET @saved_cs_client     = @@character_set_client */;
/*!40101 SET character_set_client = utf8 */;
CREATE TABLE `documenttemplatelogexportdatatobrand` (
  `id` int(11) NOT NULL AUTO_INCREMENT,
  `TemplateID` int(11) NOT NULL DEFAULT '0',
  `TemplateShopID` int(11) NOT NULL DEFAULT '0',
  `BrandID` int(11) NOT NULL DEFAULT '0',
  `StatusID` tinyint(4) NOT NULL DEFAULT '0',
  `ResultText` text,
  PRIMARY KEY (`id`)
) ENGINE=InnoDB DEFAULT CHARSET=utf8;
/*!40101 SET character_set_client = @saved_cs_client */;

--
-- Dumping data for table `documenttemplatelogexportdatatobrand`
--

LOCK TABLES `documenttemplatelogexportdatatobrand` WRITE;
/*!40000 ALTER TABLE `documenttemplatelogexportdatatobrand` DISABLE KEYS */;
/*!40000 ALTER TABLE `documenttemplatelogexportdatatobrand` ENABLE KEYS */;
UNLOCK TABLES;

--
-- Table structure for table `documenttemplatesetting`
--

DROP TABLE IF EXISTS `documenttemplatesetting`;
/*!40101 SET @saved_cs_client     = @@character_set_client */;
/*!40101 SET character_set_client = utf8 */;
CREATE TABLE `documenttemplatesetting` (
  `DocumentTypeID` int(11) NOT NULL DEFAULT '0',
  `UsePrice` tinyint(2) NOT NULL DEFAULT '0',
  `UseQuantity` tinyint(2) NOT NULL DEFAULT '1',
  `RemoveZeroAmount` tinyint(2) NOT NULL DEFAULT '1'
) ENGINE=InnoDB DEFAULT CHARSET=tis620;
/*!40101 SET character_set_client = @saved_cs_client */;

--
-- Dumping data for table `documenttemplatesetting`
--

LOCK TABLES `documenttemplatesetting` WRITE;
/*!40000 ALTER TABLE `documenttemplatesetting` DISABLE KEYS */;
INSERT INTO `documenttemplatesetting` VALUES (1,1,1,1),(17,0,1,1),(39,1,1,1);
/*!40000 ALTER TABLE `documenttemplatesetting` ENABLE KEYS */;
UNLOCK TABLES;

--
-- Table structure for table `documenttemplateshoplink`
--

DROP TABLE IF EXISTS `documenttemplateshoplink`;
/*!40101 SET @saved_cs_client     = @@character_set_client */;
/*!40101 SET character_set_client = utf8 */;
CREATE TABLE `documenttemplateshoplink` (
  `TemplateID` int(11) NOT NULL DEFAULT '0',
  `TemplateShopID` int(11) NOT NULL DEFAULT '0',
  `InventoryID` int(11) NOT NULL DEFAULT '0',
  PRIMARY KEY (`TemplateID`,`TemplateShopID`,`InventoryID`)
) ENGINE=InnoDB DEFAULT CHARSET=tis620;
/*!40101 SET character_set_client = @saved_cs_client */;

--
-- Dumping data for table `documenttemplateshoplink`
--

LOCK TABLES `documenttemplateshoplink` WRITE;
/*!40000 ALTER TABLE `documenttemplateshoplink` DISABLE KEYS */;
/*!40000 ALTER TABLE `documenttemplateshoplink` ENABLE KEYS */;
UNLOCK TABLES;

--
-- Table structure for table `documenttype`
--

DROP TABLE IF EXISTS `documenttype`;
/*!40101 SET @saved_cs_client     = @@character_set_client */;
/*!40101 SET character_set_client = utf8 */;
CREATE TABLE `documenttype` (
  `DocumentTypeID` int(11) NOT NULL DEFAULT '0',
  `LangID` smallint(6) NOT NULL DEFAULT '0',
  `ShopID` int(11) NOT NULL DEFAULT '0',
  `ComputerID` int(11) NOT NULL DEFAULT '0',
  `DocumentTypeHeader` varchar(20) DEFAULT NULL,
  `DocumentTypeName` varchar(100) DEFAULT NULL,
  `ShowOnSearch` tinyint(2) NOT NULL DEFAULT '0',
  `MovementInStock` tinyint(4) NOT NULL DEFAULT '0',
  `IsAddReduceDoc` tinyint(2) NOT NULL DEFAULT '0',
  `CalculateInProfitLoss` tinyint(4) NOT NULL DEFAULT '0',
  `CalculateNetUse` tinyint(4) NOT NULL DEFAULT '0',
  `CalculateStandardProfitLoss` tinyint(4) NOT NULL DEFAULT '0',
  `Deleted` tinyint(2) NOT NULL DEFAULT '0',
  PRIMARY KEY (`DocumentTypeID`,`LangID`,`ShopID`,`ComputerID`)
) ENGINE=InnoDB DEFAULT CHARSET=utf8;
/*!40101 SET character_set_client = @saved_cs_client */;

--
-- Dumping data for table `documenttype`
--

LOCK TABLES `documenttype` WRITE;
/*!40000 ALTER TABLE `documenttype` DISABLE KEYS */;
INSERT INTO `documenttype` VALUES (1,1,1,0,'HQPO','Purchase Order',0,0,0,0,0,0,0),(1,1,2,0,'01PO','Purchase Order',0,0,0,0,0,0,0),(1,2,1,0,'HQPO','ใบสั่งซื้อสินค้า',0,0,0,0,0,0,0),(1,2,2,0,'01PO','ใบสั่งซื้อสินค้า',0,0,0,0,0,0,0),(2,1,1,0,'HQRO','Receive Order From PO',1,1,0,1,1,1,0),(2,1,2,0,'01RO','Receive Order From PO',1,1,0,1,1,1,0),(2,2,1,0,'HQRO','ใบรับสินค้าจากสั่งซื้อ',1,1,0,1,1,1,0),(2,2,2,0,'01RO','ใบรับสินค้าจากสั่งซื้อ',1,1,0,1,1,1,0),(3,1,1,0,'HQWT','Transfer Order',1,-1,0,1,0,0,0),(3,1,2,0,'01WT','Transfer Order',1,-1,0,1,0,0,0),(3,2,1,0,'HQWT','เอกสารโอนย้ายสินค้า',1,-1,0,1,0,0,0),(3,2,2,0,'01WT','เอกสารโอนย้ายสินค้า',1,-1,0,1,0,0,0),(4,1,0,1,'1RCB','Cash Receipt',0,0,0,0,0,0,0),(4,1,0,2,NULL,'Receipt',0,0,0,0,0,0,0),(4,1,0,3,NULL,'Receipt',0,0,0,0,0,0,0),(4,2,0,1,'1RCB','Cash Receipt',0,0,0,0,0,0,0),(4,2,0,2,NULL,'Receipt',0,0,0,0,0,0,0),(4,2,0,3,NULL,'Receipt',0,0,0,0,0,0,0),(6,1,1,0,'HQTN','Transfer No Inventory',0,-1,0,1,0,1,0),(6,1,2,0,'01TN','Transfer No Inventory',0,-1,0,1,0,1,0),(6,2,1,0,'HQTN','เอกสารเบิกจ่ายไม่เข้าคลัง',0,-1,0,1,0,1,0),(6,2,2,0,'01TN','เอกสารเบิกจ่ายไม่เข้าคลัง',0,-1,0,1,0,1,0),(7,1,1,0,'HQMS','Monthly Stock Card',0,0,0,0,0,0,0),(7,1,2,0,'01MS','Monthly Stock Card',0,0,0,0,0,0,0),(7,2,1,0,'HQMS','ใบนับสต๊อกรายเดือน',0,0,0,0,0,0,0),(7,2,2,0,'01MS','ใบนับสต๊อกรายเดือน',0,0,0,0,0,0,0),(8,1,0,0,'RC','Receipt',0,0,0,0,0,0,0),(8,1,0,1,'1RC','Receipt',0,0,0,0,0,0,0),(8,1,0,2,NULL,'Receipt',0,0,0,0,0,0,0),(8,1,0,3,NULL,'Receipt',0,0,0,0,0,0,0),(8,2,0,0,'RC','ใบเสร็จรับเงิน',0,0,0,0,0,0,0),(8,2,0,1,'1RC','Receipt',0,0,0,0,0,0,0),(8,2,0,2,NULL,'Receipt',0,0,0,0,0,0,0),(8,2,0,3,NULL,'Receipt',0,0,0,0,0,0,0),(9,1,1,0,'HQCI','Cash In/Out Receipt Header',0,0,0,0,0,0,0),(9,1,2,0,'01CI','Cash In/Out Receipt Header',0,0,0,0,0,0,0),(9,2,1,0,'HQCI','ใบเสร็จสำหรับ CashIn/Out',0,0,0,1,0,0,0),(9,2,2,0,'01CI','ใบเสร็จสำหรับ CashIn/Out',0,0,0,1,0,0,0),(10,1,1,0,'HQTR','Transfer Stock',0,1,0,1,1,1,0),(10,1,2,0,'01TR','Transfer Stock',0,1,0,1,1,1,0),(10,2,1,0,'HQTR','ใบยกยอดสินค้า',0,1,0,1,1,1,0),(10,2,2,0,'01TR','ใบยกยอดสินค้า',0,1,0,1,1,1,0),(11,1,0,0,'FRC','Full Tax Invoice',0,0,0,0,0,0,0),(11,1,0,1,'1FT','Full Tax Invoice',0,0,0,0,0,0,0),(11,1,0,2,NULL,'Full Tax Invoice',0,0,0,0,0,0,0),(11,1,0,3,NULL,'Full Tax Invoice',0,0,0,0,0,0,0),(11,2,0,0,'FRC','ใบกำกับภาษี',0,0,0,0,0,0,0),(11,2,0,1,'1FT','Full Tax Invoice',0,0,0,0,0,0,0),(11,2,0,2,NULL,'Full Tax Invoice',0,0,0,0,0,0,0),(11,2,0,3,NULL,'Full Tax Invoice',0,0,0,0,0,0,0),(12,1,1,0,'HQAP','Add Prefinish Material Document',1,1,0,1,0,1,0),(12,1,2,0,'01AP','Add Prefinish Material Document',1,1,0,1,0,1,0),(12,2,1,0,'HQAP','ใบสร้างวัตถุดิบ Prefinish',1,1,0,1,0,1,0),(12,2,2,0,'01AP','ใบสร้างวัตถุดิบ Prefinish',1,1,0,1,0,1,0),(13,1,1,0,'HQRP','Reduce for Prefinish Material',1,-1,0,1,0,0,0),(13,1,2,0,'01RP','Reduce for Prefinish Material',1,-1,0,1,0,0,0),(13,2,1,0,'HQRP','ใบลดวัตตถุดิบเพื่อสร้าง Prefinish',1,-1,0,1,0,0,0),(13,2,2,0,'01RP','ใบลดวัตตถุดิบเพื่อสร้าง Prefinish',1,-1,0,1,0,0,0),(17,1,1,0,'HQRS','Request Order',1,0,0,0,0,0,0),(17,1,2,0,'01RS','Request Order',1,0,0,0,0,0,0),(17,2,1,0,'HQRS','ใบขอสินค้า',1,0,0,0,0,0,0),(17,2,2,0,'01RS','ใบขอสินค้า',1,0,0,0,0,0,0),(18,1,1,0,'HQAD','Add From Daily Stock',1,1,0,1,0,0,0),(18,1,2,0,'01AD','Add From Daily Stock',1,1,0,1,0,0,0),(18,2,1,0,'HQAD','ใบเพิ่มจากการนับสต๊อกรายวัน',1,1,0,1,0,0,0),(18,2,2,0,'01AD','ใบเพิ่มจากการนับสต๊อกรายวัน',1,1,0,1,0,0,0),(19,1,1,0,'HQRD','Reduce From Daily Stock',1,-1,0,1,0,0,0),(19,1,2,0,'01RD','Reduce From Daily Stock',1,-1,0,1,0,0,0),(19,2,1,0,'HQRD','ใบลดจากการนับสต๊อกรายวัน',1,-1,0,1,0,0,0),(19,2,2,0,'01RD','ใบลดจากการนับสต๊อกรายวัน',1,-1,0,1,0,0,0),(20,1,1,0,'HQSD','Material From Sale Document',0,-1,0,0,0,0,0),(20,1,2,0,'01SD','Material From Sale Document',0,-1,0,0,0,0,0),(20,2,1,0,'HQSD','เอกสารวัตถุดิบจากการขาย',0,-1,0,0,0,0,0),(20,2,2,0,'01SD','เอกสารวัตถุดิบจากการขาย',0,-1,0,0,0,0,0),(21,1,1,0,'HQVD','Material From Void Document',0,1,0,0,0,0,0),(21,1,2,0,'01VD','Material From Void Document',0,1,0,0,0,0,0),(21,2,1,0,'HQVD','เอกสารวัตถุดิบจากการvoid',0,1,0,0,0,0,0),(21,2,2,0,'01VD','เอกสารวัตถุดิบจากการvoid',0,1,0,0,0,0,0),(22,1,1,0,'HQAM','Add From Monthly Stock',1,1,0,1,0,0,0),(22,1,2,0,'01AM','Add From Monthly Stock',1,1,0,1,0,0,0),(22,2,1,0,'HQAM','ใบเพิ่มจากการนับสต๊อกรายเดือน',1,1,0,1,0,0,0),(22,2,2,0,'01AM','ใบเพิ่มจากการนับสต๊อกรายเดือน',1,1,0,1,0,0,0),(23,1,1,0,'HQRM','Reduce From Monthly Stock',1,-1,0,1,0,0,0),(23,1,2,0,'01RM','Reduce From Monthly Stock',1,-1,0,1,0,0,0),(23,2,1,0,'HQRM','ใบลดจากการนับสต๊อกรายเดือน',1,-1,0,1,0,0,0),(23,2,2,0,'01RM','ใบลดจากการนับสต๊อกรายเดือน',1,-1,0,1,0,0,0),(24,1,1,0,'HQDS','Daily Stock Card',0,0,0,0,0,0,0),(24,1,2,0,'01DS','Daily Stock Card',0,0,0,0,0,0,0),(24,2,1,0,'HQDS','ใบนับสต๊อกรายวัน',0,0,0,0,0,0,0),(24,2,2,0,'01DS','ใบนับสต๊อกรายวัน',0,0,0,0,0,0,0),(25,1,1,0,'HQRT','Receive From Transfer',1,1,0,1,1,0,0),(25,1,2,0,'01RT','Receive From Transfer',1,1,0,1,1,0,0),(25,2,1,0,'HQRT','ใบรับสินค้าจากโอนถ่าย',1,1,0,1,1,0,0),(25,2,2,0,'01RT','ใบรับสินค้าจากโอนถ่าย',1,1,0,1,1,0,0),(26,1,1,0,'HQPF','Prefinish Document',1,0,0,0,0,0,0),(26,1,2,0,'01PF','Prefinish Document',1,0,0,0,0,0,0),(26,2,1,0,'HQPF','ใบสร้าง Prefinish',1,0,0,0,0,0,0),(26,2,2,0,'01PF','ใบสร้าง Prefinish',1,0,0,0,0,0,0),(27,1,1,0,'HQAC','Return Material For Create Prefinish Document',1,1,0,1,0,0,0),(27,1,2,0,'01AC','Return Material For Create Prefinish Document',1,1,0,1,0,0,0),(27,2,1,0,'HQAC','ใบปรับเพิ่มจากการสร้างวัตถุดิบ Prefinish',1,1,0,1,0,0,0),(27,2,2,0,'01AC','ใบปรับเพิ่มจากการสร้างวัตถุดิบ Prefinish',1,1,0,1,0,0,0),(28,1,1,0,'HQRC','Reduce Material For Create Prefnish Document',1,-1,0,1,0,0,0),(28,1,2,0,'01RC','Reduce Material For Create Prefnish Document',1,-1,0,1,0,0,0),(28,2,1,0,'HQRC','ใบปรับลดจากการสร้างวัตถุดิบ Prefinish',1,-1,0,1,0,0,0),(28,2,2,0,'01RC','ใบปรับลดจากการสร้างวัตถุดิบ Prefinish',1,-1,0,1,0,0,0),(29,1,1,0,'HQCM','Calculate Material Document For Prefinish',1,0,0,0,0,0,0),(29,1,2,0,'01CM','Calculate Material Document For Prefinish',1,0,0,0,0,0,0),(29,2,1,0,'HQCM','ใบคำนวณการใช้วัตถุดิบของ Prefinish',1,0,0,0,0,0,0),(29,2,2,0,'01CM','ใบคำนวณการใช้วัตถุดิบของ Prefinish',1,0,0,0,0,0,0),(30,1,1,0,'HQWS','Weekly Stock Card',0,0,0,0,0,0,0),(30,1,2,0,'01WS','Weekly Stock Card',0,0,0,0,0,0,0),(30,2,1,0,'HQWS','ใบนับสต๊อกรายสัปดาห์',0,0,0,0,0,0,0),(30,2,2,0,'01WS','ใบนับสต๊อกรายสัปดาห์',0,0,0,0,0,0,0),(31,1,1,0,'HQAW','Add From Weekly Stock',1,1,0,1,0,0,0),(31,1,2,0,'01AW','Add From Weekly Stock',1,1,0,1,0,0,0),(31,2,1,0,'HQAW','ใบเพิ่มจากการนับสต๊อกรายสัปดาห์',1,1,0,1,0,0,0),(31,2,2,0,'01AW','ใบเพิ่มจากการนับสต๊อกรายสัปดาห์',1,1,0,1,0,0,0),(32,1,1,0,'HQWW','Reduce From Weekly Stock',1,-1,0,1,0,0,0),(32,1,2,0,'01WW','Reduce From Weekly Stock',1,-1,0,1,0,0,0),(32,2,1,0,'HQWW','ใบลดจากการนับสต๊อกรายสัปดาห์',1,-1,0,1,0,0,0),(32,2,2,0,'01WW','ใบลดจากการนับสต๊อกรายสัปดาห์',1,-1,0,1,0,0,0),(33,1,0,0,'CMRC','Credit Money Receipt',0,0,0,0,0,0,0),(33,1,0,1,'1CM','Credit Money Receipt',0,0,0,0,0,0,0),(33,1,0,2,NULL,'Credit Money Receipt',0,0,0,0,0,0,0),(33,1,0,3,NULL,'Credit Money Receipt',0,0,0,0,0,0,0),(33,2,0,0,'CMRC','Credit Money Receipt',0,0,0,0,0,0,0),(33,2,0,1,'1CM','Credit Money Receipt',0,0,0,0,0,0,0),(33,2,0,2,NULL,'Credit Money Receipt',0,0,0,0,0,0,0),(33,2,0,3,NULL,'Credit Money Receipt',0,0,0,0,0,0,0),(39,1,1,0,'HQDR','Direct Receive Order',1,1,0,1,1,1,0),(39,1,2,0,'01DR','Direct Receive Order',1,1,0,1,1,1,0),(39,2,1,0,'HQDR','ใบรับสินค้าตรง',1,1,0,1,1,1,0),(39,2,2,0,'01DR','ใบรับสินค้าตรง',1,1,0,1,1,1,0),(46,1,1,0,'HQWC','Transfer With Cost',0,-1,0,1,0,1,0),(46,1,2,0,'01WC','Transfer With Cost',0,-1,0,1,0,1,0),(46,2,1,0,'HQWC','เอกสารเบิกจ่ายสินค้าที่มีราคา',0,-1,0,1,0,1,0),(46,2,2,0,'01WC','เอกสารเบิกจ่ายสินค้าที่มีราคา',0,-1,0,1,0,1,0),(47,1,1,0,'HQTC','Receive From Transfer With Cost',0,1,0,1,0,1,0),(47,1,2,0,'01TC','Receive From Transfer With Cost',0,1,0,1,0,1,0),(47,2,1,0,'HQTC','เอกสารรับสินค้าจากการโอนที่มีราคา',0,1,0,1,0,1,0),(47,2,2,0,'01TC','เอกสารรับสินค้าจากการโอนที่มีราคา',0,1,0,1,0,1,0),(48,1,1,0,'HQPV','Reduce Prefinish Material For Cancel Document',1,-1,0,1,0,0,0),(48,1,2,0,'01PV','Reduce Prefinish Material For Cancel Document',1,-1,0,1,0,0,0),(48,2,1,0,'HQPV','เอกสารลด Prefinish สำหรับ cancel document',1,-1,0,1,0,0,0),(48,2,2,0,'01PV','เอกสารลด Prefinish สำหรับ cancel document',1,-1,0,1,0,0,0),(49,1,1,0,'HQPA','Add Prefinish Material For Cancel Document',1,1,0,1,0,0,0),(49,1,2,0,'01PA','Add Prefinish Material For Cancel Document',1,1,0,1,0,0,0),(49,2,1,0,'HQPA','เอกสารเพิ่ม Prefinish สำหรับ cancel document',1,1,0,1,0,0,0),(49,2,2,0,'01PA','เอกสารเพิ่ม Prefinish สำหรับ cancel document',1,1,0,1,0,0,0),(50,1,1,0,'HQJD','Adjust Direct Receive Order',1,1,0,1,1,1,0),(50,1,2,0,'01JD','Adjust Direct Receive Order',1,1,0,1,1,1,0),(50,2,1,0,'HQJD','เอกสารปรับเพิ่ม-ลดใบรับตรง',1,1,0,1,1,1,0),(50,2,2,0,'01JD','เอกสารปรับเพิ่ม-ลดใบรับตรง',1,1,0,1,1,1,0),(51,1,1,0,'HQCP','Calculate Prefinish Material Document',0,0,0,0,0,0,0),(51,1,2,0,'01CP','Calculate Prefinish Material Document',0,0,0,0,0,0,0),(51,2,1,0,'HQCP','เอกสารการคำนวณวัตถุดิบ Prefinish',0,0,0,1,0,0,0),(51,2,2,0,'01CP','เอกสารการคำนวณวัตถุดิบ Prefinish',0,0,0,1,0,0,0),(52,1,1,0,'HQCL','Calculate Material For Create Prefinish Material Document',0,0,0,0,0,0,0),(52,1,2,0,'01CL','Calculate Material For Create Prefinish Material Document',0,0,0,0,0,0,0),(52,2,1,0,'HQCL','เอกสารคำนวณวัตถุดิบที่ใช้สร้าง Prefinish',0,0,0,1,0,0,0),(52,2,2,0,'01CL','เอกสารคำนวณวัตถุดิบที่ใช้สร้าง Prefinish',0,0,0,1,0,0,0),(53,1,1,0,'HQAR','Adjust Ending Stock',1,1,0,1,1,1,0),(53,1,2,0,'01AR','Adjust Ending Stock',1,1,0,1,1,1,0),(53,2,1,0,'HQAR','เอกสารปรับเพิ่ม-ลดสต๊อกสิ้นเดือน',1,1,0,1,1,1,0),(53,2,2,0,'01AR','เอกสารปรับเพิ่ม-ลดสต๊อกสิ้นเดือน',1,1,0,1,1,1,0),(54,1,1,0,'HQAT','Adjust Transfer Stock',1,1,0,1,1,1,0),(54,1,2,0,'01AT','Adjust Transfer Stock',1,1,0,1,1,1,0),(54,2,1,0,'HQAT','เอกสารปรับเพิ่ม-ลดใบยกยอดสินค้ารายเดือน',1,1,0,1,1,1,0),(54,2,2,0,'01AT','เอกสารปรับเพิ่ม-ลดใบยกยอดสินค้ารายเดือน',1,1,0,1,1,1,0),(55,1,1,0,'HQPP','Prepare Material Document',0,-1,0,0,0,0,0),(55,1,2,0,'01PP','Prepare Material Document',0,-1,0,0,0,0,0),(55,2,1,0,'HQPP','เอกสารเตรียมสินค้า',0,-1,0,0,0,0,0),(55,2,2,0,'01PP','เอกสารเตรียมสินค้า',0,-1,0,0,0,0,0),(56,1,1,0,'HQRA','Receive And Create PO',0,1,0,0,0,1,0),(56,1,2,0,'01RA','Receive And Create PO',0,1,0,0,0,1,0),(56,2,1,0,'HQRA','ใบรับสินค้าเพื่อสร้างใบสั่งซื้อ',0,1,0,0,0,1,0),(56,2,2,0,'01RA','ใบรับสินค้าเพื่อสร้างใบสั่งซื้อ',0,1,0,0,0,1,0),(57,1,1,0,'HQAJ','Adjust Stock Count',0,0,0,0,0,0,0),(57,1,2,0,'01AJ','Adjust Stock Count',0,0,0,0,0,0,0),(57,2,1,0,'HQAJ','ใบปรับสต๊อก',0,0,0,0,0,0,0),(57,2,2,0,'01AJ','ใบปรับสต๊อก',0,0,0,0,0,0,0),(58,1,1,0,'HQAA','Add From Adjust Stock',0,1,0,1,0,0,0),(58,1,2,0,'01AA','Add From Adjust Stock',0,1,0,1,0,0,0),(58,2,1,0,'HQAA','ใบเพิ่มจากการปรับสต๊อก',0,1,0,1,0,0,0),(58,2,2,0,'01AA','ใบเพิ่มจากการปรับสต๊อก',0,1,0,1,0,0,0),(59,1,1,0,'HQAS','Reduce From Adjust Stock',0,-1,0,1,0,0,0),(59,1,2,0,'01AS','Reduce From Adjust Stock',0,-1,0,1,0,0,0),(59,2,1,0,'HQAS','ใบลดจากการปรับสต๊อก',0,-1,0,1,0,0,0),(59,2,2,0,'01AS','ใบลดจากการปรับสต๊อก',0,-1,0,1,0,0,0),(60,1,1,0,'HQDM','Redeem Receipt Doc Type',0,-1,0,0,0,0,0),(60,1,2,0,'01DM','Redeem Receipt Doc Type',0,-1,0,0,0,0,0),(60,2,1,0,'HQDM','ใบเสร็จแลกแต้มสะสม',0,-1,0,0,0,0,0),(60,2,2,0,'01DM','ใบเสร็จแลกแต้มสะสม',0,-1,0,0,0,0,0),(61,1,0,1,'1DH','Deposit Receipt',0,0,0,0,0,0,0),(61,1,0,2,NULL,'Deposit Receipt',0,0,0,0,0,0,0),(61,1,0,3,NULL,'Deposit Receipt',0,0,0,0,0,0,0),(61,2,0,1,'1DH','Deposit Receipt',0,0,0,0,0,0,0),(61,2,0,2,NULL,'Deposit Receipt',0,0,0,0,0,0,0),(61,2,0,3,NULL,'Deposit Receipt',0,0,0,0,0,0,0),(62,1,1,0,'HQRV','Void Redeem Receipt Document',0,1,0,0,0,0,0),(62,1,2,0,'01RV','Void Redeem Receipt Document',0,1,0,0,0,0,0),(62,2,1,0,'HQRV','เอกสารยกเลิกแลกแต้มสะสม',0,1,0,0,0,0,0),(62,2,2,0,'01RV','เอกสารยกเลิกแลกแต้มสะสม',0,1,0,0,0,0,0),(63,1,1,0,'HQPR','Purchase Request',0,0,0,0,0,0,0),(63,1,2,0,'01PR','Purchase Request',0,0,0,0,0,0,0),(63,2,1,0,'HQPR','เอกสารเสนอขอซื้อ',0,0,0,0,0,0,0),(63,2,2,0,'01PR','เอกสารเสนอขอซื้อ',0,0,0,0,0,0,0),(64,1,1,0,'HQ','Yield Material Document',0,-1,0,1,0,0,0),(64,1,2,0,'01','Yield Material Document',0,-1,0,1,0,0,0),(101,1,1,0,'HQRW','Raw Waste',1,-1,1,1,0,0,0),(101,1,2,0,'01RW','Raw Waste',1,-1,1,1,0,0,0),(101,2,1,0,'HQRW','ตัดของเสีย',1,-1,1,1,0,0,0),(101,2,2,0,'01RW','ตัดของเสีย',1,-1,1,1,0,0,0),(104,1,1,0,'HQS103','Stock for pay type: Finish Waste',0,-1,0,0,1,0,0),(104,1,2,0,'01S103','Stock for pay type: Finish Waste',0,-1,0,0,1,0,0),(104,2,1,0,'HQS103','Stock for pay type: Finish Waste',0,-1,0,0,1,0,0),(104,2,2,0,'01S103','Stock for pay type: Finish Waste',0,-1,0,0,1,0,0),(105,1,1,0,'HQV103','Void Stock for pay type: Finish Waste',0,1,0,0,1,0,0),(105,1,2,0,'01V103','Void Stock for pay type: Finish Waste',0,1,0,0,1,0,0),(105,2,1,0,'HQV103','Void Stock for pay type: Finish Waste',0,1,0,0,1,0,0),(105,2,2,0,'01V103','Void Stock for pay type: Finish Waste',0,1,0,0,1,0,0),(109,1,1,0,'HQV106','Void Stock for pay type: test2',0,1,0,0,1,0,1),(109,1,2,0,'01V106','Void Stock for pay type: test2',0,1,0,0,1,0,1),(109,2,1,0,'HQV106','Void Stock for pay type: test2',0,1,0,0,1,0,1),(109,2,2,0,'01V106','Void Stock for pay type: test2',0,1,0,0,1,0,1);
/*!40000 ALTER TABLE `documenttype` ENABLE KEYS */;
UNLOCK TABLES;

--
-- Table structure for table `documenttypegroup`
--

DROP TABLE IF EXISTS `documenttypegroup`;
/*!40101 SET @saved_cs_client     = @@character_set_client */;
/*!40101 SET character_set_client = utf8 */;
CREATE TABLE `documenttypegroup` (
  `DocumentTypeGroupID` int(11) NOT NULL DEFAULT '0',
  `GroupHeader` varchar(20) DEFAULT NULL,
  `GroupName` varchar(100) DEFAULT NULL,
  `GroupProperty` smallint(6) NOT NULL DEFAULT '0',
  `UseAvgCost` tinyint(4) NOT NULL DEFAULT '1',
  `ActualCost` tinyint(4) NOT NULL DEFAULT '0',
  `Ordering` int(11) NOT NULL DEFAULT '0',
  PRIMARY KEY (`DocumentTypeGroupID`)
) ENGINE=InnoDB DEFAULT CHARSET=utf8;
/*!40101 SET character_set_client = @saved_cs_client */;

--
-- Dumping data for table `documenttypegroup`
--

LOCK TABLES `documenttypegroup` WRITE;
/*!40000 ALTER TABLE `documenttypegroup` DISABLE KEYS */;
INSERT INTO `documenttypegroup` VALUES (1,'+Receive','Receive Document',1,0,0,10),(2,'+Transfer IN','Transfer In Document',1,1,0,20),(3,'-Transfer OUT','Transfer Out Document',-1,1,0,30),(6,'-Sale','Material Used From Sale',2,1,1,80),(7,'Variance','Variance Document',0,1,1,-1),(8,'+-Adjust Receive','Adjust Receive Document',1,0,0,15),(9,'+-Adjust Ending Stoc','Adjust Ending Stock',1,1,1,5),(21,'-Finish Waste','Finish Waste Document',0,1,1,40),(22,'-Raw Waste','Raw Waste Document',0,1,1,50);
/*!40000 ALTER TABLE `documenttypegroup` ENABLE KEYS */;
UNLOCK TABLES;

--
-- Table structure for table `documenttypegroupstockendingcolumn`
--

DROP TABLE IF EXISTS `documenttypegroupstockendingcolumn`;
/*!40101 SET @saved_cs_client     = @@character_set_client */;
/*!40101 SET character_set_client = utf8 */;
CREATE TABLE `documenttypegroupstockendingcolumn` (
  `ID` tinyint(4) NOT NULL DEFAULT '0',
  `BeginingColumnName` varchar(50) DEFAULT NULL,
  `LeftMovementColumnSummaryColumnName` varchar(50) DEFAULT NULL,
  `AllSummaryColumnName` varchar(50) DEFAULT NULL,
  `ActualUseColumnName` varchar(50) DEFAULT NULL,
  `IsAllSummaryColumnDisplayBeforeVariance` tinyint(4) NOT NULL DEFAULT '0',
  PRIMARY KEY (`ID`)
) ENGINE=InnoDB DEFAULT CHARSET=tis620;
/*!40101 SET character_set_client = @saved_cs_client */;

--
-- Dumping data for table `documenttypegroupstockendingcolumn`
--

LOCK TABLES `documenttypegroupstockendingcolumn` WRITE;
/*!40000 ALTER TABLE `documenttypegroupstockendingcolumn` DISABLE KEYS */;
INSERT INTO `documenttypegroupstockendingcolumn` VALUES (1,'Begin','Ending','Summary','Actual Use',0);
/*!40000 ALTER TABLE `documenttypegroupstockendingcolumn` ENABLE KEYS */;
UNLOCK TABLES;

--
-- Table structure for table `documenttypegroupvalue`
--

DROP TABLE IF EXISTS `documenttypegroupvalue`;
/*!40101 SET @saved_cs_client     = @@character_set_client */;
/*!40101 SET character_set_client = utf8 */;
CREATE TABLE `documenttypegroupvalue` (
  `DocumentTypeGroupID` int(11) NOT NULL DEFAULT '0',
  `DocumentTypeID` int(11) NOT NULL DEFAULT '0',
  PRIMARY KEY (`DocumentTypeGroupID`,`DocumentTypeID`)
) ENGINE=InnoDB DEFAULT CHARSET=utf8;
/*!40101 SET character_set_client = @saved_cs_client */;

--
-- Dumping data for table `documenttypegroupvalue`
--

LOCK TABLES `documenttypegroupvalue` WRITE;
/*!40000 ALTER TABLE `documenttypegroupvalue` DISABLE KEYS */;
INSERT INTO `documenttypegroupvalue` VALUES (1,2),(1,39),(1,64),(2,12),(2,25),(2,27),(2,47),(2,49),(3,3),(3,6),(3,13),(3,28),(3,46),(3,48),(6,20),(6,21),(6,60),(6,61),(7,18),(7,19),(7,22),(7,23),(7,31),(7,32),(7,58),(7,59),(8,50),(8,53),(9,54),(21,104),(21,105),(22,101),(22,106),(22,107);
/*!40000 ALTER TABLE `documenttypegroupvalue` ENABLE KEYS */;
UNLOCK TABLES;

--
-- Table structure for table `documenttypeproperty`
--

DROP TABLE IF EXISTS `documenttypeproperty`;
/*!40101 SET @saved_cs_client     = @@character_set_client */;
/*!40101 SET character_set_client = utf8 */;
CREATE TABLE `documenttypeproperty` (
  `DocumentTypeID` int(11) NOT NULL DEFAULT '0',
  `DocumentFormID` tinyint(4) NOT NULL DEFAULT '0',
  `MaterialGroupTypeAvailable` text,
  `ComeFromDocumentTypeID` int(11) NOT NULL DEFAULT '0',
  `GoToDocumentTypeID` int(11) NOT NULL DEFAULT '0',
  `IsUseCompareForm` tinyint(4) NOT NULL DEFAULT '0',
  `RequestOnlineMode` tinyint(4) NOT NULL DEFAULT '0',
  `DefaultPriceType` tinyint(4) NOT NULL DEFAULT '1',
  `DefaultPriceFromToInvID` tinyint(4) NOT NULL DEFAULT '0',
  `CanEditOnlyAmount` tinyint(4) NOT NULL DEFAULT '0',
  `NewDocumentOnlyFromTemplate` tinyint(4) NOT NULL DEFAULT '0',
  `DisplayLastOrderAmountInDocDetail` tinyint(4) NOT NULL DEFAULT '0',
  `CanReceiveAmountUpToPercent` decimal(5,2) NOT NULL DEFAULT '0.00',
  `CheckStockWhenApprovePrefinish` tinyint(4) DEFAULT '0',
  `YieldDocumentTypeWhenApproveRODocument` int(11) NOT NULL DEFAULT '0',
  `Description` varchar(100) DEFAULT NULL,
  PRIMARY KEY (`DocumentTypeID`)
) ENGINE=InnoDB DEFAULT CHARSET=utf8;
/*!40101 SET character_set_client = @saved_cs_client */;

--
-- Dumping data for table `documenttypeproperty`
--

LOCK TABLES `documenttypeproperty` WRITE;
/*!40000 ALTER TABLE `documenttypeproperty` DISABLE KEYS */;
INSERT INTO `documenttypeproperty` VALUES (1,1,'0',0,2,0,0,1,0,0,0,0,'0.00',0,0,'PO Document'),(2,2,'0',1,0,0,0,1,0,0,0,0,'0.00',0,0,'RO From PO Document'),(3,3,'0',17,25,0,0,1,0,0,0,0,'0.00',0,0,'Transfer Document'),(6,3,'',0,0,0,0,1,0,0,0,0,'0.00',0,0,'Transfer To No Inventory Document'),(12,11,'0',0,0,0,0,1,0,0,0,0,'0.00',0,0,'Add Prefinish Material Document'),(17,4,'0',0,3,0,0,1,0,0,0,0,'0.00',0,0,'Request Document'),(25,5,'0',3,0,0,0,1,0,0,0,0,'0.00',0,0,'RO From TransferDocument'),(27,12,'0',0,0,0,0,1,0,0,0,0,'0.00',0,0,'Return Material For Create Prefinish Document'),(28,13,'0',0,0,0,0,1,0,0,0,0,'0.00',0,0,'Reduce Material For Create Prefnish Document'),(39,8,'0',0,0,0,0,1,0,0,0,0,'0.00',0,0,'Direct RO Document'),(40,9,'0',0,0,0,0,1,0,0,0,0,'0.00',0,0,'Return To Vendor Document'),(46,6,'0',0,47,0,0,1,0,0,0,0,'0.00',0,0,'Transfer With Cost Document'),(47,7,'0',46,0,0,0,1,0,0,0,0,'0.00',0,0,'RO From Transfer With Cost Document'),(55,10,'0',17,3,0,0,1,0,0,0,0,'0.00',0,0,'Prepare Material Document'),(56,2,'0',0,1,0,0,1,0,0,0,0,'0.00',0,0,'RO For Create PO Document'),(63,1,'',0,1,0,0,1,0,1,0,1,'0.00',0,0,'PR Document');
/*!40000 ALTER TABLE `documenttypeproperty` ENABLE KEYS */;
UNLOCK TABLES;

--
-- Table structure for table `documenttypetransfergroupproperty`
--

DROP TABLE IF EXISTS `documenttypetransfergroupproperty`;
/*!40101 SET @saved_cs_client     = @@character_set_client */;
/*!40101 SET character_set_client = utf8 */;
CREATE TABLE `documenttypetransfergroupproperty` (
  `TransferGroupID` int(11) NOT NULL DEFAULT '0',
  `TransferGroupName` varchar(50) DEFAULT NULL,
  `GroupDisplayName` varchar(50) DEFAULT NULL,
  `Activated` tinyint(4) NOT NULL DEFAULT '1',
  `RequestDocumentTypeID` int(11) NOT NULL DEFAULT '0',
  `PrepareDocumentTypeID` int(11) NOT NULL DEFAULT '0',
  `TransferDocumentTypeID` int(11) NOT NULL DEFAULT '0',
  `ROTransferDocumentTypeID` int(11) NOT NULL DEFAULT '0',
  `AutoDROWhenApproveTransfer` tinyint(4) NOT NULL DEFAULT '0',
  `ConvertDROToOnePOWhenApproveTransferBatch` tinyint(4) NOT NULL DEFAULT '0',
  `AutoCreateTransferBatchWhenApprovePrepareBatch` tinyint(4) NOT NULL DEFAULT '0',
  `PrinterNameForAutoCreateRequestBatch` varchar(50) DEFAULT NULL,
  `RemoveZeroAmountMaterialWhenApproveBatch` tinyint(4) NOT NULL DEFAULT '0',
  `DefaultDeliveryDayForRequestDocument` tinyint(4) NOT NULL DEFAULT '0',
  `GroupMaterialToOneUnitWhenCreatePrepareDocument` tinyint(4) NOT NULL DEFAULT '1',
  `OrderSearchRequestDocumentToBachBy` varchar(100) DEFAULT NULL,
  `OrderSearchRequestDocumentToBatchBy` varchar(100) DEFAULT NULL,
  `RemoveMaterialFromPrepareWhenRemoveDocumentFromBatch` tinyint(4) NOT NULL DEFAULT '1',
  `DisplayCurrentStockInMatrix` tinyint(4) NOT NULL DEFAULT '0',
  PRIMARY KEY (`TransferGroupID`)
) ENGINE=InnoDB DEFAULT CHARSET=utf8;
/*!40101 SET character_set_client = @saved_cs_client */;

--
-- Dumping data for table `documenttypetransfergroupproperty`
--

LOCK TABLES `documenttypetransfergroupproperty` WRITE;
/*!40000 ALTER TABLE `documenttypetransfergroupproperty` DISABLE KEYS */;
INSERT INTO `documenttypetransfergroupproperty` VALUES (1,'Normal Transfer Document',NULL,1,17,3,3,25,0,0,25,NULL,0,0,1,NULL,NULL,1,0);
/*!40000 ALTER TABLE `documenttypetransfergroupproperty` ENABLE KEYS */;
UNLOCK TABLES;

--
-- Table structure for table `documentusedefaultpricetype`
--

DROP TABLE IF EXISTS `documentusedefaultpricetype`;
/*!40101 SET @saved_cs_client     = @@character_set_client */;
/*!40101 SET character_set_client = utf8 */;
CREATE TABLE `documentusedefaultpricetype` (
  `DefaultPriceType` tinyint(4) NOT NULL DEFAULT '0',
  `Description` varchar(50) DEFAULT NULL,
  PRIMARY KEY (`DefaultPriceType`)
) ENGINE=InnoDB DEFAULT CHARSET=tis620;
/*!40101 SET character_set_client = @saved_cs_client */;

--
-- Dumping data for table `documentusedefaultpricetype`
--

LOCK TABLES `documentusedefaultpricetype` WRITE;
/*!40000 ALTER TABLE `documentusedefaultpricetype` DISABLE KEYS */;
INSERT INTO `documentusedefaultpricetype` VALUES (1,'Price From MaterialDefaultPrice'),(2,'Price From MaterialCostTable'),(3,'Price From MaterialTransferPriceTable'),(4,'Price From Average Price');
/*!40000 ALTER TABLE `documentusedefaultpricetype` ENABLE KEYS */;
UNLOCK TABLES;

--
-- Table structure for table `dummy_stdcost`
--

DROP TABLE IF EXISTS `dummy_stdcost`;
/*!40101 SET @saved_cs_client     = @@character_set_client */;
/*!40101 SET character_set_client = utf8 */;
CREATE TABLE `dummy_stdcost` (
  `MaterialID` int(11) NOT NULL DEFAULT '0',
  `TotalPrice` decimal(18,4) DEFAULT NULL,
  `TotalAmount` decimal(18,4) DEFAULT NULL,
  `BeginningPricePerUnit` decimal(18,4) DEFAULT NULL,
  `BeginningAmount` decimal(18,4) DEFAULT NULL,
  `PricePerUnit` decimal(18,4) DEFAULT NULL,
  `RecTotalPrice` decimal(18,4) DEFAULT NULL,
  `RecTotalAmount` decimal(18,4) DEFAULT NULL,
  PRIMARY KEY (`MaterialID`)
) ENGINE=InnoDB DEFAULT CHARSET=tis620;
/*!40101 SET character_set_client = @saved_cs_client */;

--
-- Dumping data for table `dummy_stdcost`
--

LOCK TABLES `dummy_stdcost` WRITE;
/*!40000 ALTER TABLE `dummy_stdcost` DISABLE KEYS */;
/*!40000 ALTER TABLE `dummy_stdcost` ENABLE KEYS */;
UNLOCK TABLES;

--
-- Table structure for table `dummydeptordering`
--

DROP TABLE IF EXISTS `dummydeptordering`;
/*!40101 SET @saved_cs_client     = @@character_set_client */;
/*!40101 SET character_set_client = utf8 */;
CREATE TABLE `dummydeptordering` (
  `DeptOrdering` int(11) NOT NULL AUTO_INCREMENT,
  `ProductDeptCode` varchar(100) DEFAULT NULL,
  PRIMARY KEY (`DeptOrdering`)
) ENGINE=InnoDB AUTO_INCREMENT=4 DEFAULT CHARSET=tis620;
/*!40101 SET character_set_client = @saved_cs_client */;

--
-- Dumping data for table `dummydeptordering`
--

LOCK TABLES `dummydeptordering` WRITE;
/*!40000 ALTER TABLE `dummydeptordering` DISABLE KEYS */;
INSERT INTO `dummydeptordering` VALUES (1,'cTest'),(2,'Sample1'),(3,'Sample2');
/*!40000 ALTER TABLE `dummydeptordering` ENABLE KEYS */;
UNLOCK TABLES;

--
-- Table structure for table `dummydoctype`
--

DROP TABLE IF EXISTS `dummydoctype`;
/*!40101 SET @saved_cs_client     = @@character_set_client */;
/*!40101 SET character_set_client = utf8 */;
CREATE TABLE `dummydoctype` (
  `DocumentTypeID` int(11) DEFAULT NULL,
  `ComputerID` int(11) DEFAULT NULL,
  `DocumentTypeHeader` varchar(50) DEFAULT NULL
) ENGINE=InnoDB DEFAULT CHARSET=utf8;
/*!40101 SET character_set_client = @saved_cs_client */;

--
-- Dumping data for table `dummydoctype`
--

LOCK TABLES `dummydoctype` WRITE;
/*!40000 ALTER TABLE `dummydoctype` DISABLE KEYS */;
/*!40000 ALTER TABLE `dummydoctype` ENABLE KEYS */;
UNLOCK TABLES;

--
-- Temporary table structure for view `dummydocument`
--

DROP TABLE IF EXISTS `dummydocument`;
/*!50001 DROP VIEW IF EXISTS `dummydocument`*/;
SET @saved_cs_client     = @@character_set_client;
SET character_set_client = utf8;
/*!50001 CREATE TABLE `dummydocument` (
  `ProductLevelID` int(11),
  `ShopID` int(11),
  `ShopCode` varchar(10),
  `ShopName` varchar(50),
  `ShopOrdering` int(11),
  `DocumentID` int(11),
  `DocDetailID` int(11),
  `DocumentTypeID` int(11),
  `DocumentYear` smallint(6),
  `DocumentMonth` tinyint(4),
  `DocumentNumber` int(11),
  `DocumentDate` datetime,
  `DocumentStatus` tinyint(4),
  `DocumentIDRef` int(11),
  `DocIDRefShopID` int(11),
  `FromInvID` int(11),
  `ToInvID` int(11),
  `FromShopName` varchar(50),
  `ToShopName` varchar(50),
  `MaterialID` int(11),
  `UnitSmallAmount` decimal(18,4),
  `ProductNetPrice` decimal(18,6),
  `UnitName` varchar(50),
  `Qty` decimal(18,4),
  `MovementInStock` tinyint(4),
  `DocumentTypeHeader` varchar(20),
  `DocumentTypeName` varchar(100),
  `CalculateStandardProfitLoss` tinyint(4),
  `MaterialCode` varchar(50),
  `MaterialName` varchar(100),
  `MaterialDeptID` int(11),
  `MaterialDeptCode` varchar(50),
  `MaterialDeptName` varchar(50),
  `MaterialGroupID` int(11),
  `MaterialGroupCode` varchar(50),
  `MaterialGroupName` varchar(50),
  `UnitSmallID` int(11),
  `UnitLargeID` int(11),
  `UnitSmallName` varchar(50),
  `ProductDiscount` decimal(18,4),
  `ProductTax` decimal(18,6),
  `ProductPricePerUnit` decimal(18,4),
  `ProductTaxType` tinyint(4),
  `ProductTaxIn` decimal(18,6),
  `ProductDiscountAmount` decimal(18,4),
  `Remark` text
) ENGINE=MyISAM */;
SET character_set_client = @saved_cs_client;

--
-- Table structure for table `dummydocumenttype`
--

DROP TABLE IF EXISTS `dummydocumenttype`;
/*!40101 SET @saved_cs_client     = @@character_set_client */;
/*!40101 SET character_set_client = utf8 */;
CREATE TABLE `dummydocumenttype` (
  `TotalNum` int(11) DEFAULT NULL,
  `DocumentTypeID` int(11) DEFAULT NULL,
  `DocumentTypeHeader` varchar(20) DEFAULT NULL,
  `DocumentTypeName` varchar(100) DEFAULT NULL,
  `MovementInStock` tinyint(4) NOT NULL DEFAULT '0',
  `IsAddReduceDoc` tinyint(1) NOT NULL DEFAULT '0',
  `CalculateInProfitLoss` tinyint(4) NOT NULL DEFAULT '0',
  `CalculateNetUse` tinyint(4) NOT NULL DEFAULT '0',
  `CalculateStandardProfitLoss` tinyint(4) NOT NULL DEFAULT '0'
) ENGINE=InnoDB DEFAULT CHARSET=utf8;
/*!40101 SET character_set_client = @saved_cs_client */;

--
-- Dumping data for table `dummydocumenttype`
--

LOCK TABLES `dummydocumenttype` WRITE;
/*!40000 ALTER TABLE `dummydocumenttype` DISABLE KEYS */;
INSERT INTO `dummydocumenttype` VALUES (1,1,'HQXPO','Purchase Order',0,0,0,0,0),(1,2,'HQXRO','Receive Order From PO',1,0,1,1,1),(1,3,'HQXWT','Transfer Order',-1,0,1,0,0),(1,6,'HQXTN','Transfer No Inventory',-1,0,1,0,1),(1,7,'HQXMS','Monthly Stock Card',0,0,0,0,0),(1,10,'HQXTR','Transfer Stock',1,0,1,1,1),(1,12,'HQXAP','Add Prefinish Material Document',1,0,1,0,1),(1,13,'HQXRP','Reduce for Prefinish Material',-1,0,1,0,0),(1,17,'HQXRS','Request Order',0,0,0,0,0),(1,18,'HQXAD','Add From Daily Stock',1,0,1,0,0),(1,19,'HQXRD','Reduce From Daily Stock',-1,0,1,0,0),(1,20,'HQXSD','Material From Sale Document',-1,0,0,0,0),(1,21,'HQXVD','Material From Void Document',1,0,0,0,0),(1,22,'HQXAM','Add From Monthly Stock',1,0,1,0,0),(1,23,'HQXRM','Reduce From Monthly Stock',-1,0,1,0,0),(1,24,'HQXDS','Daily Stock Card',0,0,0,0,0),(1,25,'HQXRT','Receive From Transfer',1,0,1,1,0),(1,26,'HQXPF','Prefinish Document',0,0,0,0,0),(1,27,'HQXAC','Return Material For Create Prefinish Document',1,0,1,0,0),(1,28,'HQXRC','Reduce Material For Create Prefnish Document',-1,0,1,0,0),(1,29,'HQXCM','Calculate Material Document For Prefinish',0,0,0,0,0),(1,30,'HQXWS','Weekly Stock Card',0,0,0,0,0),(1,31,'HQXAW','Add From Weekly Stock',1,0,1,0,0),(1,32,'HQXWW','Reduce From Weekly Stock',-1,0,1,0,0),(1,39,'HQXDR','Direct Receive Order',1,0,1,1,1),(1,46,'HQXWC','Transfer With Cost',-1,0,1,0,1),(1,47,'HQXTC','Receive From Transfer With Cost',1,0,1,0,1),(1,48,'HQXPV','Reduce Prefinish Material For Cancel Document',-1,0,1,0,0),(1,49,'HQXPA','Add Prefinish Material For Cancel Document',1,0,1,0,0),(1,50,'HQXJD','Adjust Direct Receive Order',1,0,1,1,1),(1,51,'HQXCP','Calculate Prefinish Material Document',0,0,0,0,0),(1,52,'HQXCL','Calculate Material For Create Prefinish Material Document',0,0,0,0,0),(1,53,'HQXAR','Adjust Ending Stock',1,0,1,1,1),(1,54,'HQXAT','Adjust Transfer Stock',1,0,1,1,1),(1,55,'HQXPP','Prepare Material Document',-1,0,0,0,0),(1,56,'HQXRA','Receive And Create PO',1,0,0,0,1),(1,57,'HQXAJ','Adjust Stock Count',0,0,0,0,0),(1,58,'HQXAA','Add From Adjust Stock',1,0,1,0,0),(1,59,'HQXAS','Reduce From Adjust Stock',-1,0,1,0,0),(1,60,'HQXDM','Redeem Receipt Doc Type',-1,0,0,0,0),(1,62,'HQXRV','Void Redeem Receipt Document',1,0,0,0,0),(1,63,'xxxPR','Purchase Request',0,0,0,0,0),(1,64,'YMA','Yield Material Document',-1,0,1,0,0),(1,101,'HQXRW','Raw Waste',-1,1,1,0,0),(1,104,'HQXS103','Stock for pay type: Finish Waste',-1,0,0,1,0),(1,105,'HQXV103','Void Stock for pay type: Finish Waste',1,0,0,1,0);
/*!40000 ALTER TABLE `dummydocumenttype` ENABLE KEYS */;
UNLOCK TABLES;

--
-- Table structure for table `dummydocumenttypethai`
--

DROP TABLE IF EXISTS `dummydocumenttypethai`;
/*!40101 SET @saved_cs_client     = @@character_set_client */;
/*!40101 SET character_set_client = utf8 */;
CREATE TABLE `dummydocumenttypethai` (
  `TotalNum` int(11) DEFAULT NULL,
  `DocumentTypeID` int(11) DEFAULT NULL,
  `DocumentTypeNameThai` varchar(100) DEFAULT NULL
) ENGINE=InnoDB DEFAULT CHARSET=utf8;
/*!40101 SET character_set_client = @saved_cs_client */;

--
-- Dumping data for table `dummydocumenttypethai`
--

LOCK TABLES `dummydocumenttypethai` WRITE;
/*!40000 ALTER TABLE `dummydocumenttypethai` DISABLE KEYS */;
INSERT INTO `dummydocumenttypethai` VALUES (1,1,'ใบสั่งซื้อสินค้า'),(1,2,'ใบรับสินค้าจากสั่งซื้อ'),(1,3,'เอกสารโอนย้ายสินค้า'),(1,6,'เอกสารเบิกจ่ายไม่เข้าคลัง'),(1,7,'ใบนับสต๊อกรายเดือน'),(1,10,'ใบยกยอดสินค้า'),(1,12,'ใบสร้างวัตถุดิบ Prefinish'),(1,13,'ใบลดวัตตถุดิบเพื่อสร้าง Prefinish'),(1,17,'ใบขอสินค้า'),(1,18,'ใบเพิ่มจากการนับสต๊อกรายวัน'),(1,19,'ใบลดจากการนับสต๊อกรายวัน'),(1,20,'เอกสารวัตถุดิบจากการขาย'),(1,21,'เอกสารวัตถุดิบจากการvoid'),(1,22,'ใบเพิ่มจากการนับสต๊อกรายเดือน'),(1,23,'ใบลดจากการนับสต๊อกรายเดือน'),(1,24,'ใบนับสต๊อกรายวัน'),(1,25,'ใบรับสินค้าจากโอนถ่าย'),(1,26,'ใบสร้าง Prefinish'),(1,27,'ใบปรับเพิ่มจากการสร้างวัตถุดิบ Prefinish'),(1,28,'ใบปรับลดจากการสร้างวัตถุดิบ Prefinish'),(1,29,'ใบคำนวณการใช้วัตถุดิบของ Prefinish'),(1,30,'ใบนับสต๊อกรายสัปดาห์'),(1,31,'ใบเพิ่มจากการนับสต๊อกรายสัปดาห์'),(1,32,'ใบลดจากการนับสต๊อกรายสัปดาห์'),(1,39,'ใบรับสินค้าตรง'),(1,46,'เอกสารเบิกจ่ายสินค้าที่มีราคา'),(1,47,'เอกสารรับสินค้าจากการโอนที่มีราคา'),(1,48,'เอกสารลด Prefinish สำหรับ cancel document'),(1,49,'เอกสารเพิ่ม Prefinish สำหรับ cancel document'),(1,50,'เอกสารปรับเพิ่ม-ลดใบรับตรง'),(1,51,'เอกสารการคำนวณวัตถุดิบ Prefinish'),(1,52,'เอกสารคำนวณวัตถุดิบที่ใช้สร้าง Prefinish'),(1,53,'เอกสารปรับเพิ่ม-ลดสต๊อกสิ้นเดือน'),(1,54,'เอกสารปรับเพิ่ม-ลดใบยกยอดสินค้ารายเดือน'),(1,55,'เอกสารเตรียมสินค้า'),(1,56,'ใบรับสินค้าเพื่อสร้างใบสั่งซื้อ'),(1,57,'ใบปรับสต๊อก'),(1,58,'ใบเพิ่มจากการปรับสต๊อก'),(1,59,'ใบลดจากการปรับสต๊อก'),(1,60,'ใบเสร็จแลกแต้มสะสม'),(1,62,'เอกสารยกเลิกแลกแต้มสะสม'),(1,63,'เอกสารเสนอขอซื้อ'),(1,101,'ตัดของเสีย'),(1,104,'Stock for pay type: Finish Waste'),(1,105,'Void Stock for pay type: Finish Waste');
/*!40000 ALTER TABLE `dummydocumenttypethai` ENABLE KEYS */;
UNLOCK TABLES;

--
-- Table structure for table `dummygroupordering`
--

DROP TABLE IF EXISTS `dummygroupordering`;
/*!40101 SET @saved_cs_client     = @@character_set_client */;
/*!40101 SET character_set_client = utf8 */;
CREATE TABLE `dummygroupordering` (
  `GroupOrdering` int(11) NOT NULL AUTO_INCREMENT,
  `ProductGroupCode` varchar(100) DEFAULT NULL,
  PRIMARY KEY (`GroupOrdering`)
) ENGINE=InnoDB AUTO_INCREMENT=3 DEFAULT CHARSET=tis620;
/*!40101 SET character_set_client = @saved_cs_client */;

--
-- Dumping data for table `dummygroupordering`
--

LOCK TABLES `dummygroupordering` WRITE;
/*!40000 ALTER TABLE `dummygroupordering` DISABLE KEYS */;
INSERT INTO `dummygroupordering` VALUES (1,'C1'),(2,'Sample');
/*!40000 ALTER TABLE `dummygroupordering` ENABLE KEYS */;
UNLOCK TABLES;

--
-- Table structure for table `dummyhourly`
--

DROP TABLE IF EXISTS `dummyhourly`;
/*!40101 SET @saved_cs_client     = @@character_set_client */;
/*!40101 SET character_set_client = utf8 */;
CREATE TABLE `dummyhourly` (
  `ID` int(11) DEFAULT NULL,
  `Hourly` int(11) DEFAULT NULL
) ENGINE=InnoDB DEFAULT CHARSET=utf8;
/*!40101 SET character_set_client = @saved_cs_client */;

--
-- Dumping data for table `dummyhourly`
--

LOCK TABLES `dummyhourly` WRITE;
/*!40000 ALTER TABLE `dummyhourly` DISABLE KEYS */;
/*!40000 ALTER TABLE `dummyhourly` ENABLE KEYS */;
UNLOCK TABLES;

--
-- Table structure for table `dummymaterialcosttable_std`
--

DROP TABLE IF EXISTS `dummymaterialcosttable_std`;
/*!40101 SET @saved_cs_client     = @@character_set_client */;
/*!40101 SET character_set_client = utf8 */;
CREATE TABLE `dummymaterialcosttable_std` (
  `MaterialID` int(11) NOT NULL DEFAULT '0',
  `TotalPrice` decimal(18,4) DEFAULT NULL,
  `TotalAmount` decimal(18,4) DEFAULT NULL,
  `BeginningPricePerUnit` decimal(18,4) DEFAULT NULL,
  `BeginningAmount` decimal(18,4) DEFAULT NULL,
  `PricePerUnit` decimal(18,4) DEFAULT NULL,
  `RecTotalPrice` decimal(18,4) DEFAULT NULL,
  `RecTotalAmount` decimal(18,4) DEFAULT NULL,
  PRIMARY KEY (`MaterialID`)
) ENGINE=InnoDB DEFAULT CHARSET=tis620;
/*!40101 SET character_set_client = @saved_cs_client */;

--
-- Dumping data for table `dummymaterialcosttable_std`
--

LOCK TABLES `dummymaterialcosttable_std` WRITE;
/*!40000 ALTER TABLE `dummymaterialcosttable_std` DISABLE KEYS */;
/*!40000 ALTER TABLE `dummymaterialcosttable_std` ENABLE KEYS */;
UNLOCK TABLES;

--
-- Table structure for table `dummymaterialcosttableallstock_std`
--

DROP TABLE IF EXISTS `dummymaterialcosttableallstock_std`;
/*!40101 SET @saved_cs_client     = @@character_set_client */;
/*!40101 SET character_set_client = utf8 */;
CREATE TABLE `dummymaterialcosttableallstock_std` (
  `MaterialID` int(11) NOT NULL DEFAULT '0',
  `TotalPrice` decimal(18,4) DEFAULT NULL,
  `TotalAmount` decimal(18,4) DEFAULT NULL,
  `BeginningPricePerUnit` decimal(18,4) DEFAULT NULL,
  `BeginningAmount` decimal(18,4) DEFAULT NULL,
  `PricePerUnit` decimal(18,4) DEFAULT NULL,
  `RecTotalPrice` decimal(18,4) DEFAULT NULL,
  `RecTotalAmount` decimal(18,4) DEFAULT NULL,
  PRIMARY KEY (`MaterialID`)
) ENGINE=InnoDB DEFAULT CHARSET=tis620;
/*!40101 SET character_set_client = @saved_cs_client */;

--
-- Dumping data for table `dummymaterialcosttableallstock_std`
--

LOCK TABLES `dummymaterialcosttableallstock_std` WRITE;
/*!40000 ALTER TABLE `dummymaterialcosttableallstock_std` DISABLE KEYS */;
/*!40000 ALTER TABLE `dummymaterialcosttableallstock_std` ENABLE KEYS */;
UNLOCK TABLES;

--
-- Table structure for table `dummyotherfood`
--

DROP TABLE IF EXISTS `dummyotherfood`;
/*!40101 SET @saved_cs_client     = @@character_set_client */;
/*!40101 SET character_set_client = utf8 */;
CREATE TABLE `dummyotherfood` (
  `ID` int(11) DEFAULT NULL,
  `SaleDate` datetime DEFAULT NULL,
  `OrderDetailID` int(11) DEFAULT NULL,
  `OtherFoodName` varchar(255) DEFAULT NULL,
  `Amount` float DEFAULT NULL,
  `Price` decimal(18,4) DEFAULT NULL,
  `ProductCode` varchar(53) DEFAULT NULL,
  `ProductID` int(11) DEFAULT NULL
) ENGINE=InnoDB DEFAULT CHARSET=utf8;
/*!40101 SET character_set_client = @saved_cs_client */;

--
-- Dumping data for table `dummyotherfood`
--

LOCK TABLES `dummyotherfood` WRITE;
/*!40000 ALTER TABLE `dummyotherfood` DISABLE KEYS */;
/*!40000 ALTER TABLE `dummyotherfood` ENABLE KEYS */;
UNLOCK TABLES;

--
-- Table structure for table `dummypayment`
--

DROP TABLE IF EXISTS `dummypayment`;
/*!40101 SET @saved_cs_client     = @@character_set_client */;
/*!40101 SET character_set_client = utf8 */;
CREATE TABLE `dummypayment` (
  `PayTypeID` int(11) DEFAULT NULL,
  `PayTypeName` varchar(100) DEFAULT NULL,
  `PayAmount` decimal(18,4) DEFAULT NULL,
  `PaymentVAT` decimal(18,4) DEFAULT NULL,
  `IsSale` tinyint(4) DEFAULT NULL,
  `IsVAT` tinyint(4) DEFAULT NULL,
  `PrepaidDiscountPercent` decimal(5,2) DEFAULT NULL,
  `IsOtherReceipt` tinyint(4) NOT NULL DEFAULT '0'
) ENGINE=InnoDB DEFAULT CHARSET=tis620;
/*!40101 SET character_set_client = @saved_cs_client */;

--
-- Dumping data for table `dummypayment`
--

LOCK TABLES `dummypayment` WRITE;
/*!40000 ALTER TABLE `dummypayment` DISABLE KEYS */;
INSERT INTO `dummypayment` VALUES (1,'Cash','330.0000','21.5888',1,1,'0.00',0);
/*!40000 ALTER TABLE `dummypayment` ENABLE KEYS */;
UNLOCK TABLES;

--
-- Temporary table structure for view `dummypromotionpaybyvoucher`
--

DROP TABLE IF EXISTS `dummypromotionpaybyvoucher`;
/*!50001 DROP VIEW IF EXISTS `dummypromotionpaybyvoucher`*/;
SET @saved_cs_client     = @@character_set_client;
SET character_set_client = utf8;
/*!50001 CREATE TABLE `dummypromotionpaybyvoucher` (
  `NoRecord` bigint(21),
  `PriceGroupID` int(11),
  `TransactionID` int(11),
  `ComputerID` int(11),
  `TypeID` tinyint(4)
) ENGINE=MyISAM */;
SET character_set_client = @saved_cs_client;

--
-- Table structure for table `dummyreportbyzone_1ceiudv4u1xfef55l1ni0xee`
--

DROP TABLE IF EXISTS `dummyreportbyzone_1ceiudv4u1xfef55l1ni0xee`;
/*!40101 SET @saved_cs_client     = @@character_set_client */;
/*!40101 SET character_set_client = utf8 */;
CREATE TABLE `dummyreportbyzone_1ceiudv4u1xfef55l1ni0xee` (
  `ProductGroupID` int(11) DEFAULT NULL,
  `ProductGroupName` varchar(200) DEFAULT NULL,
  `ProductGroupOrdering` int(11) DEFAULT NULL,
  `ZoneID` int(11) NOT NULL DEFAULT '0',
  `ZoneName` varchar(200) DEFAULT NULL,
  `SalePrice` decimal(18,4) DEFAULT NULL
) ENGINE=InnoDB DEFAULT CHARSET=tis620;
/*!40101 SET character_set_client = @saved_cs_client */;

--
-- Dumping data for table `dummyreportbyzone_1ceiudv4u1xfef55l1ni0xee`
--

LOCK TABLES `dummyreportbyzone_1ceiudv4u1xfef55l1ni0xee` WRITE;
/*!40000 ALTER TABLE `dummyreportbyzone_1ceiudv4u1xfef55l1ni0xee` DISABLE KEYS */;
/*!40000 ALTER TABLE `dummyreportbyzone_1ceiudv4u1xfef55l1ni0xee` ENABLE KEYS */;
UNLOCK TABLES;

--
-- Table structure for table `dummysalereport`
--

DROP TABLE IF EXISTS `dummysalereport`;
/*!40101 SET @saved_cs_client     = @@character_set_client */;
/*!40101 SET character_set_client = utf8 */;
CREATE TABLE `dummysalereport` (
  `TransactionID` int(11) DEFAULT NULL,
  `ComputerID` int(11) DEFAULT NULL,
  `VATType` tinyint(4) DEFAULT NULL,
  `NoCustomer` int(11) DEFAULT NULL,
  `TotalProductSale` decimal(18,4) DEFAULT NULL
) ENGINE=InnoDB DEFAULT CHARSET=tis620;
/*!40101 SET character_set_client = @saved_cs_client */;

--
-- Dumping data for table `dummysalereport`
--

LOCK TABLES `dummysalereport` WRITE;
/*!40000 ALTER TABLE `dummysalereport` DISABLE KEYS */;
/*!40000 ALTER TABLE `dummysalereport` ENABLE KEYS */;
UNLOCK TABLES;

--
-- Table structure for table `dummysalesummary`
--

DROP TABLE IF EXISTS `dummysalesummary`;
/*!40101 SET @saved_cs_client     = @@character_set_client */;
/*!40101 SET character_set_client = utf8 */;
CREATE TABLE `dummysalesummary` (
  `TransactionID` int(11) NOT NULL DEFAULT '0',
  `ComputerID` int(11) NOT NULL DEFAULT '0',
  `Amount` decimal(18,4) DEFAULT NULL,
  `Price` decimal(18,4) DEFAULT NULL,
  `RetailPrice` decimal(18,4) DEFAULT NULL,
  `SalePrice` decimal(18,4) DEFAULT NULL,
  `MemberDiscount` decimal(18,4) DEFAULT NULL,
  `StaffDiscount` decimal(18,4) DEFAULT NULL,
  `CouponDiscount` decimal(18,4) DEFAULT NULL,
  `VoucherDiscount` decimal(18,4) DEFAULT NULL,
  `OtherPercentDiscount` decimal(18,4) DEFAULT NULL,
  `EachProductOtherDiscount` decimal(18,4) DEFAULT NULL,
  `PricePromotionDiscount` decimal(18,4) DEFAULT NULL,
  `Discount` decimal(16,2) DEFAULT NULL,
  `DiscountVAT` decimal(16,2) DEFAULT NULL,
  `DiscountBeforeVAT` decimal(16,2) DEFAULT NULL,
  PRIMARY KEY (`TransactionID`,`ComputerID`)
) ENGINE=InnoDB DEFAULT CHARSET=tis620;
/*!40101 SET character_set_client = @saved_cs_client */;

--
-- Dumping data for table `dummysalesummary`
--

LOCK TABLES `dummysalesummary` WRITE;
/*!40000 ALTER TABLE `dummysalesummary` DISABLE KEYS */;
/*!40000 ALTER TABLE `dummysalesummary` ENABLE KEYS */;
UNLOCK TABLES;

--
-- Table structure for table `dummysession`
--

DROP TABLE IF EXISTS `dummysession`;
/*!40101 SET @saved_cs_client     = @@character_set_client */;
/*!40101 SET character_set_client = utf8 */;
CREATE TABLE `dummysession` (
  `SessionID` int(11) NOT NULL DEFAULT '0',
  `ComputerID` int(11) NOT NULL DEFAULT '0',
  `SessionNumber` smallint(6) DEFAULT NULL,
  PRIMARY KEY (`SessionID`,`ComputerID`)
) ENGINE=InnoDB DEFAULT CHARSET=tis620;
/*!40101 SET character_set_client = @saved_cs_client */;

--
-- Dumping data for table `dummysession`
--

LOCK TABLES `dummysession` WRITE;
/*!40000 ALTER TABLE `dummysession` DISABLE KEYS */;
/*!40000 ALTER TABLE `dummysession` ENABLE KEYS */;
UNLOCK TABLES;

--
-- Temporary table structure for view `dummytran`
--

DROP TABLE IF EXISTS `dummytran`;
/*!50001 DROP VIEW IF EXISTS `dummytran`*/;
SET @saved_cs_client     = @@character_set_client;
SET character_set_client = utf8;
/*!50001 CREATE TABLE `dummytran` (
  `ShopID` int(11),
  `ShopCode` varchar(10),
  `ShopName` varchar(50),
  `ProductLevelCode` varchar(10),
  `ProductLevelName` varchar(50),
  `ProductLevelOrder` int(11),
  `TransactionID` int(11),
  `ComputerID` int(11),
  `OrderDetailID` int(11),
  `SaleDate` date,
  `DocType` int(11),
  `ReceiptID` int(11),
  `ReceiptMonth` tinyint(4),
  `ReceiptYear` smallint(6),
  `SessionID` int(11),
  `CloseComputerID` int(11),
  `OpenTime` datetime,
  `CloseTime` datetime,
  `VoidTime` datetime,
  `OpenStaffID` int(11),
  `PaidStaffID` int(11),
  `VoidStaffID` int(11),
  `VoidReason` text,
  `TransactionStatusID` smallint(6),
  `TransactionVatable` decimal(18,4),
  `TransactionVAT` decimal(18,6),
  `TransactionExcludeVAT` decimal(18,4),
  `ServiceCharge` decimal(18,4),
  `ServiceChargeVAT` decimal(18,4),
  `OtherAmountDiscount` decimal(10,4),
  `VATType` tinyint(4),
  `NoCustomer` smallint(6),
  `ProductID` int(11),
  `OtherFoodName` varchar(50),
  `ProductSetType` int(11),
  `OrderStatusID` smallint(6),
  `Amount` decimal(18,4),
  `Price` decimal(18,4),
  `RetailPrice` decimal(18,4),
  `SalePrice` decimal(18,4),
  `TotalPrice` decimal(18,4),
  `TotalRetailPrice` decimal(18,4),
  `MemberDiscount` decimal(18,4),
  `StaffDiscount` decimal(18,4),
  `CouponDiscount` decimal(18,4),
  `VoucherDiscount` decimal(18,4),
  `OtherPercentDiscount` decimal(18,4),
  `EachProductOtherDiscount` decimal(18,4),
  `PricePromotionDiscount` decimal(18,4),
  `MemberDiscountID` int(11),
  `MemberPriceDiscountID` int(11),
  `StaffDiscountID` int(11),
  `CouponDiscountID` int(11),
  `CouponDiscountTypeID` int(11),
  `MemberPriceGroupID` int(11),
  `StaffPriceGroupID` int(11),
  `TableID` int(11),
  `TableName` varchar(100),
  `ZoneID` int(11),
  `ZoneName` varchar(50),
  `PromotionPriceID` int(11),
  `PromotionNPriceID` int(11),
  `NewProductID` bigint(11),
  `ProductCode` varchar(50),
  `ProductName` varchar(100),
  `ProductDeptCode` varchar(50),
  `ProductDeptName` varchar(50),
  `ProductGroupCode` varchar(50),
  `ProductGroupName` varchar(50),
  `Name_exp_70` bigint(11)
) ENGINE=MyISAM */;
SET character_set_client = @saved_cs_client;

--
-- Temporary table structure for view `dummytranpayment`
--

DROP TABLE IF EXISTS `dummytranpayment`;
/*!50001 DROP VIEW IF EXISTS `dummytranpayment`*/;
SET @saved_cs_client     = @@character_set_client;
SET character_set_client = utf8;
/*!50001 CREATE TABLE `dummytranpayment` (
  `ShopID` int(11),
  `ShopOrdering` int(11),
  `ShopCode` varchar(10),
  `ShopName` varchar(50),
  `ProductLevelCode` varchar(10),
  `ProductLevelName` varchar(50),
  `ProductLevelOrder` int(11),
  `TransactionID` int(11),
  `ComputerID` int(11),
  `PayDetailID` int(11),
  `SaleDate` date,
  `DocType` int(11),
  `ReceiptID` int(11),
  `ReceiptMonth` tinyint(4),
  `ReceiptYear` smallint(6),
  `SessionID` int(11),
  `CloseComputerID` int(11),
  `OpenTime` datetime,
  `CloseTime` datetime,
  `VoidTime` datetime,
  `OpenStaffID` int(11),
  `PaidStaffID` int(11),
  `VoidStaffID` int(11),
  `VoidReason` text,
  `TransactionStatusID` smallint(6),
  `TransactionVatable` decimal(18,4),
  `TransactionVAT` decimal(18,6),
  `TransactionExcludeVAT` decimal(18,4),
  `ServiceCharge` decimal(18,4),
  `ServiceChargeVAT` decimal(18,4),
  `OtherAmountDiscount` decimal(10,4),
  `NoCustomer` smallint(6),
  `PayTypeID` int(11),
  `PaidAmount` decimal(18,4),
  `PayTypeName` varchar(50),
  `PayTypeOrdering` int(11),
  `PaymentVAT` decimal(18,4),
  `IsSale` tinyint(2),
  `IsVAT` tinyint(2),
  `IsOtherReceipt` tinyint(2),
  `IsPrepaid` tinyint(2),
  `PrepaidDiscountPercent` decimal(10,4),
  `PaidByName` varchar(100)
) ENGINE=MyISAM */;
SET character_set_client = @saved_cs_client;

--
-- Table structure for table `edc_mappingbankdetail`
--

DROP TABLE IF EXISTS `edc_mappingbankdetail`;
/*!40101 SET @saved_cs_client     = @@character_set_client */;
/*!40101 SET character_set_client = utf8 */;
CREATE TABLE `edc_mappingbankdetail` (
  `MappingID` int(11) NOT NULL DEFAULT '0',
  `EDCBankName` varchar(50) DEFAULT NULL,
  `BankNameID` int(11) NOT NULL DEFAULT '0',
  `CreditCardType` tinyint(4) NOT NULL DEFAULT '0',
  PRIMARY KEY (`MappingID`)
) ENGINE=InnoDB DEFAULT CHARSET=utf8;
/*!40101 SET character_set_client = @saved_cs_client */;

--
-- Dumping data for table `edc_mappingbankdetail`
--

LOCK TABLES `edc_mappingbankdetail` WRITE;
/*!40000 ALTER TABLE `edc_mappingbankdetail` DISABLE KEYS */;
/*!40000 ALTER TABLE `edc_mappingbankdetail` ENABLE KEYS */;
UNLOCK TABLES;

--
-- Table structure for table `edc_paymentinfo`
--

DROP TABLE IF EXISTS `edc_paymentinfo`;
/*!40101 SET @saved_cs_client     = @@character_set_client */;
/*!40101 SET character_set_client = utf8 */;
CREATE TABLE `edc_paymentinfo` (
  `TransactionID` int(11) NOT NULL DEFAULT '0',
  `ComputerID` int(11) NOT NULL DEFAULT '0',
  `ShopID` int(11) NOT NULL DEFAULT '0',
  `PaymentAmount` decimal(12,4) DEFAULT '0.0000',
  `EDC_MerchantName` varchar(100) DEFAULT NULL,
  `EDC_TransactionDate` varchar(20) DEFAULT NULL,
  `EDC_TransactionTime` varchar(20) DEFAULT NULL,
  `EDC_ApprovalCode` varchar(10) DEFAULT NULL,
  `EDC_InvoiceNo` varchar(10) DEFAULT NULL,
  `EDC_TerminalID` varchar(10) DEFAULT NULL,
  `EDC_MerchantNo` varchar(20) DEFAULT NULL,
  `EDC_CardIssueName` varchar(20) DEFAULT NULL,
  `EDC_CreditCardNo` varchar(20) DEFAULT NULL,
  `EDC_CardExpireDate` varchar(10) DEFAULT NULL,
  `EDC_BatchNo` varchar(10) DEFAULT NULL,
  `EDC_ReferenceNo` varchar(20) DEFAULT NULL,
  `EDC_CardIssueID` varchar(10) DEFAULT NULL,
  `EDC_CardHolderName` varchar(40) DEFAULT NULL,
  `EDC_ResponseText` varchar(50) DEFAULT NULL,
  `EDC_PayCreditCardAmount` decimal(18,4) NOT NULL DEFAULT '0.0000',
  `EDC_UseRedeemPoint` int(11) NOT NULL DEFAULT '0',
  `EDC_UseRedeemAmount` decimal(18,4) NOT NULL DEFAULT '0.0000',
  `EDC_RedeemPointBalance` int(11) NOT NULL DEFAULT '0',
  `EDC_NII` varchar(20) DEFAULT NULL,
  `EDC_EmvAppID` varchar(20) DEFAULT NULL,
  `EDC_EmvAppName` varchar(20) DEFAULT NULL,
  `EDC_EmvAppCryptogram` varchar(20) DEFAULT NULL,
  `EDC_EmvTerminalVerifyResult` varchar(20) DEFAULT NULL,
  `EDC_POSEntryMode` varchar(10) DEFAULT NULL,
  `UpdateDateTime` datetime DEFAULT NULL,
  PRIMARY KEY (`TransactionID`,`ComputerID`,`ShopID`)
) ENGINE=InnoDB DEFAULT CHARSET=utf8;
/*!40101 SET character_set_client = @saved_cs_client */;

--
-- Dumping data for table `edc_paymentinfo`
--

LOCK TABLES `edc_paymentinfo` WRITE;
/*!40000 ALTER TABLE `edc_paymentinfo` DISABLE KEYS */;
/*!40000 ALTER TABLE `edc_paymentinfo` ENABLE KEYS */;
UNLOCK TABLES;

--
-- Table structure for table `edc_typename`
--

DROP TABLE IF EXISTS `edc_typename`;
/*!40101 SET @saved_cs_client     = @@character_set_client */;
/*!40101 SET character_set_client = utf8 */;
CREATE TABLE `edc_typename` (
  `EDCTypeID` tinyint(4) NOT NULL DEFAULT '0',
  `EDCTypeName` varchar(50) DEFAULT NULL,
  PRIMARY KEY (`EDCTypeID`)
) ENGINE=InnoDB DEFAULT CHARSET=utf8;
/*!40101 SET character_set_client = @saved_cs_client */;

--
-- Dumping data for table `edc_typename`
--

LOCK TABLES `edc_typename` WRITE;
/*!40000 ALTER TABLE `edc_typename` DISABLE KEYS */;
INSERT INTO `edc_typename` VALUES (1,'EDC Nera'),(2,'EDC PosNet'),(3,'EDC Hypercom'),(4,'EDC Loxbit'),(10,'Gift Card MyKitchen');
/*!40000 ALTER TABLE `edc_typename` ENABLE KEYS */;
UNLOCK TABLES;

--
-- Table structure for table `edc_voidtransaction`
--

DROP TABLE IF EXISTS `edc_voidtransaction`;
/*!40101 SET @saved_cs_client     = @@character_set_client */;
/*!40101 SET character_set_client = utf8 */;
CREATE TABLE `edc_voidtransaction` (
  `TransactionID` int(11) NOT NULL DEFAULT '0',
  `ComputerID` int(11) NOT NULL DEFAULT '0',
  `ShopID` int(11) NOT NULL DEFAULT '0',
  `PaymentAmount` decimal(12,4) DEFAULT '0.0000',
  `EDC_MerchantName` varchar(100) DEFAULT NULL,
  `EDC_TransactionDate` varchar(20) DEFAULT NULL,
  `EDC_TransactionTime` varchar(20) DEFAULT NULL,
  `EDC_ApprovalCode` varchar(10) DEFAULT NULL,
  `EDC_InvoiceNo` varchar(10) NOT NULL DEFAULT '',
  `EDC_TerminalID` varchar(10) DEFAULT NULL,
  `EDC_MerchantNo` varchar(20) DEFAULT NULL,
  `EDC_CardIssueName` varchar(20) DEFAULT NULL,
  `EDC_CreditCardNo` varchar(20) DEFAULT NULL,
  `EDC_CardExpireDate` varchar(10) DEFAULT NULL,
  `EDC_BatchNo` varchar(10) DEFAULT NULL,
  `EDC_ReferenceNo` varchar(20) DEFAULT NULL,
  `EDC_CardIssueID` varchar(10) DEFAULT NULL,
  `EDC_CardHolderName` varchar(40) DEFAULT NULL,
  `EDC_ResponseText` varchar(50) DEFAULT NULL,
  `EDC_PayCreditCardAmount` decimal(18,4) DEFAULT '0.0000',
  `EDC_UseRedeemPoint` int(11) DEFAULT '0',
  `EDC_UseRedeemAmount` decimal(18,4) DEFAULT '0.0000',
  `EDC_RedeemPointBalance` int(11) DEFAULT '0',
  `UpdateDateTime` datetime DEFAULT NULL,
  PRIMARY KEY (`TransactionID`,`ComputerID`,`ShopID`,`EDC_InvoiceNo`)
) ENGINE=InnoDB DEFAULT CHARSET=tis620;
/*!40101 SET character_set_client = @saved_cs_client */;

--
-- Dumping data for table `edc_voidtransaction`
--

LOCK TABLES `edc_voidtransaction` WRITE;
/*!40000 ALTER TABLE `edc_voidtransaction` DISABLE KEYS */;
/*!40000 ALTER TABLE `edc_voidtransaction` ENABLE KEYS */;
UNLOCK TABLES;

--
-- Table structure for table `eprintfulltaxinvoicedetail`
--

DROP TABLE IF EXISTS `eprintfulltaxinvoicedetail`;
/*!40101 SET @saved_cs_client     = @@character_set_client */;
/*!40101 SET character_set_client = utf8 */;
CREATE TABLE `eprintfulltaxinvoicedetail` (
  `FullTaxInvoiceID` int(11) NOT NULL DEFAULT '0',
  `FullTaxInvoiceComputerID` int(11) NOT NULL DEFAULT '0',
  `ShopID` int(11) NOT NULL DEFAULT '0',
  `FullTaxInvoiceReceiptNumber` varchar(50) DEFAULT NULL,
  `InvoiceDate` date DEFAULT NULL,
  `TotalSalePrice` decimal(18,4) NOT NULL DEFAULT '0.0000',
  `TotalDiscount` decimal(18,4) NOT NULL DEFAULT '0.0000',
  `TransactionVAT` decimal(18,4) NOT NULL DEFAULT '0.0000',
  `TransactionExcludeVAT` decimal(18,4) NOT NULL DEFAULT '0.0000',
  `ServiceCharge` decimal(18,4) NOT NULL DEFAULT '0.0000',
  `ServiceChargeVAT` decimal(18,4) NOT NULL DEFAULT '0.0000',
  `PaymentAmount` decimal(18,4) NOT NULL DEFAULT '0.0000',
  `PaymentVAT` decimal(18,4) NOT NULL DEFAULT '0.0000',
  `NoOfReprintBill` int(11) NOT NULL DEFAULT '0',
  `FullTaxStatus` tinyint(4) NOT NULL DEFAULT '0',
  `UpdateDate` datetime DEFAULT NULL,
  PRIMARY KEY (`FullTaxInvoiceID`,`FullTaxInvoiceComputerID`)
) ENGINE=InnoDB DEFAULT CHARSET=tis620;
/*!40101 SET character_set_client = @saved_cs_client */;

--
-- Dumping data for table `eprintfulltaxinvoicedetail`
--

LOCK TABLES `eprintfulltaxinvoicedetail` WRITE;
/*!40000 ALTER TABLE `eprintfulltaxinvoicedetail` DISABLE KEYS */;
/*!40000 ALTER TABLE `eprintfulltaxinvoicedetail` ENABLE KEYS */;
UNLOCK TABLES;

--
-- Table structure for table `eprintreceiptdetail`
--

DROP TABLE IF EXISTS `eprintreceiptdetail`;
/*!40101 SET @saved_cs_client     = @@character_set_client */;
/*!40101 SET character_set_client = utf8 */;
CREATE TABLE `eprintreceiptdetail` (
  `TransactionID` int(11) NOT NULL DEFAULT '0',
  `ComputerID` int(11) NOT NULL DEFAULT '0',
  `PrintReceiptType` tinyint(4) NOT NULL DEFAULT '0',
  `PrintNo` tinyint(4) NOT NULL DEFAULT '0',
  `LineOrder` int(11) NOT NULL DEFAULT '0',
  `LeftText` varchar(255) DEFAULT NULL,
  `CenterText` varchar(255) DEFAULT NULL,
  `RightText` varchar(255) DEFAULT NULL,
  `NameText` varchar(255) DEFAULT NULL,
  `LineType` tinyint(4) NOT NULL DEFAULT '0',
  `IsUnderLine` tinyint(4) NOT NULL DEFAULT '0',
  `FontType` tinyint(4) NOT NULL DEFAULT '0',
  `StartPosition` int(11) NOT NULL DEFAULT '0',
  `EndPosition` int(11) NOT NULL DEFAULT '0',
  `NoNewLineAfterPrint` tinyint(4) NOT NULL DEFAULT '1',
  PRIMARY KEY (`TransactionID`,`ComputerID`,`PrintReceiptType`,`PrintNo`,`LineOrder`),
  KEY `TransactionIndex` (`TransactionID`,`ComputerID`)
) ENGINE=InnoDB DEFAULT CHARSET=utf8;
/*!40101 SET character_set_client = @saved_cs_client */;

--
-- Dumping data for table `eprintreceiptdetail`
--

LOCK TABLES `eprintreceiptdetail` WRITE;
/*!40000 ALTER TABLE `eprintreceiptdetail` DISABLE KEYS */;
/*!40000 ALTER TABLE `eprintreceiptdetail` ENABLE KEYS */;
UNLOCK TABLES;

--
-- Table structure for table `eprintreceiptdetailfonttype`
--

DROP TABLE IF EXISTS `eprintreceiptdetailfonttype`;
/*!40101 SET @saved_cs_client     = @@character_set_client */;
/*!40101 SET character_set_client = utf8 */;
CREATE TABLE `eprintreceiptdetailfonttype` (
  `TransactionID` int(11) NOT NULL DEFAULT '0',
  `ComputerID` int(11) NOT NULL DEFAULT '0',
  `PrintReceiptType` tinyint(4) NOT NULL DEFAULT '0',
  `PrintNo` tinyint(4) NOT NULL DEFAULT '0',
  `FontType` tinyint(4) NOT NULL DEFAULT '0',
  `FontName` varchar(255) DEFAULT NULL,
  PRIMARY KEY (`TransactionID`,`ComputerID`,`PrintReceiptType`,`PrintNo`,`FontType`),
  KEY `TransactionIndex` (`TransactionID`,`ComputerID`)
) ENGINE=InnoDB DEFAULT CHARSET=utf8;
/*!40101 SET character_set_client = @saved_cs_client */;

--
-- Dumping data for table `eprintreceiptdetailfonttype`
--

LOCK TABLES `eprintreceiptdetailfonttype` WRITE;
/*!40000 ALTER TABLE `eprintreceiptdetailfonttype` DISABLE KEYS */;
/*!40000 ALTER TABLE `eprintreceiptdetailfonttype` ENABLE KEYS */;
UNLOCK TABLES;

--
-- Table structure for table `eprintreceiptdetailprinttime`
--

DROP TABLE IF EXISTS `eprintreceiptdetailprinttime`;
/*!40101 SET @saved_cs_client     = @@character_set_client */;
/*!40101 SET character_set_client = utf8 */;
CREATE TABLE `eprintreceiptdetailprinttime` (
  `TransactionID` int(11) NOT NULL DEFAULT '0',
  `ComputerID` int(11) NOT NULL DEFAULT '0',
  `PrintReceiptType` tinyint(4) NOT NULL DEFAULT '0',
  `PrintNo` tinyint(4) NOT NULL DEFAULT '0',
  `ShopID` int(11) NOT NULL DEFAULT '0',
  `PrintDateTime` datetime DEFAULT NULL,
  PRIMARY KEY (`TransactionID`,`ComputerID`,`PrintReceiptType`,`PrintNo`),
  KEY `PrintTimeIndex` (`PrintDateTime`)
) ENGINE=InnoDB DEFAULT CHARSET=tis620;
/*!40101 SET character_set_client = @saved_cs_client */;

--
-- Dumping data for table `eprintreceiptdetailprinttime`
--

LOCK TABLES `eprintreceiptdetailprinttime` WRITE;
/*!40000 ALTER TABLE `eprintreceiptdetailprinttime` DISABLE KEYS */;
/*!40000 ALTER TABLE `eprintreceiptdetailprinttime` ENABLE KEYS */;
UNLOCK TABLES;

--
-- Table structure for table `eprintreceiptlinetypedescription`
--

DROP TABLE IF EXISTS `eprintreceiptlinetypedescription`;
/*!40101 SET @saved_cs_client     = @@character_set_client */;
/*!40101 SET character_set_client = utf8 */;
CREATE TABLE `eprintreceiptlinetypedescription` (
  `LineType` tinyint(4) NOT NULL DEFAULT '0',
  `Description` varchar(50) DEFAULT NULL,
  PRIMARY KEY (`LineType`)
) ENGINE=InnoDB DEFAULT CHARSET=utf8;
/*!40101 SET character_set_client = @saved_cs_client */;

--
-- Dumping data for table `eprintreceiptlinetypedescription`
--

LOCK TABLES `eprintreceiptlinetypedescription` WRITE;
/*!40000 ALTER TABLE `eprintreceiptlinetypedescription` DISABLE KEYS */;
INSERT INTO `eprintreceiptlinetypedescription` VALUES (1,'Print Left'),(2,'Print Right'),(3,'Print Center'),(4,'Print 3 Column'),(5,'Print Left And Right'),(6,'Blank Line'),(7,'Print Double Line'),(8,'Print Line'),(9,'Print Across Page'),(10,'Print Logo'),(11,'Print 4 Column'),(12,'Print 4 Column Amount First'),(13,'Print 3 Column Amount First'),(14,'Print BarCode');
/*!40000 ALTER TABLE `eprintreceiptlinetypedescription` ENABLE KEYS */;
UNLOCK TABLES;

--
-- Table structure for table `eprintreceipttransactiondetail`
--

DROP TABLE IF EXISTS `eprintreceipttransactiondetail`;
/*!40101 SET @saved_cs_client     = @@character_set_client */;
/*!40101 SET character_set_client = utf8 */;
CREATE TABLE `eprintreceipttransactiondetail` (
  `TransactionID` int(11) NOT NULL DEFAULT '0',
  `ComputerID` int(11) NOT NULL DEFAULT '0',
  `ShopID` int(11) NOT NULL DEFAULT '0',
  `SaleDate` date DEFAULT NULL,
  `PaidTime` datetime DEFAULT NULL,
  `ReceiptNumber` varchar(50) DEFAULT NULL,
  `TotalItem` smallint(6) NOT NULL DEFAULT '0',
  `TotalPrice` decimal(18,4) NOT NULL DEFAULT '0.0000',
  `TotalDiscount` decimal(18,4) NOT NULL DEFAULT '0.0000',
  `TransactionVAT` decimal(18,4) NOT NULL DEFAULT '0.0000',
  `TransactionExcludeVAT` decimal(18,4) NOT NULL DEFAULT '0.0000',
  `ServiceCharge` decimal(18,4) NOT NULL DEFAULT '0.0000',
  `ServiceChargeVAT` decimal(18,4) NOT NULL DEFAULT '0.0000',
  `GrandTotalPrice` decimal(18,4) NOT NULL DEFAULT '0.0000',
  `NoOfReprintBill` tinyint(4) NOT NULL DEFAULT '0',
  `IsVoidReceipt` tinyint(4) NOT NULL DEFAULT '0',
  `HasFullTaxInvoice` tinyint(4) NOT NULL DEFAULT '0',
  `ReceiptDocType` int(11) NOT NULL DEFAULT '0',
  `UpdateDate` datetime DEFAULT NULL,
  PRIMARY KEY (`TransactionID`,`ComputerID`)
) ENGINE=InnoDB DEFAULT CHARSET=utf8;
/*!40101 SET character_set_client = @saved_cs_client */;

--
-- Dumping data for table `eprintreceipttransactiondetail`
--

LOCK TABLES `eprintreceipttransactiondetail` WRITE;
/*!40000 ALTER TABLE `eprintreceipttransactiondetail` DISABLE KEYS */;
/*!40000 ALTER TABLE `eprintreceipttransactiondetail` ENABLE KEYS */;
UNLOCK TABLES;

--
-- Table structure for table `eprintreceipttypedescription`
--

DROP TABLE IF EXISTS `eprintreceipttypedescription`;
/*!40101 SET @saved_cs_client     = @@character_set_client */;
/*!40101 SET character_set_client = utf8 */;
CREATE TABLE `eprintreceipttypedescription` (
  `PrintReceiptType` tinyint(4) NOT NULL DEFAULT '0',
  `Description` varchar(50) DEFAULT NULL,
  PRIMARY KEY (`PrintReceiptType`)
) ENGINE=InnoDB DEFAULT CHARSET=tis620;
/*!40101 SET character_set_client = @saved_cs_client */;

--
-- Dumping data for table `eprintreceipttypedescription`
--

LOCK TABLES `eprintreceipttypedescription` WRITE;
/*!40000 ALTER TABLE `eprintreceipttypedescription` DISABLE KEYS */;
INSERT INTO `eprintreceipttypedescription` VALUES (0,'Print Receipt'),(1,'RePrint Receipt'),(2,'Print Void Receipt'),(3,'Print FullTaxInvoice'),(4,'Print Void FullTaxInvoice'),(5,'Print Cancel Receipt To Create FullTaxInvoice');
/*!40000 ALTER TABLE `eprintreceipttypedescription` ENABLE KEYS */;
UNLOCK TABLES;

--
-- Table structure for table `errorlog`
--

DROP TABLE IF EXISTS `errorlog`;
/*!40101 SET @saved_cs_client     = @@character_set_client */;
/*!40101 SET character_set_client = utf8 */;
CREATE TABLE `errorlog` (
  `ID` int(11) NOT NULL AUTO_INCREMENT,
  `ErrorMessage` text,
  `ErrorTime` datetime DEFAULT NULL,
  PRIMARY KEY (`ID`)
) ENGINE=InnoDB DEFAULT CHARSET=utf8;
/*!40101 SET character_set_client = @saved_cs_client */;

--
-- Dumping data for table `errorlog`
--

LOCK TABLES `errorlog` WRITE;
/*!40000 ALTER TABLE `errorlog` DISABLE KEYS */;
/*!40000 ALTER TABLE `errorlog` ENABLE KEYS */;
UNLOCK TABLES;

--
-- Table structure for table `evoucher_purchasevoucherdetail`
--

DROP TABLE IF EXISTS `evoucher_purchasevoucherdetail`;
/*!40101 SET @saved_cs_client     = @@character_set_client */;
/*!40101 SET character_set_client = utf8 */;
CREATE TABLE `evoucher_purchasevoucherdetail` (
  `TransactionID` int(11) NOT NULL DEFAULT '0',
  `ComputerID` int(11) NOT NULL DEFAULT '0',
  `OrderDetailID` int(11) NOT NULL DEFAULT '0',
  `VoucherSerialNumber` varchar(50) NOT NULL,
  `VoucherHeader` varchar(10) DEFAULT NULL,
  `VoucherNo` varchar(50) NOT NULL,
  `VoucherID` int(11) NOT NULL DEFAULT '0',
  `ShopID` int(11) NOT NULL DEFAULT '0',
  `CustomerName` varchar(50) NOT NULL,
  `SaleDate` date DEFAULT NULL,
  `POS_ShopID` int(11) NOT NULL DEFAULT '0',
  PRIMARY KEY (`TransactionID`,`ComputerID`,`OrderDetailID`,`VoucherSerialNumber`)
) ENGINE=InnoDB DEFAULT CHARSET=utf8;
/*!40101 SET character_set_client = @saved_cs_client */;

--
-- Dumping data for table `evoucher_purchasevoucherdetail`
--

LOCK TABLES `evoucher_purchasevoucherdetail` WRITE;
/*!40000 ALTER TABLE `evoucher_purchasevoucherdetail` DISABLE KEYS */;
/*!40000 ALTER TABLE `evoucher_purchasevoucherdetail` ENABLE KEYS */;
UNLOCK TABLES;

--
-- Table structure for table `evoucher_purchasevoucherdetailfront`
--

DROP TABLE IF EXISTS `evoucher_purchasevoucherdetailfront`;
/*!40101 SET @saved_cs_client     = @@character_set_client */;
/*!40101 SET character_set_client = utf8 */;
CREATE TABLE `evoucher_purchasevoucherdetailfront` (
  `TransactionID` int(11) NOT NULL DEFAULT '0',
  `ComputerID` int(11) NOT NULL DEFAULT '0',
  `OrderDetailID` int(11) NOT NULL DEFAULT '0',
  `VoucherSerialNumber` varchar(50) NOT NULL,
  `VoucherHeader` varchar(10) DEFAULT NULL,
  `VoucherNo` varchar(50) NOT NULL,
  `VoucherID` int(11) NOT NULL DEFAULT '0',
  `ShopID` int(11) NOT NULL DEFAULT '0',
  `CustomerName` varchar(50) NOT NULL,
  `SaleDate` date DEFAULT NULL,
  `POS_ShopID` int(11) NOT NULL DEFAULT '0',
  PRIMARY KEY (`TransactionID`,`ComputerID`,`OrderDetailID`,`VoucherSerialNumber`)
) ENGINE=InnoDB DEFAULT CHARSET=utf8;
/*!40101 SET character_set_client = @saved_cs_client */;

--
-- Dumping data for table `evoucher_purchasevoucherdetailfront`
--

LOCK TABLES `evoucher_purchasevoucherdetailfront` WRITE;
/*!40000 ALTER TABLE `evoucher_purchasevoucherdetailfront` DISABLE KEYS */;
/*!40000 ALTER TABLE `evoucher_purchasevoucherdetailfront` ENABLE KEYS */;
UNLOCK TABLES;

--
-- Table structure for table `evoucher_useinfo`
--

DROP TABLE IF EXISTS `evoucher_useinfo`;
/*!40101 SET @saved_cs_client     = @@character_set_client */;
/*!40101 SET character_set_client = utf8 */;
CREATE TABLE `evoucher_useinfo` (
  `TransactionID` int(11) NOT NULL DEFAULT '0',
  `ComputerID` int(11) NOT NULL DEFAULT '0',
  `SaleDate` date DEFAULT NULL,
  `POS_ShopID` int(11) NOT NULL DEFAULT '0',
  `BrandID` int(11) NOT NULL DEFAULT '0',
  `ShopID` int(11) NOT NULL DEFAULT '0',
  `IsOnline` tinyint(4) NOT NULL DEFAULT '0',
  `IsVAT` tinyint(4) NOT NULL DEFAULT '1',
  `VoucherType` tinyint(4) NOT NULL DEFAULT '0',
  `VoucherID` int(11) NOT NULL DEFAULT '0',
  `VoucherSerialNumber` varchar(50) NOT NULL DEFAULT '',
  `PromoCode` varchar(50) DEFAULT NULL,
  `UseAmount` decimal(18,4) NOT NULL DEFAULT '0.0000',
  PRIMARY KEY (`TransactionID`,`ComputerID`,`VoucherSerialNumber`),
  KEY `SaleDateIndex` (`SaleDate`,`POS_ShopID`)
) ENGINE=InnoDB DEFAULT CHARSET=utf8;
/*!40101 SET character_set_client = @saved_cs_client */;

--
-- Dumping data for table `evoucher_useinfo`
--

LOCK TABLES `evoucher_useinfo` WRITE;
/*!40000 ALTER TABLE `evoucher_useinfo` DISABLE KEYS */;
/*!40000 ALTER TABLE `evoucher_useinfo` ENABLE KEYS */;
UNLOCK TABLES;

--
-- Table structure for table `evoucher_useinfofront`
--

DROP TABLE IF EXISTS `evoucher_useinfofront`;
/*!40101 SET @saved_cs_client     = @@character_set_client */;
/*!40101 SET character_set_client = utf8 */;
CREATE TABLE `evoucher_useinfofront` (
  `TransactionID` int(11) NOT NULL DEFAULT '0',
  `ComputerID` int(11) NOT NULL DEFAULT '0',
  `SaleDate` date DEFAULT NULL,
  `POS_ShopID` int(11) NOT NULL DEFAULT '0',
  `BrandID` int(11) NOT NULL DEFAULT '0',
  `ShopID` int(11) NOT NULL DEFAULT '0',
  `IsOnline` tinyint(4) NOT NULL DEFAULT '0',
  `IsVAT` tinyint(4) NOT NULL DEFAULT '1',
  `VoucherType` tinyint(4) NOT NULL DEFAULT '0',
  `VoucherID` int(11) NOT NULL DEFAULT '0',
  `VoucherSerialNumber` varchar(50) NOT NULL DEFAULT '',
  `PromoCode` varchar(50) DEFAULT NULL,
  `UseAmount` decimal(18,4) NOT NULL DEFAULT '0.0000',
  PRIMARY KEY (`TransactionID`,`ComputerID`,`VoucherSerialNumber`),
  KEY `SaleDateIndex` (`SaleDate`,`POS_ShopID`)
) ENGINE=InnoDB DEFAULT CHARSET=utf8;
/*!40101 SET character_set_client = @saved_cs_client */;

--
-- Dumping data for table `evoucher_useinfofront`
--

LOCK TABLES `evoucher_useinfofront` WRITE;
/*!40000 ALTER TABLE `evoucher_useinfofront` DISABLE KEYS */;
/*!40000 ALTER TABLE `evoucher_useinfofront` ENABLE KEYS */;
UNLOCK TABLES;

--
-- Table structure for table `exchangerate_config`
--

DROP TABLE IF EXISTS `exchangerate_config`;
/*!40101 SET @saved_cs_client     = @@character_set_client */;
/*!40101 SET character_set_client = utf8 */;
CREATE TABLE `exchangerate_config` (
  `ConfigID` tinyint(4) NOT NULL DEFAULT '0',
  `PrintExchangeRateInBillDetail` tinyint(4) NOT NULL DEFAULT '0',
  PRIMARY KEY (`ConfigID`)
) ENGINE=InnoDB DEFAULT CHARSET=utf8;
/*!40101 SET character_set_client = @saved_cs_client */;

--
-- Dumping data for table `exchangerate_config`
--

LOCK TABLES `exchangerate_config` WRITE;
/*!40000 ALTER TABLE `exchangerate_config` DISABLE KEYS */;
INSERT INTO `exchangerate_config` VALUES (1,0);
/*!40000 ALTER TABLE `exchangerate_config` ENABLE KEYS */;
UNLOCK TABLES;

--
-- Table structure for table `exchangerate_currency`
--

DROP TABLE IF EXISTS `exchangerate_currency`;
/*!40101 SET @saved_cs_client     = @@character_set_client */;
/*!40101 SET character_set_client = utf8 */;
CREATE TABLE `exchangerate_currency` (
  `CurrencyID` int(11) NOT NULL DEFAULT '0',
  `CurrencyName` varchar(100) DEFAULT NULL,
  `CurrencyShortName` varchar(10) DEFAULT NULL,
  `CountryName` varchar(100) DEFAULT NULL,
  `Ordering` int(11) NOT NULL DEFAULT '0',
  `Deleted` tinyint(4) NOT NULL DEFAULT '0',
  `CurrencyFormat` varchar(20) DEFAULT NULL,
  `CurrencyRoundType` tinyint(4) NOT NULL DEFAULT '0',
  `DigitForRoundingDecimal` tinyint(4) NOT NULL DEFAULT '0',
  `CashChange_MainCurrencyID` int(11) NOT NULL DEFAULT '0',
  `CashChange_SubCurrencyID` int(11) NOT NULL DEFAULT '0',
  `CashChange_SubCurrencyForAmountLessThan` int(11) NOT NULL DEFAULT '0',
  PRIMARY KEY (`CurrencyID`)
) ENGINE=InnoDB DEFAULT CHARSET=utf8;
/*!40101 SET character_set_client = @saved_cs_client */;

--
-- Dumping data for table `exchangerate_currency`
--

LOCK TABLES `exchangerate_currency` WRITE;
/*!40000 ALTER TABLE `exchangerate_currency` DISABLE KEYS */;
/*!40000 ALTER TABLE `exchangerate_currency` ENABLE KEYS */;
UNLOCK TABLES;

--
-- Table structure for table `exchangerate_exchangegroup`
--

DROP TABLE IF EXISTS `exchangerate_exchangegroup`;
/*!40101 SET @saved_cs_client     = @@character_set_client */;
/*!40101 SET character_set_client = utf8 */;
CREATE TABLE `exchangerate_exchangegroup` (
  `ExchangeGroupID` int(11) NOT NULL DEFAULT '0',
  `ExchangeGroupName` varchar(100) DEFAULT NULL,
  `MainCurrencyID` int(11) NOT NULL DEFAULT '0',
  `StartDate` date DEFAULT NULL,
  `EndDate` date DEFAULT NULL,
  `InsertStaffID` int(11) NOT NULL DEFAULT '0',
  `InsertDate` datetime DEFAULT NULL,
  `UpdateStaffID` int(11) NOT NULL DEFAULT '0',
  `UpdateDate` datetime DEFAULT NULL,
  PRIMARY KEY (`ExchangeGroupID`)
) ENGINE=InnoDB DEFAULT CHARSET=utf8;
/*!40101 SET character_set_client = @saved_cs_client */;

--
-- Dumping data for table `exchangerate_exchangegroup`
--

LOCK TABLES `exchangerate_exchangegroup` WRITE;
/*!40000 ALTER TABLE `exchangerate_exchangegroup` DISABLE KEYS */;
/*!40000 ALTER TABLE `exchangerate_exchangegroup` ENABLE KEYS */;
UNLOCK TABLES;

--
-- Table structure for table `exchangerate_exchangetable`
--

DROP TABLE IF EXISTS `exchangerate_exchangetable`;
/*!40101 SET @saved_cs_client     = @@character_set_client */;
/*!40101 SET character_set_client = utf8 */;
CREATE TABLE `exchangerate_exchangetable` (
  `ExchangeGroupID` int(11) NOT NULL DEFAULT '0',
  `CurrencyID` int(11) NOT NULL DEFAULT '0',
  `ExchangeRate` decimal(18,4) NOT NULL DEFAULT '0.0000',
  `MainCurrencyRatio` decimal(18,4) NOT NULL DEFAULT '0.0000',
  PRIMARY KEY (`ExchangeGroupID`,`CurrencyID`)
) ENGINE=InnoDB DEFAULT CHARSET=utf8;
/*!40101 SET character_set_client = @saved_cs_client */;

--
-- Dumping data for table `exchangerate_exchangetable`
--

LOCK TABLES `exchangerate_exchangetable` WRITE;
/*!40000 ALTER TABLE `exchangerate_exchangetable` DISABLE KEYS */;
/*!40000 ALTER TABLE `exchangerate_exchangetable` ENABLE KEYS */;
UNLOCK TABLES;

--
-- Table structure for table `exchangerate_shoplink`
--

DROP TABLE IF EXISTS `exchangerate_shoplink`;
/*!40101 SET @saved_cs_client     = @@character_set_client */;
/*!40101 SET character_set_client = utf8 */;
CREATE TABLE `exchangerate_shoplink` (
  `ExchangeGroupID` int(11) NOT NULL DEFAULT '0',
  `ProductLevelID` int(11) NOT NULL DEFAULT '0',
  PRIMARY KEY (`ExchangeGroupID`,`ProductLevelID`)
) ENGINE=InnoDB DEFAULT CHARSET=utf8;
/*!40101 SET character_set_client = @saved_cs_client */;

--
-- Dumping data for table `exchangerate_shoplink`
--

LOCK TABLES `exchangerate_shoplink` WRITE;
/*!40000 ALTER TABLE `exchangerate_shoplink` DISABLE KEYS */;
/*!40000 ALTER TABLE `exchangerate_shoplink` ENABLE KEYS */;
UNLOCK TABLES;

--
-- Table structure for table `expense`
--

DROP TABLE IF EXISTS `expense`;
/*!40101 SET @saved_cs_client     = @@character_set_client */;
/*!40101 SET character_set_client = utf8 */;
CREATE TABLE `expense` (
  `ExpenseID` int(11) NOT NULL DEFAULT '0',
  `ExpenseName` varchar(200) NOT NULL DEFAULT '',
  `ExpenseDesp` varchar(255) DEFAULT NULL,
  `Costing` tinyint(4) NOT NULL DEFAULT '0',
  `ExcludeVAT` tinyint(4) NOT NULL DEFAULT '0',
  `Ordering` smallint(6) NOT NULL DEFAULT '0',
  PRIMARY KEY (`ExpenseID`)
) ENGINE=InnoDB DEFAULT CHARSET=utf8;
/*!40101 SET character_set_client = @saved_cs_client */;

--
-- Dumping data for table `expense`
--

LOCK TABLES `expense` WRITE;
/*!40000 ALTER TABLE `expense` DISABLE KEYS */;
INSERT INTO `expense` VALUES (1,'Buying Report','',0,0,10),(2,'Actual Use Report','',1,0,20);
/*!40000 ALTER TABLE `expense` ENABLE KEYS */;
UNLOCK TABLES;

--
-- Table structure for table `expensecategory`
--

DROP TABLE IF EXISTS `expensecategory`;
/*!40101 SET @saved_cs_client     = @@character_set_client */;
/*!40101 SET character_set_client = utf8 */;
CREATE TABLE `expensecategory` (
  `ExpenseCategoryID` smallint(6) NOT NULL DEFAULT '0',
  `ExpenseCategoryName` varchar(100) DEFAULT NULL,
  `Ordering` smallint(6) NOT NULL DEFAULT '0',
  `Deleted` tinyint(1) NOT NULL DEFAULT '0',
  PRIMARY KEY (`ExpenseCategoryID`)
) ENGINE=InnoDB DEFAULT CHARSET=tis620;
/*!40101 SET character_set_client = @saved_cs_client */;

--
-- Dumping data for table `expensecategory`
--

LOCK TABLES `expensecategory` WRITE;
/*!40000 ALTER TABLE `expensecategory` DISABLE KEYS */;
/*!40000 ALTER TABLE `expensecategory` ENABLE KEYS */;
UNLOCK TABLES;

--
-- Table structure for table `expensedata`
--

DROP TABLE IF EXISTS `expensedata`;
/*!40101 SET @saved_cs_client     = @@character_set_client */;
/*!40101 SET character_set_client = utf8 */;
CREATE TABLE `expensedata` (
  `ExpenseDataID` smallint(6) NOT NULL DEFAULT '0',
  `ExpenseCategoryID` smallint(6) NOT NULL DEFAULT '0',
  `ExpenseName` varchar(100) DEFAULT NULL,
  `Ordering` smallint(6) NOT NULL DEFAULT '0',
  `Deleted` tinyint(1) NOT NULL DEFAULT '0',
  PRIMARY KEY (`ExpenseDataID`)
) ENGINE=InnoDB DEFAULT CHARSET=tis620;
/*!40101 SET character_set_client = @saved_cs_client */;

--
-- Dumping data for table `expensedata`
--

LOCK TABLES `expensedata` WRITE;
/*!40000 ALTER TABLE `expensedata` DISABLE KEYS */;
/*!40000 ALTER TABLE `expensedata` ENABLE KEYS */;
UNLOCK TABLES;

--
-- Table structure for table `expensegroupname`
--

DROP TABLE IF EXISTS `expensegroupname`;
/*!40101 SET @saved_cs_client     = @@character_set_client */;
/*!40101 SET character_set_client = utf8 */;
CREATE TABLE `expensegroupname` (
  `PMGroupID` int(11) NOT NULL DEFAULT '0',
  `PMGroupName` varchar(100) NOT NULL DEFAULT '',
  `OtherProduct` tinyint(4) NOT NULL DEFAULT '0',
  `Ordering` smallint(6) NOT NULL DEFAULT '0',
  PRIMARY KEY (`PMGroupID`)
) ENGINE=InnoDB DEFAULT CHARSET=utf8;
/*!40101 SET character_set_client = @saved_cs_client */;

--
-- Dumping data for table `expensegroupname`
--

LOCK TABLES `expensegroupname` WRITE;
/*!40000 ALTER TABLE `expensegroupname` DISABLE KEYS */;
/*!40000 ALTER TABLE `expensegroupname` ENABLE KEYS */;
UNLOCK TABLES;

--
-- Table structure for table `expenselink`
--

DROP TABLE IF EXISTS `expenselink`;
/*!40101 SET @saved_cs_client     = @@character_set_client */;
/*!40101 SET character_set_client = utf8 */;
CREATE TABLE `expenselink` (
  `ExpenseID` int(11) NOT NULL DEFAULT '0',
  `DocumentTypeGroupID` int(11) NOT NULL DEFAULT '0',
  PRIMARY KEY (`ExpenseID`,`DocumentTypeGroupID`)
) ENGINE=InnoDB DEFAULT CHARSET=utf8;
/*!40101 SET character_set_client = @saved_cs_client */;

--
-- Dumping data for table `expenselink`
--

LOCK TABLES `expenselink` WRITE;
/*!40000 ALTER TABLE `expenselink` DISABLE KEYS */;
INSERT INTO `expenselink` VALUES (1,1),(2,4),(2,6),(2,7),(2,21),(2,22);
/*!40000 ALTER TABLE `expenselink` ENABLE KEYS */;
UNLOCK TABLES;

--
-- Table structure for table `expensematerial`
--

DROP TABLE IF EXISTS `expensematerial`;
/*!40101 SET @saved_cs_client     = @@character_set_client */;
/*!40101 SET character_set_client = utf8 */;
CREATE TABLE `expensematerial` (
  `PMGroupID` int(11) NOT NULL DEFAULT '0',
  `PMMaterialGroupID` int(11) NOT NULL DEFAULT '0',
  PRIMARY KEY (`PMGroupID`,`PMMaterialGroupID`)
) ENGINE=InnoDB DEFAULT CHARSET=utf8;
/*!40101 SET character_set_client = @saved_cs_client */;

--
-- Dumping data for table `expensematerial`
--

LOCK TABLES `expensematerial` WRITE;
/*!40000 ALTER TABLE `expensematerial` DISABLE KEYS */;
/*!40000 ALTER TABLE `expensematerial` ENABLE KEYS */;
UNLOCK TABLES;

--
-- Table structure for table `expenseproduct`
--

DROP TABLE IF EXISTS `expenseproduct`;
/*!40101 SET @saved_cs_client     = @@character_set_client */;
/*!40101 SET character_set_client = utf8 */;
CREATE TABLE `expenseproduct` (
  `PMGroupID` int(11) NOT NULL DEFAULT '0',
  `PMProductGroupCode` varchar(100) NOT NULL DEFAULT '',
  PRIMARY KEY (`PMGroupID`,`PMProductGroupCode`)
) ENGINE=InnoDB DEFAULT CHARSET=utf8;
/*!40101 SET character_set_client = @saved_cs_client */;

--
-- Dumping data for table `expenseproduct`
--

LOCK TABLES `expenseproduct` WRITE;
/*!40000 ALTER TABLE `expenseproduct` DISABLE KEYS */;
/*!40000 ALTER TABLE `expenseproduct` ENABLE KEYS */;
UNLOCK TABLES;

--
-- Table structure for table `expenseshopdata`
--

DROP TABLE IF EXISTS `expenseshopdata`;
/*!40101 SET @saved_cs_client     = @@character_set_client */;
/*!40101 SET character_set_client = utf8 */;
CREATE TABLE `expenseshopdata` (
  `ExpenseShopDataID` smallint(6) NOT NULL DEFAULT '0',
  `ShopID` smallint(6) NOT NULL DEFAULT '0',
  `ExpenseDataID` smallint(6) NOT NULL DEFAULT '0',
  `ExpenseAmount` decimal(18,4) NOT NULL DEFAULT '0.0000',
  `ExpenseMonth` tinyint(4) NOT NULL DEFAULT '0',
  `ExpenseYear` smallint(6) NOT NULL DEFAULT '0',
  `InsertDate` datetime DEFAULT NULL,
  `UpdateDate` datetime DEFAULT NULL,
  `InsertBy` int(11) NOT NULL DEFAULT '0',
  `UpdateBy` int(11) NOT NULL DEFAULT '0',
  `Deleted` tinyint(1) NOT NULL DEFAULT '0',
  PRIMARY KEY (`ExpenseShopDataID`)
) ENGINE=InnoDB DEFAULT CHARSET=tis620;
/*!40101 SET character_set_client = @saved_cs_client */;

--
-- Dumping data for table `expenseshopdata`
--

LOCK TABLES `expenseshopdata` WRITE;
/*!40000 ALTER TABLE `expenseshopdata` DISABLE KEYS */;
/*!40000 ALTER TABLE `expenseshopdata` ENABLE KEYS */;
UNLOCK TABLES;

--
-- Table structure for table `exportsaletoairportshopsetting`
--

DROP TABLE IF EXISTS `exportsaletoairportshopsetting`;
/*!40101 SET @saved_cs_client     = @@character_set_client */;
/*!40101 SET character_set_client = utf8 */;
CREATE TABLE `exportsaletoairportshopsetting` (
  `ProductLevelID` int(11) NOT NULL DEFAULT '0',
  `ShopCodeToTextFile` varchar(20) DEFAULT NULL,
  `BranchCodeToTextFile` varchar(20) DEFAULT NULL,
  PRIMARY KEY (`ProductLevelID`)
) ENGINE=InnoDB DEFAULT CHARSET=utf8;
/*!40101 SET character_set_client = @saved_cs_client */;

--
-- Dumping data for table `exportsaletoairportshopsetting`
--

LOCK TABLES `exportsaletoairportshopsetting` WRITE;
/*!40000 ALTER TABLE `exportsaletoairportshopsetting` DISABLE KEYS */;
/*!40000 ALTER TABLE `exportsaletoairportshopsetting` ENABLE KEYS */;
UNLOCK TABLES;

--
-- Table structure for table `favoriteproductcomputerdescription`
--

DROP TABLE IF EXISTS `favoriteproductcomputerdescription`;
/*!40101 SET @saved_cs_client     = @@character_set_client */;
/*!40101 SET character_set_client = utf8 */;
CREATE TABLE `favoriteproductcomputerdescription` (
  `ComputerType` int(11) NOT NULL DEFAULT '0',
  `Description` varchar(50) DEFAULT NULL,
  PRIMARY KEY (`ComputerType`)
) ENGINE=InnoDB DEFAULT CHARSET=utf8;
/*!40101 SET character_set_client = @saved_cs_client */;

--
-- Dumping data for table `favoriteproductcomputerdescription`
--

LOCK TABLES `favoriteproductcomputerdescription` WRITE;
/*!40000 ALTER TABLE `favoriteproductcomputerdescription` DISABLE KEYS */;
INSERT INTO `favoriteproductcomputerdescription` VALUES (0,'PC - Normal Product'),(1,'Pocket PC - Normal Product'),(2,'PC - TakeAway Product'),(3,'Pocket PC - TakeAway Product');
/*!40000 ALTER TABLE `favoriteproductcomputerdescription` ENABLE KEYS */;
UNLOCK TABLES;

--
-- Table structure for table `favoriteproductcomputerusingtype`
--

DROP TABLE IF EXISTS `favoriteproductcomputerusingtype`;
/*!40101 SET @saved_cs_client     = @@character_set_client */;
/*!40101 SET character_set_client = utf8 */;
CREATE TABLE `favoriteproductcomputerusingtype` (
  `ComputerID` int(11) NOT NULL DEFAULT '0',
  `ComputerType` int(11) NOT NULL DEFAULT '0',
  PRIMARY KEY (`ComputerID`,`ComputerType`)
) ENGINE=InnoDB DEFAULT CHARSET=utf8;
/*!40101 SET character_set_client = @saved_cs_client */;

--
-- Dumping data for table `favoriteproductcomputerusingtype`
--

LOCK TABLES `favoriteproductcomputerusingtype` WRITE;
/*!40000 ALTER TABLE `favoriteproductcomputerusingtype` DISABLE KEYS */;
/*!40000 ALTER TABLE `favoriteproductcomputerusingtype` ENABLE KEYS */;
UNLOCK TABLES;

--
-- Table structure for table `favoriteproductpageindex`
--

DROP TABLE IF EXISTS `favoriteproductpageindex`;
/*!40101 SET @saved_cs_client     = @@character_set_client */;
/*!40101 SET character_set_client = utf8 */;
CREATE TABLE `favoriteproductpageindex` (
  `ProductLevelID` int(11) NOT NULL DEFAULT '0',
  `ComputerType` int(11) NOT NULL DEFAULT '0',
  `PageIndex` int(11) NOT NULL DEFAULT '0',
  `PageName` varchar(20) DEFAULT NULL,
  `PageOrder` int(11) NOT NULL DEFAULT '0',
  `ButtonColorCode` int(11) NOT NULL DEFAULT '0',
  PRIMARY KEY (`ProductLevelID`,`ComputerType`,`PageIndex`)
) ENGINE=InnoDB DEFAULT CHARSET=utf8;
/*!40101 SET character_set_client = @saved_cs_client */;

--
-- Dumping data for table `favoriteproductpageindex`
--

LOCK TABLES `favoriteproductpageindex` WRITE;
/*!40000 ALTER TABLE `favoriteproductpageindex` DISABLE KEYS */;
/*!40000 ALTER TABLE `favoriteproductpageindex` ENABLE KEYS */;
UNLOCK TABLES;

--
-- Table structure for table `favoriteproducts`
--

DROP TABLE IF EXISTS `favoriteproducts`;
/*!40101 SET @saved_cs_client     = @@character_set_client */;
/*!40101 SET character_set_client = utf8 */;
CREATE TABLE `favoriteproducts` (
  `ProductID` int(11) NOT NULL DEFAULT '0',
  `ProductLevelID` int(11) NOT NULL DEFAULT '0',
  `ProductCode` varchar(50) NOT NULL DEFAULT '',
  `ComputerType` int(11) NOT NULL DEFAULT '0',
  `ButtonOrder` int(11) NOT NULL DEFAULT '0',
  `ButtonColorCode` double NOT NULL DEFAULT '0',
  PRIMARY KEY (`ProductID`,`ProductLevelID`,`ProductCode`,`ComputerType`,`ButtonOrder`)
) ENGINE=InnoDB DEFAULT CHARSET=utf8;
/*!40101 SET character_set_client = @saved_cs_client */;

--
-- Dumping data for table `favoriteproducts`
--

LOCK TABLES `favoriteproducts` WRITE;
/*!40000 ALTER TABLE `favoriteproducts` DISABLE KEYS */;
/*!40000 ALTER TABLE `favoriteproducts` ENABLE KEYS */;
UNLOCK TABLES;

--
-- Table structure for table `feedcategory`
--

DROP TABLE IF EXISTS `feedcategory`;
/*!40101 SET @saved_cs_client     = @@character_set_client */;
/*!40101 SET character_set_client = utf8 */;
CREATE TABLE `feedcategory` (
  `CategoryID` int(11) NOT NULL DEFAULT '0',
  `SectionID` int(11) NOT NULL DEFAULT '0',
  `CategoryTitle` varchar(255) DEFAULT NULL,
  `CategoryDescription` varchar(255) DEFAULT NULL,
  `Deleted` tinyint(4) NOT NULL DEFAULT '0',
  `Published` tinyint(4) NOT NULL DEFAULT '0',
  PRIMARY KEY (`CategoryID`)
) ENGINE=InnoDB DEFAULT CHARSET=tis620;
/*!40101 SET character_set_client = @saved_cs_client */;

--
-- Dumping data for table `feedcategory`
--

LOCK TABLES `feedcategory` WRITE;
/*!40000 ALTER TABLE `feedcategory` DISABLE KEYS */;
/*!40000 ALTER TABLE `feedcategory` ENABLE KEYS */;
UNLOCK TABLES;

--
-- Table structure for table `feedcontent`
--

DROP TABLE IF EXISTS `feedcontent`;
/*!40101 SET @saved_cs_client     = @@character_set_client */;
/*!40101 SET character_set_client = utf8 */;
CREATE TABLE `feedcontent` (
  `ContentID` int(11) NOT NULL DEFAULT '0',
  `SectionID` int(11) NOT NULL DEFAULT '0',
  `CategoryID` int(11) NOT NULL DEFAULT '0',
  `Title` varchar(255) DEFAULT NULL,
  `Description` varchar(255) DEFAULT NULL,
  `Detail` text,
  `Deleted` tinyint(4) NOT NULL DEFAULT '0',
  `Published` tinyint(4) NOT NULL DEFAULT '0',
  `Created` datetime DEFAULT NULL,
  `Modified` datetime DEFAULT NULL,
  `StartPublished` datetime DEFAULT NULL,
  `FinishPublished` datetime DEFAULT NULL,
  `InsertStaffID` int(11) NOT NULL DEFAULT '0',
  `UpdateStaffID` int(11) NOT NULL DEFAULT '0',
  `Status` int(11) NOT NULL DEFAULT '0',
  `FileType` int(11) NOT NULL DEFAULT '0',
  PRIMARY KEY (`ContentID`)
) ENGINE=InnoDB DEFAULT CHARSET=tis620;
/*!40101 SET character_set_client = @saved_cs_client */;

--
-- Dumping data for table `feedcontent`
--

LOCK TABLES `feedcontent` WRITE;
/*!40000 ALTER TABLE `feedcontent` DISABLE KEYS */;
/*!40000 ALTER TABLE `feedcontent` ENABLE KEYS */;
UNLOCK TABLES;

--
-- Table structure for table `feedlink`
--

DROP TABLE IF EXISTS `feedlink`;
/*!40101 SET @saved_cs_client     = @@character_set_client */;
/*!40101 SET character_set_client = utf8 */;
CREATE TABLE `feedlink` (
  `ContentID` int(11) NOT NULL DEFAULT '0',
  `ShopID` int(11) NOT NULL DEFAULT '0',
  PRIMARY KEY (`ContentID`,`ShopID`)
) ENGINE=InnoDB DEFAULT CHARSET=tis620;
/*!40101 SET character_set_client = @saved_cs_client */;

--
-- Dumping data for table `feedlink`
--

LOCK TABLES `feedlink` WRITE;
/*!40000 ALTER TABLE `feedlink` DISABLE KEYS */;
/*!40000 ALTER TABLE `feedlink` ENABLE KEYS */;
UNLOCK TABLES;

--
-- Table structure for table `feedproperty`
--

DROP TABLE IF EXISTS `feedproperty`;
/*!40101 SET @saved_cs_client     = @@character_set_client */;
/*!40101 SET character_set_client = utf8 */;
CREATE TABLE `feedproperty` (
  `ID` int(11) NOT NULL DEFAULT '0',
  `FeedFolder` varchar(255) DEFAULT NULL,
  PRIMARY KEY (`ID`)
) ENGINE=InnoDB DEFAULT CHARSET=tis620;
/*!40101 SET character_set_client = @saved_cs_client */;

--
-- Dumping data for table `feedproperty`
--

LOCK TABLES `feedproperty` WRITE;
/*!40000 ALTER TABLE `feedproperty` DISABLE KEYS */;
/*!40000 ALTER TABLE `feedproperty` ENABLE KEYS */;
UNLOCK TABLES;

--
-- Table structure for table `feedsection`
--

DROP TABLE IF EXISTS `feedsection`;
/*!40101 SET @saved_cs_client     = @@character_set_client */;
/*!40101 SET character_set_client = utf8 */;
CREATE TABLE `feedsection` (
  `SectionID` int(11) NOT NULL DEFAULT '0',
  `SectionTitle` varchar(255) DEFAULT NULL,
  `SectionDescription` varchar(255) DEFAULT NULL,
  `Deleted` tinyint(4) NOT NULL DEFAULT '0',
  `Published` tinyint(4) NOT NULL DEFAULT '0',
  PRIMARY KEY (`SectionID`)
) ENGINE=InnoDB DEFAULT CHARSET=tis620;
/*!40101 SET character_set_client = @saved_cs_client */;

--
-- Dumping data for table `feedsection`
--

LOCK TABLES `feedsection` WRITE;
/*!40000 ALTER TABLE `feedsection` DISABLE KEYS */;
/*!40000 ALTER TABLE `feedsection` ENABLE KEYS */;
UNLOCK TABLES;

--
-- Table structure for table `fingerprintdetailmember`
--

DROP TABLE IF EXISTS `fingerprintdetailmember`;
/*!40101 SET @saved_cs_client     = @@character_set_client */;
/*!40101 SET character_set_client = utf8 */;
CREATE TABLE `fingerprintdetailmember` (
  `MemberID` int(11) NOT NULL DEFAULT '0',
  `FingerID` int(11) NOT NULL DEFAULT '0',
  `FingerData` text,
  `ProductLevelID` int(11) NOT NULL DEFAULT '0',
  `UpdateDate` datetime DEFAULT NULL,
  `Deleted` tinyint(2) NOT NULL DEFAULT '0',
  PRIMARY KEY (`MemberID`,`FingerID`)
) ENGINE=InnoDB DEFAULT CHARSET=utf8;
/*!40101 SET character_set_client = @saved_cs_client */;

--
-- Dumping data for table `fingerprintdetailmember`
--

LOCK TABLES `fingerprintdetailmember` WRITE;
/*!40000 ALTER TABLE `fingerprintdetailmember` DISABLE KEYS */;
/*!40000 ALTER TABLE `fingerprintdetailmember` ENABLE KEYS */;
UNLOCK TABLES;

--
-- Table structure for table `fingerprintdetailstaff`
--

DROP TABLE IF EXISTS `fingerprintdetailstaff`;
/*!40101 SET @saved_cs_client     = @@character_set_client */;
/*!40101 SET character_set_client = utf8 */;
CREATE TABLE `fingerprintdetailstaff` (
  `StaffID` int(11) NOT NULL DEFAULT '0',
  `FingerID` int(11) NOT NULL DEFAULT '0',
  `FingerData` text,
  `ProductLevelID` int(11) NOT NULL DEFAULT '0',
  `UpdateDate` datetime DEFAULT NULL,
  `Deleted` tinyint(2) NOT NULL DEFAULT '0',
  PRIMARY KEY (`StaffID`,`FingerID`)
) ENGINE=InnoDB DEFAULT CHARSET=utf8;
/*!40101 SET character_set_client = @saved_cs_client */;

--
-- Dumping data for table `fingerprintdetailstaff`
--

LOCK TABLES `fingerprintdetailstaff` WRITE;
/*!40000 ALTER TABLE `fingerprintdetailstaff` DISABLE KEYS */;
/*!40000 ALTER TABLE `fingerprintdetailstaff` ENABLE KEYS */;
UNLOCK TABLES;

--
-- Table structure for table `fingerprintmanualverifymember`
--

DROP TABLE IF EXISTS `fingerprintmanualverifymember`;
/*!40101 SET @saved_cs_client     = @@character_set_client */;
/*!40101 SET character_set_client = utf8 */;
CREATE TABLE `fingerprintmanualverifymember` (
  `TransactionID` int(11) NOT NULL DEFAULT '0',
  `ComputerID` int(11) NOT NULL DEFAULT '0',
  `MemberID` int(11) NOT NULL DEFAULT '0',
  `AuthorizeStaffID` int(11) NOT NULL DEFAULT '0',
  `AuthorizeDateTime` datetime DEFAULT NULL,
  PRIMARY KEY (`TransactionID`,`ComputerID`)
) ENGINE=InnoDB DEFAULT CHARSET=utf8;
/*!40101 SET character_set_client = @saved_cs_client */;

--
-- Dumping data for table `fingerprintmanualverifymember`
--

LOCK TABLES `fingerprintmanualverifymember` WRITE;
/*!40000 ALTER TABLE `fingerprintmanualverifymember` DISABLE KEYS */;
/*!40000 ALTER TABLE `fingerprintmanualverifymember` ENABLE KEYS */;
UNLOCK TABLES;

--
-- Table structure for table `fingerprintproperty`
--

DROP TABLE IF EXISTS `fingerprintproperty`;
/*!40101 SET @saved_cs_client     = @@character_set_client */;
/*!40101 SET character_set_client = utf8 */;
CREATE TABLE `fingerprintproperty` (
  `ProductLevelID` int(11) NOT NULL DEFAULT '0',
  `StaffFingerAvailable` varchar(50) DEFAULT NULL,
  `MemberFingerAvailable` varchar(50) DEFAULT NULL,
  PRIMARY KEY (`ProductLevelID`)
) ENGINE=InnoDB DEFAULT CHARSET=utf8;
/*!40101 SET character_set_client = @saved_cs_client */;

--
-- Dumping data for table `fingerprintproperty`
--

LOCK TABLES `fingerprintproperty` WRITE;
/*!40000 ALTER TABLE `fingerprintproperty` DISABLE KEYS */;
/*!40000 ALTER TABLE `fingerprintproperty` ENABLE KEYS */;
UNLOCK TABLES;

--
-- Table structure for table `freeproductinpackage`
--

DROP TABLE IF EXISTS `freeproductinpackage`;
/*!40101 SET @saved_cs_client     = @@character_set_client */;
/*!40101 SET character_set_client = utf8 */;
CREATE TABLE `freeproductinpackage` (
  `ProductID` int(11) NOT NULL DEFAULT '0',
  `ProductLevelID` int(11) NOT NULL DEFAULT '0',
  PRIMARY KEY (`ProductID`,`ProductLevelID`)
) ENGINE=InnoDB DEFAULT CHARSET=utf8;
/*!40101 SET character_set_client = @saved_cs_client */;

--
-- Dumping data for table `freeproductinpackage`
--

LOCK TABLES `freeproductinpackage` WRITE;
/*!40000 ALTER TABLE `freeproductinpackage` DISABLE KEYS */;
/*!40000 ALTER TABLE `freeproductinpackage` ENABLE KEYS */;
UNLOCK TABLES;

--
-- Table structure for table `frontconfigsetting`
--

DROP TABLE IF EXISTS `frontconfigsetting`;
/*!40101 SET @saved_cs_client     = @@character_set_client */;
/*!40101 SET character_set_client = utf8 */;
CREATE TABLE `frontconfigsetting` (
  `SectionName` varchar(100) NOT NULL DEFAULT '',
  `EntryName` varchar(100) NOT NULL DEFAULT '',
  `Value` varchar(255) DEFAULT NULL,
  PRIMARY KEY (`SectionName`,`EntryName`)
) ENGINE=InnoDB DEFAULT CHARSET=tis620;
/*!40101 SET character_set_client = @saved_cs_client */;

--
-- Dumping data for table `frontconfigsetting`
--

LOCK TABLES `frontconfigsetting` WRITE;
/*!40000 ALTER TABLE `frontconfigsetting` DISABLE KEYS */;
INSERT INTO `frontconfigsetting` VALUES ('FontSetting','JobOrderCommentFont','BrowalliaUPC, 14pt'),('FontSetting','JobOrderComponentFont','BrowalliaUPC, 14pt'),('FontSetting','JobOrderDetailFont','BrowalliaUPC, 16pt'),('FontSetting','JobOrderHeaderFont','BrowalliaUPC, 16pt'),('FontSetting','JobOrderTransactionNameFont','BrowalliaUPC, 16pt'),('FontSetting','ReceiptCashChangeFont','BrowalliaUPC, 14pt'),('FontSetting','ReceiptFirstLineHeaderFont','BrowalliaUPC, 14pt'),('FontSetting','ReceiptFooterFont','BrowalliaUPC, 14pt'),('FontSetting','ReceiptHeaderDetailFont','BrowalliaUPC, 14pt'),('FontSetting','ReceiptOtherLineHeaderFont','BrowalliaUPC, 14pt'),('FontSetting','ReceiptProductAndPaymentFont','BrowalliaUPC, 14pt'),('FontSetting','ReceiptTableNoFont','BrowalliaUPC, 16pt'),('FontSetting','ReceiptTotalPriceFont','BrowalliaUPC, 16pt');
/*!40000 ALTER TABLE `frontconfigsetting` ENABLE KEYS */;
UNLOCK TABLES;

--
-- Table structure for table `frontfunctiondescription`
--

DROP TABLE IF EXISTS `frontfunctiondescription`;
/*!40101 SET @saved_cs_client     = @@character_set_client */;
/*!40101 SET character_set_client = utf8 */;
CREATE TABLE `frontfunctiondescription` (
  `FrontFunctionID` int(11) NOT NULL DEFAULT '0',
  `FrontFunctionGroupID` int(11) NOT NULL DEFAULT '0',
  `FrontFunctionCode` varchar(10) DEFAULT NULL,
  `Description` varchar(200) DEFAULT NULL,
  `Description_TH` varchar(200) DEFAULT NULL,
  `DisplayInReport` tinyint(4) NOT NULL DEFAULT '0',
  PRIMARY KEY (`FrontFunctionID`)
) ENGINE=InnoDB DEFAULT CHARSET=utf8;
/*!40101 SET character_set_client = @saved_cs_client */;

--
-- Dumping data for table `frontfunctiondescription`
--

LOCK TABLES `frontfunctiondescription` WRITE;
/*!40000 ALTER TABLE `frontfunctiondescription` DISABLE KEYS */;
INSERT INTO `frontfunctiondescription` VALUES (1,1,'D OR','Delete Submitted Order','ลบรายการที่พิมพ์แล้ว',1),(2,1,'E OR','Edit Submitted Order','แก้ไขรายการที่พิมพ์แล้ว',1),(3,3,'P BILL','Print Bill Detail','พิมพ์ใบลองบิล',1),(4,3,'P RECPT','Print Receipt For Customer','พิมพ์ใบเสร็จ',1),(5,3,'RE RECPT','Reprint Bill','พิมพ์ใบเสร็จซ้ำ',1),(6,1,'DN OR','Delete Normal Order','ลบรายการ',0),(7,1,'V OR','Void Order','Void รายการ',1),(8,2,'MV T','Change Table','ย้ายโต๊ะ',1),(9,2,'CM T','Combine Table','รวมโต๊ะ',1),(10,2,'MV OR','Move Order Between Transaction','ย้ายบางรายการ',1),(11,2,'MT TA','Change Table After Print Bill Detail','ย้ายโต๊ะหลังพิมพ์ใบลองบิล',1),(12,2,'CM TA','Combine Table After Print Bill Detail','รวมโต๊ะหลังพิมพ์ใบลองบิล',1),(13,2,'MV ORA','Move Order Between Transaction After Print Bill Detail','ย้ายบางรายการหลังพิมพ์ใบลองบิล',1),(14,4,'RE O','Reprint Order','พิมพ์รายการซ้ำ',1),(15,4,'RE O PC','Reprint Order From Pocket','พิมพ์รายการซ้ำจาก PPC',1),(16,4,'PRO','Print Return Order','พิมพ์รายการที่คืน',1),(17,4,'PVO','Print Void Order','พิมพ์รายการที่ยกเลิก',1),(18,4,'PEO','Print Edit Order','พิมพ์รายการที่แก้ไข',1),(19,6,'O DRA','Manual Open Cash Drawer','เปิดลิ้นชักเก็บเงินจากโปรแกรม',1),(20,5,'P FULL','Print FullTax Invoice','พิมพ์ใบกำกับภาษี(FullTaxInvoice)',1),(21,5,'RE FULL','Reprint FullTax Invoice','พิมพ์ใบกำกับภาษี(FullTaxInvoice)ซ้ำ',1),(22,7,'V TRANS','Void Transaction','Void ใบเสร็จ',1),(25,8,'ADISC','Applied Promotion To Transaction','เพิ่มโปรโมชั่นในใบเสร็จ',1),(26,8,'RDISC','Remove Promotion From Transaction','ลบโปรโมชั่นในใบเสร็จ',1),(27,1,'D ORA','Deleted Submit Order After Print Bill Detail','ลบรายการหลังพิมพ์ใบลองบิล',1),(28,1,'V ORA','Void Order After Print Bill Detail','Void รายการหลังพิมพ์ใบลองบิล',1),(29,9,'CL ODR','Clone Order From Void Transaction','สร้างรายการจากใบเสร็จที่ยกเลิก',0),(30,7,'V FULL','Void FullTax Invoice','Void ใบกำกับภาษี',0),(31,2,'MV SP','Move Order For SplitTransaction','ย้ายรายการสำหรับแยกบิล',0),(32,7,'V REDEEM','Void Redeem Transaction','Void การแลกแต้ม',0),(33,2,'STA','Split Table From Combined Table','แยกโต๊ะที่รวมกันอยู่',0),(34,2,'STAA','Split Table From Combined Table After Print Bill','แยกโต๊ะที่รวมกันอยู่หลังพิมพ์ใบลองบิล',0),(35,10,'CHPR','Change Product From Receipt','เปลี่ยนสินค้าจากใบเสร็จอื่น',0),(41,4,'JUMPKDS','Move Order In KDS To First','ย้ายรายการใน KDS เป็นรายการแรก',0);
/*!40000 ALTER TABLE `frontfunctiondescription` ENABLE KEYS */;
UNLOCK TABLES;

--
-- Table structure for table `frontfunctiondescriptiongroup`
--

DROP TABLE IF EXISTS `frontfunctiondescriptiongroup`;
/*!40101 SET @saved_cs_client     = @@character_set_client */;
/*!40101 SET character_set_client = utf8 */;
CREATE TABLE `frontfunctiondescriptiongroup` (
  `FrontFunctionGroupID` int(11) NOT NULL DEFAULT '0',
  `FrontFunctionGroupName` varchar(50) DEFAULT NULL,
  PRIMARY KEY (`FrontFunctionGroupID`)
) ENGINE=InnoDB DEFAULT CHARSET=utf8;
/*!40101 SET character_set_client = @saved_cs_client */;

--
-- Dumping data for table `frontfunctiondescriptiongroup`
--

LOCK TABLES `frontfunctiondescriptiongroup` WRITE;
/*!40000 ALTER TABLE `frontfunctiondescriptiongroup` DISABLE KEYS */;
INSERT INTO `frontfunctiondescriptiongroup` VALUES (1,'Edit/ Delete Order'),(2,'Move Order/ Move Table'),(3,'Print Receipt'),(4,'Print Order'),(5,'Print FullTax Invoice'),(6,'Computer Feature'),(7,'Void Transaction'),(8,'Change Promotion'),(9,'Other Function'),(10,'Change Product');
/*!40000 ALTER TABLE `frontfunctiondescriptiongroup` ENABLE KEYS */;
UNLOCK TABLES;

--
-- Table structure for table `historygroup`
--

DROP TABLE IF EXISTS `historygroup`;
/*!40101 SET @saved_cs_client     = @@character_set_client */;
/*!40101 SET character_set_client = utf8 */;
CREATE TABLE `historygroup` (
  `HistoryGroupID` int(11) NOT NULL AUTO_INCREMENT,
  `InputDate` datetime DEFAULT NULL,
  `InputBy` int(11) NOT NULL DEFAULT '0',
  PRIMARY KEY (`HistoryGroupID`)
) ENGINE=InnoDB DEFAULT CHARSET=utf8;
/*!40101 SET character_set_client = @saved_cs_client */;

--
-- Dumping data for table `historygroup`
--

LOCK TABLES `historygroup` WRITE;
/*!40000 ALTER TABLE `historygroup` DISABLE KEYS */;
/*!40000 ALTER TABLE `historygroup` ENABLE KEYS */;
UNLOCK TABLES;

--
-- Table structure for table `historyofchangedetailsubmitorder`
--

DROP TABLE IF EXISTS `historyofchangedetailsubmitorder`;
/*!40101 SET @saved_cs_client     = @@character_set_client */;
/*!40101 SET character_set_client = utf8 */;
CREATE TABLE `historyofchangedetailsubmitorder` (
  `HistoryID` int(11) NOT NULL AUTO_INCREMENT,
  `TransactionID` int(11) NOT NULL DEFAULT '0',
  `ComputerID` int(11) NOT NULL DEFAULT '0',
  `ProductID` int(11) NOT NULL DEFAULT '0',
  `ProductName` varchar(100) DEFAULT NULL,
  `ProductPrice` decimal(10,0) NOT NULL DEFAULT '0',
  `OrderAmount` decimal(18,4) NOT NULL DEFAULT '0.0000',
  `ChangeAmount` decimal(18,4) NOT NULL DEFAULT '0.0000',
  `StaffID` int(11) NOT NULL DEFAULT '0',
  `ChangeComputerID` int(11) NOT NULL DEFAULT '0',
  `TableID` int(11) NOT NULL DEFAULT '0',
  `ChangeDateTime` datetime DEFAULT NULL,
  `OrderDateTime` datetime DEFAULT NULL,
  `FrontFunctionID` tinyint(4) NOT NULL DEFAULT '0',
  `HistoryNote` text,
  PRIMARY KEY (`HistoryID`,`TransactionID`,`ComputerID`),
  KEY `HistoryTransactionIndex` (`TransactionID`,`ComputerID`)
) ENGINE=InnoDB DEFAULT CHARSET=utf8;
/*!40101 SET character_set_client = @saved_cs_client */;

--
-- Dumping data for table `historyofchangedetailsubmitorder`
--

LOCK TABLES `historyofchangedetailsubmitorder` WRITE;
/*!40000 ALTER TABLE `historyofchangedetailsubmitorder` DISABLE KEYS */;
/*!40000 ALTER TABLE `historyofchangedetailsubmitorder` ENABLE KEYS */;
UNLOCK TABLES;

--
-- Table structure for table `historyofchangemembercode`
--

DROP TABLE IF EXISTS `historyofchangemembercode`;
/*!40101 SET @saved_cs_client     = @@character_set_client */;
/*!40101 SET character_set_client = utf8 */;
CREATE TABLE `historyofchangemembercode` (
  `HistoryID` int(11) NOT NULL AUTO_INCREMENT,
  `ProductLevelID` int(11) NOT NULL DEFAULT '0',
  `MemberID` int(11) NOT NULL DEFAULT '0',
  `ChangeFromMemberCode` varchar(50) DEFAULT NULL,
  `ChangeToMemberCode` varchar(50) DEFAULT NULL,
  `ChangePrice` decimal(18,4) NOT NULL DEFAULT '0.0000',
  `ChangeDateTime` datetime DEFAULT NULL,
  `ChangeFromComputerID` int(11) NOT NULL DEFAULT '0',
  `ChangeStaffID` int(11) NOT NULL DEFAULT '0',
  `ChangeNote` varchar(255) DEFAULT NULL,
  PRIMARY KEY (`HistoryID`,`ProductLevelID`),
  KEY `MemberIndex` (`MemberID`)
) ENGINE=InnoDB DEFAULT CHARSET=tis620;
/*!40101 SET character_set_client = @saved_cs_client */;

--
-- Dumping data for table `historyofchangemembercode`
--

LOCK TABLES `historyofchangemembercode` WRITE;
/*!40000 ALTER TABLE `historyofchangemembercode` DISABLE KEYS */;
/*!40000 ALTER TABLE `historyofchangemembercode` ENABLE KEYS */;
UNLOCK TABLES;

--
-- Table structure for table `historyofchangeprinterdevice`
--

DROP TABLE IF EXISTS `historyofchangeprinterdevice`;
/*!40101 SET @saved_cs_client     = @@character_set_client */;
/*!40101 SET character_set_client = utf8 */;
CREATE TABLE `historyofchangeprinterdevice` (
  `HistoryID` int(11) NOT NULL AUTO_INCREMENT,
  `ProductLevelID` int(11) NOT NULL DEFAULT '0',
  `ChangeStaffID` int(11) NOT NULL DEFAULT '0',
  `ChangeComputerID` int(11) NOT NULL DEFAULT '0',
  `HistoryDateTime` datetime DEFAULT NULL,
  `FromPrinterDeviceName` varchar(100) DEFAULT NULL,
  `ToPrinterDeviceName` varchar(100) DEFAULT NULL,
  `FrontFunctionID` int(11) NOT NULL DEFAULT '0',
  `HistoryNote` text,
  PRIMARY KEY (`HistoryID`,`ProductLevelID`)
) ENGINE=InnoDB DEFAULT CHARSET=utf8;
/*!40101 SET character_set_client = @saved_cs_client */;

--
-- Dumping data for table `historyofchangeprinterdevice`
--

LOCK TABLES `historyofchangeprinterdevice` WRITE;
/*!40000 ALTER TABLE `historyofchangeprinterdevice` DISABLE KEYS */;
/*!40000 ALTER TABLE `historyofchangeprinterdevice` ENABLE KEYS */;
UNLOCK TABLES;

--
-- Table structure for table `historyofchangepromotiondetail`
--

DROP TABLE IF EXISTS `historyofchangepromotiondetail`;
/*!40101 SET @saved_cs_client     = @@character_set_client */;
/*!40101 SET character_set_client = utf8 */;
CREATE TABLE `historyofchangepromotiondetail` (
  `HistoryID` int(11) NOT NULL AUTO_INCREMENT,
  `TransactionID` int(11) NOT NULL DEFAULT '0',
  `ComputerID` int(11) NOT NULL DEFAULT '0',
  `FrontFunctionID` int(11) NOT NULL DEFAULT '0',
  `DiscountTypeID` int(11) NOT NULL DEFAULT '0',
  `LinkID` int(11) NOT NULL DEFAULT '0',
  `VoucherID` int(11) NOT NULL DEFAULT '0',
  `PriceGroupID` int(11) NOT NULL DEFAULT '0',
  `OtherPercentDiscount` int(11) NOT NULL DEFAULT '0',
  `OtherAmountDiscount` int(11) NOT NULL DEFAULT '0',
  `ChangeStaffID` int(11) NOT NULL DEFAULT '0',
  `ChangeComputerID` int(11) NOT NULL DEFAULT '0',
  `ChangeDateTime` datetime DEFAULT NULL,
  `HistoryNote` text,
  PRIMARY KEY (`HistoryID`,`TransactionID`,`ComputerID`)
) ENGINE=InnoDB DEFAULT CHARSET=utf8;
/*!40101 SET character_set_client = @saved_cs_client */;

--
-- Dumping data for table `historyofchangepromotiondetail`
--

LOCK TABLES `historyofchangepromotiondetail` WRITE;
/*!40000 ALTER TABLE `historyofchangepromotiondetail` DISABLE KEYS */;
/*!40000 ALTER TABLE `historyofchangepromotiondetail` ENABLE KEYS */;
UNLOCK TABLES;

--
-- Table structure for table `historyofcreatecouponvoucher`
--

DROP TABLE IF EXISTS `historyofcreatecouponvoucher`;
/*!40101 SET @saved_cs_client     = @@character_set_client */;
/*!40101 SET character_set_client = utf8 */;
CREATE TABLE `historyofcreatecouponvoucher` (
  `HistoryID` int(11) NOT NULL AUTO_INCREMENT,
  `ProductLevelID` int(11) NOT NULL DEFAULT '0',
  `TransactionID` int(11) NOT NULL DEFAULT '0',
  `ComputerID` int(11) NOT NULL DEFAULT '0',
  `CreateID` int(11) NOT NULL DEFAULT '0',
  `VoucherTypeID` int(11) NOT NULL DEFAULT '0',
  `CreateVoucherNo` varchar(30) DEFAULT NULL,
  `TypeID` tinyint(4) NOT NULL DEFAULT '0',
  `CreateDateTime` datetime DEFAULT NULL,
  `ExpireDate` datetime DEFAULT NULL,
  `CreateFromID` tinyint(4) NOT NULL DEFAULT '0',
  `CreateFromPromotionID` int(11) NOT NULL DEFAULT '0',
  `CouponVoucherAlreadyUse` tinyint(4) NOT NULL DEFAULT '0',
  PRIMARY KEY (`HistoryID`,`ProductLevelID`)
) ENGINE=InnoDB DEFAULT CHARSET=utf8;
/*!40101 SET character_set_client = @saved_cs_client */;

--
-- Dumping data for table `historyofcreatecouponvoucher`
--

LOCK TABLES `historyofcreatecouponvoucher` WRITE;
/*!40000 ALTER TABLE `historyofcreatecouponvoucher` DISABLE KEYS */;
/*!40000 ALTER TABLE `historyofcreatecouponvoucher` ENABLE KEYS */;
UNLOCK TABLES;

--
-- Table structure for table `historyofcreatecouponvoucherfromdescription`
--

DROP TABLE IF EXISTS `historyofcreatecouponvoucherfromdescription`;
/*!40101 SET @saved_cs_client     = @@character_set_client */;
/*!40101 SET character_set_client = utf8 */;
CREATE TABLE `historyofcreatecouponvoucherfromdescription` (
  `CreateFromID` tinyint(4) NOT NULL DEFAULT '0',
  `Description` varchar(50) DEFAULT NULL,
  PRIMARY KEY (`CreateFromID`)
) ENGINE=InnoDB DEFAULT CHARSET=utf8;
/*!40101 SET character_set_client = @saved_cs_client */;

--
-- Dumping data for table `historyofcreatecouponvoucherfromdescription`
--

LOCK TABLES `historyofcreatecouponvoucherfromdescription` WRITE;
/*!40000 ALTER TABLE `historyofcreatecouponvoucherfromdescription` DISABLE KEYS */;
INSERT INTO `historyofcreatecouponvoucherfromdescription` VALUES (1,'From Calculate Discount'),(2,'From Redeem Point');
/*!40000 ALTER TABLE `historyofcreatecouponvoucherfromdescription` ENABLE KEYS */;
UNLOCK TABLES;

--
-- Table structure for table `historyofcreateejournal`
--

DROP TABLE IF EXISTS `historyofcreateejournal`;
/*!40101 SET @saved_cs_client     = @@character_set_client */;
/*!40101 SET character_set_client = utf8 */;
CREATE TABLE `historyofcreateejournal` (
  `ShopID` int(10) NOT NULL DEFAULT '0',
  `SaleDate` date NOT NULL,
  `Description` text,
  `StartGenerateTime` datetime DEFAULT NULL,
  `EndGenerateTime` datetime DEFAULT NULL,
  `GenStatus` tinyint(5) DEFAULT '0',
  `CreateDate` datetime DEFAULT NULL,
  `CreateBy` int(10) DEFAULT '0',
  `UpdateDate` datetime DEFAULT NULL,
  `UpdateBy` int(10) DEFAULT '0',
  `Deleted` tinyint(5) DEFAULT '0',
  PRIMARY KEY (`ShopID`,`SaleDate`)
) ENGINE=InnoDB DEFAULT CHARSET=tis620;
/*!40101 SET character_set_client = @saved_cs_client */;

--
-- Dumping data for table `historyofcreateejournal`
--

LOCK TABLES `historyofcreateejournal` WRITE;
/*!40000 ALTER TABLE `historyofcreateejournal` DISABLE KEYS */;
INSERT INTO `historyofcreateejournal` VALUES (2,'2017-03-01','Bill amount is not equal.',NULL,NULL,99,'2017-04-03 15:23:38',1,'2017-04-03 15:23:38',1,0);
/*!40000 ALTER TABLE `historyofcreateejournal` ENABLE KEYS */;
UNLOCK TABLES;

--
-- Table structure for table `historyofcreatetransactionfromvoidtransaction`
--

DROP TABLE IF EXISTS `historyofcreatetransactionfromvoidtransaction`;
/*!40101 SET @saved_cs_client     = @@character_set_client */;
/*!40101 SET character_set_client = utf8 */;
CREATE TABLE `historyofcreatetransactionfromvoidtransaction` (
  `HistoryID` int(11) NOT NULL AUTO_INCREMENT,
  `TransactionID` int(11) NOT NULL DEFAULT '0',
  `ComputerID` int(11) NOT NULL DEFAULT '0',
  `FromVoidTransactionID` int(11) NOT NULL DEFAULT '0',
  `FromVoidComputerID` int(11) NOT NULL DEFAULT '0',
  `CreateFromStaffID` int(11) NOT NULL DEFAULT '0',
  `CreateFromComputerID` int(11) NOT NULL DEFAULT '0',
  `CreateDateTime` datetime DEFAULT NULL,
  `FrontFunctionID` int(11) NOT NULL DEFAULT '0',
  `TransactionStatusID` tinyint(4) NOT NULL DEFAULT '0',
  `HistoryNote` text,
  PRIMARY KEY (`HistoryID`,`TransactionID`,`ComputerID`),
  KEY `HistoryCreateTransactionIndex` (`TransactionID`,`ComputerID`)
) ENGINE=InnoDB DEFAULT CHARSET=utf8;
/*!40101 SET character_set_client = @saved_cs_client */;

--
-- Dumping data for table `historyofcreatetransactionfromvoidtransaction`
--

LOCK TABLES `historyofcreatetransactionfromvoidtransaction` WRITE;
/*!40000 ALTER TABLE `historyofcreatetransactionfromvoidtransaction` DISABLE KEYS */;
/*!40000 ALTER TABLE `historyofcreatetransactionfromvoidtransaction` ENABLE KEYS */;
UNLOCK TABLES;

--
-- Table structure for table `historyoffeatureoncomputer`
--

DROP TABLE IF EXISTS `historyoffeatureoncomputer`;
/*!40101 SET @saved_cs_client     = @@character_set_client */;
/*!40101 SET character_set_client = utf8 */;
CREATE TABLE `historyoffeatureoncomputer` (
  `HistoryID` int(11) NOT NULL AUTO_INCREMENT,
  `ProductLevelID` int(11) NOT NULL DEFAULT '0',
  `TableID` int(11) NOT NULL DEFAULT '0',
  `StaffID` int(11) NOT NULL DEFAULT '0',
  `ComputerID` int(11) NOT NULL DEFAULT '0',
  `HistoryDateTime` datetime DEFAULT NULL,
  `FrontFunctionID` int(11) NOT NULL DEFAULT '0',
  `HistoryNote` text,
  PRIMARY KEY (`HistoryID`,`ProductLevelID`)
) ENGINE=InnoDB DEFAULT CHARSET=utf8;
/*!40101 SET character_set_client = @saved_cs_client */;

--
-- Dumping data for table `historyoffeatureoncomputer`
--

LOCK TABLES `historyoffeatureoncomputer` WRITE;
/*!40000 ALTER TABLE `historyoffeatureoncomputer` DISABLE KEYS */;
/*!40000 ALTER TABLE `historyoffeatureoncomputer` ENABLE KEYS */;
UNLOCK TABLES;

--
-- Table structure for table `historyofmoveorderdetail`
--

DROP TABLE IF EXISTS `historyofmoveorderdetail`;
/*!40101 SET @saved_cs_client     = @@character_set_client */;
/*!40101 SET character_set_client = utf8 */;
CREATE TABLE `historyofmoveorderdetail` (
  `HistoryID` int(11) NOT NULL AUTO_INCREMENT,
  `TransactionID` int(11) NOT NULL DEFAULT '0',
  `ComputerID` int(11) NOT NULL DEFAULT '0',
  `OrderDetailID` int(11) NOT NULL DEFAULT '0',
  `ProductID` int(11) NOT NULL DEFAULT '0',
  `OrderAmount` decimal(18,4) NOT NULL DEFAULT '0.0000',
  `ProductPrice` decimal(18,4) NOT NULL DEFAULT '0.0000',
  `ToTransactionID` int(11) NOT NULL DEFAULT '0',
  `ToComputerID` int(11) NOT NULL DEFAULT '0',
  `ToOrderDetailID` int(11) NOT NULL DEFAULT '0',
  `ToTransactionOriginalAmount` decimal(18,4) NOT NULL DEFAULT '0.0000',
  `MoveAmount` decimal(18,4) NOT NULL DEFAULT '0.0000',
  `MoveStaffID` int(11) NOT NULL DEFAULT '0',
  `MoveComputerID` int(11) NOT NULL DEFAULT '0',
  `MoveDateTime` datetime DEFAULT NULL,
  `OrderDateTime` datetime DEFAULT NULL,
  `FrontFunctionID` int(11) NOT NULL DEFAULT '0',
  `HistoryNote` text,
  `TableID` int(11) NOT NULL DEFAULT '0',
  `ToTableID` int(11) NOT NULL DEFAULT '0',
  `OtherProductName` varchar(50) DEFAULT NULL,
  PRIMARY KEY (`HistoryID`,`TransactionID`,`ComputerID`),
  KEY `MoveOrderTransIndex` (`TransactionID`,`ComputerID`),
  KEY `MoveOrderToTransIndex` (`ToTransactionID`,`ToComputerID`,`ToOrderDetailID`)
) ENGINE=InnoDB DEFAULT CHARSET=utf8;
/*!40101 SET character_set_client = @saved_cs_client */;

--
-- Dumping data for table `historyofmoveorderdetail`
--

LOCK TABLES `historyofmoveorderdetail` WRITE;
/*!40000 ALTER TABLE `historyofmoveorderdetail` DISABLE KEYS */;
/*!40000 ALTER TABLE `historyofmoveorderdetail` ENABLE KEYS */;
UNLOCK TABLES;

--
-- Table structure for table `historyofmovetable`
--

DROP TABLE IF EXISTS `historyofmovetable`;
/*!40101 SET @saved_cs_client     = @@character_set_client */;
/*!40101 SET character_set_client = utf8 */;
CREATE TABLE `historyofmovetable` (
  `HistoryID` int(11) NOT NULL AUTO_INCREMENT,
  `TransactionID` int(11) NOT NULL DEFAULT '0',
  `ComputerID` int(11) NOT NULL DEFAULT '0',
  `TableID` int(11) NOT NULL DEFAULT '0',
  `ToTransactionID` int(11) NOT NULL DEFAULT '0',
  `ToComputerID` int(11) NOT NULL DEFAULT '0',
  `ToTableID` int(11) NOT NULL DEFAULT '0',
  `TotalPrice` decimal(18,4) NOT NULL DEFAULT '0.0000',
  `MoveStaffID` int(11) NOT NULL DEFAULT '0',
  `MoveComputerID` int(11) NOT NULL DEFAULT '0',
  `MoveDateTime` datetime DEFAULT NULL,
  `OpenTime` datetime DEFAULT NULL,
  `FrontFunctionID` int(11) NOT NULL DEFAULT '0',
  `HistoryNote` text,
  PRIMARY KEY (`HistoryID`,`TransactionID`,`ComputerID`),
  KEY `MoveTableTransIndex` (`TransactionID`,`ComputerID`)
) ENGINE=InnoDB DEFAULT CHARSET=utf8;
/*!40101 SET character_set_client = @saved_cs_client */;

--
-- Dumping data for table `historyofmovetable`
--

LOCK TABLES `historyofmovetable` WRITE;
/*!40000 ALTER TABLE `historyofmovetable` DISABLE KEYS */;
/*!40000 ALTER TABLE `historyofmovetable` ENABLE KEYS */;
UNLOCK TABLES;

--
-- Table structure for table `historyofprintbilldetail`
--

DROP TABLE IF EXISTS `historyofprintbilldetail`;
/*!40101 SET @saved_cs_client     = @@character_set_client */;
/*!40101 SET character_set_client = utf8 */;
CREATE TABLE `historyofprintbilldetail` (
  `HistoryID` int(11) NOT NULL AUTO_INCREMENT,
  `TransactionID` int(11) NOT NULL DEFAULT '0',
  `ComputerID` int(11) NOT NULL DEFAULT '0',
  `PrintStaffID` int(11) NOT NULL DEFAULT '0',
  `PrintComputerID` int(11) NOT NULL DEFAULT '0',
  `PrintDateTime` datetime DEFAULT NULL,
  `FrontFunctionID` tinyint(4) NOT NULL DEFAULT '0',
  `HistoryNote` text,
  PRIMARY KEY (`HistoryID`,`TransactionID`,`ComputerID`),
  KEY `HistoryTransactionIndex` (`TransactionID`,`ComputerID`),
  KEY `HistoryPrintTimeIndex` (`PrintDateTime`)
) ENGINE=InnoDB AUTO_INCREMENT=25 DEFAULT CHARSET=utf8;
/*!40101 SET character_set_client = @saved_cs_client */;

--
-- Dumping data for table `historyofprintbilldetail`
--

LOCK TABLES `historyofprintbilldetail` WRITE;
/*!40000 ALTER TABLE `historyofprintbilldetail` DISABLE KEYS */;
/*!40000 ALTER TABLE `historyofprintbilldetail` ENABLE KEYS */;
UNLOCK TABLES;

--
-- Table structure for table `historyofprintcashoutbilldetail`
--

DROP TABLE IF EXISTS `historyofprintcashoutbilldetail`;
/*!40101 SET @saved_cs_client     = @@character_set_client */;
/*!40101 SET character_set_client = utf8 */;
CREATE TABLE `historyofprintcashoutbilldetail` (
  `HistoryID` int(11) NOT NULL AUTO_INCREMENT,
  `TransactionID` int(11) NOT NULL DEFAULT '0',
  `ComputerID` int(11) NOT NULL DEFAULT '0',
  `PrintStaffID` int(11) NOT NULL DEFAULT '0',
  `PrintComputerID` int(11) NOT NULL DEFAULT '0',
  `PrintDateTime` datetime DEFAULT NULL,
  `FrontFunctionID` int(11) NOT NULL DEFAULT '0',
  `HistoryNote` text,
  PRIMARY KEY (`HistoryID`,`TransactionID`,`ComputerID`),
  KEY `PrintCashOutTransIndex` (`TransactionID`,`ComputerID`)
) ENGINE=InnoDB DEFAULT CHARSET=utf8;
/*!40101 SET character_set_client = @saved_cs_client */;

--
-- Dumping data for table `historyofprintcashoutbilldetail`
--

LOCK TABLES `historyofprintcashoutbilldetail` WRITE;
/*!40000 ALTER TABLE `historyofprintcashoutbilldetail` DISABLE KEYS */;
/*!40000 ALTER TABLE `historyofprintcashoutbilldetail` ENABLE KEYS */;
UNLOCK TABLES;

--
-- Table structure for table `historyofreprintorderdetail`
--

DROP TABLE IF EXISTS `historyofreprintorderdetail`;
/*!40101 SET @saved_cs_client     = @@character_set_client */;
/*!40101 SET character_set_client = utf8 */;
CREATE TABLE `historyofreprintorderdetail` (
  `HistoryID` int(11) NOT NULL AUTO_INCREMENT,
  `TransactionID` int(11) NOT NULL DEFAULT '0',
  `ComputerID` int(11) NOT NULL DEFAULT '0',
  `OrderDetailID` int(11) NOT NULL DEFAULT '0',
  `TableID` int(11) NOT NULL DEFAULT '0',
  `ProductID` int(11) NOT NULL DEFAULT '0',
  `ProductName` varchar(100) DEFAULT NULL,
  `OrderAmount` decimal(18,4) NOT NULL DEFAULT '0.0000',
  `RePrintComputerID` int(11) NOT NULL DEFAULT '0',
  `RePrintStaffID` int(11) NOT NULL DEFAULT '0',
  `RePrintDateTime` datetime DEFAULT NULL,
  `FrontFunctionID` int(11) NOT NULL DEFAULT '0',
  PRIMARY KEY (`HistoryID`,`TransactionID`,`ComputerID`),
  KEY `RePrintTransIndex` (`TransactionID`,`ComputerID`)
) ENGINE=InnoDB DEFAULT CHARSET=utf8;
/*!40101 SET character_set_client = @saved_cs_client */;

--
-- Dumping data for table `historyofreprintorderdetail`
--

LOCK TABLES `historyofreprintorderdetail` WRITE;
/*!40000 ALTER TABLE `historyofreprintorderdetail` DISABLE KEYS */;
/*!40000 ALTER TABLE `historyofreprintorderdetail` ENABLE KEYS */;
UNLOCK TABLES;

--
-- Table structure for table `historytablenofororder`
--

DROP TABLE IF EXISTS `historytablenofororder`;
/*!40101 SET @saved_cs_client     = @@character_set_client */;
/*!40101 SET character_set_client = utf8 */;
CREATE TABLE `historytablenofororder` (
  `TransactionID` int(11) NOT NULL DEFAULT '0',
  `ComputerID` int(11) NOT NULL DEFAULT '0',
  `TableNo` int(11) NOT NULL DEFAULT '0',
  `HistoryTrack` int(11) NOT NULL DEFAULT '0',
  PRIMARY KEY (`TransactionID`,`ComputerID`,`TableNo`,`HistoryTrack`)
) ENGINE=InnoDB DEFAULT CHARSET=utf8;
/*!40101 SET character_set_client = @saved_cs_client */;

--
-- Dumping data for table `historytablenofororder`
--

LOCK TABLES `historytablenofororder` WRITE;
/*!40000 ALTER TABLE `historytablenofororder` DISABLE KEYS */;
/*!40000 ALTER TABLE `historytablenofororder` ENABLE KEYS */;
UNLOCK TABLES;

--
-- Table structure for table `idrange`
--

DROP TABLE IF EXISTS `idrange`;
/*!40101 SET @saved_cs_client     = @@character_set_client */;
/*!40101 SET character_set_client = utf8 */;
CREATE TABLE `idrange` (
  `ProductLevelID` int(11) NOT NULL DEFAULT '0',
  `IDRangeTypeID` int(11) NOT NULL DEFAULT '0',
  `MinID` int(11) NOT NULL DEFAULT '1',
  `MaxID` int(11) NOT NULL DEFAULT '-1',
  `UpdateDate` datetime DEFAULT NULL,
  PRIMARY KEY (`ProductLevelID`,`IDRangeTypeID`)
) ENGINE=InnoDB DEFAULT CHARSET=utf8;
/*!40101 SET character_set_client = @saved_cs_client */;

--
-- Dumping data for table `idrange`
--

LOCK TABLES `idrange` WRITE;
/*!40000 ALTER TABLE `idrange` DISABLE KEYS */;
INSERT INTO `idrange` VALUES (0,1,1,100000,'2014-01-23 11:39:52'),(0,2,1,100000,'2014-01-23 11:39:52'),(0,3,1,100000,'2014-01-23 11:39:52'),(0,4,1,100000,'2014-01-23 11:39:52'),(0,5,1,100000,'2014-01-23 11:39:52'),(0,6,1,100000,'2014-01-23 11:39:52'),(0,7,1,100000,'2014-01-23 11:39:52'),(0,8,1,100000,'2014-01-23 11:39:52'),(0,9,1,100000,'2014-01-23 11:39:52'),(0,10,1,100000,'2014-01-23 11:39:52'),(0,11,1,100000,'2014-01-23 11:39:52'),(0,12,1,100000,'2014-01-23 11:39:52'),(0,13,1,100000,'2014-01-23 11:39:52'),(0,14,1,100000,'2014-01-23 11:39:52'),(0,15,1,100000,'2014-01-23 11:39:52'),(0,16,1,100000,'2014-01-23 11:39:52'),(1,1,100001,200000,'2013-10-30 14:20:19'),(1,2,100001,200000,'2013-10-30 14:20:19'),(1,3,100001,200000,'2013-10-30 14:20:19'),(1,4,100001,200000,'2013-10-30 14:20:19'),(1,5,100001,200000,'2013-10-30 14:20:19'),(1,6,100001,200000,'2013-10-30 14:20:19'),(1,7,100001,200000,'2013-10-30 14:20:19'),(1,8,100001,200000,'2013-10-30 14:20:19'),(1,9,100001,200000,'2013-10-30 14:20:19'),(1,10,100001,200000,'2013-10-30 14:20:19'),(1,11,100001,200000,'2013-10-30 14:20:19'),(1,12,100001,200000,'2013-10-30 14:20:19'),(1,13,100001,200000,'2013-10-30 14:20:19'),(1,14,100001,200000,'2013-10-30 14:20:19'),(1,15,100001,200000,'2013-10-30 14:20:19'),(1,16,100001,200000,'2013-10-30 14:20:19'),(2,1,200001,300000,'2014-01-23 11:39:52'),(2,2,200001,300000,'2014-01-23 11:39:52'),(2,3,200001,300000,'2014-01-23 11:39:52'),(2,4,200001,300000,'2014-01-23 11:39:52'),(2,5,200001,300000,'2014-01-23 11:39:52'),(2,6,200001,300000,'2014-01-23 11:39:52'),(2,7,200001,300000,'2014-01-23 11:39:52'),(2,8,200001,300000,'2014-01-23 11:39:52'),(2,9,200001,300000,'2014-01-23 11:39:52'),(2,10,200001,300000,'2014-01-23 11:39:52'),(2,11,200001,300000,'2014-01-23 11:39:52'),(2,12,200001,300000,'2014-01-23 11:39:52'),(2,13,200001,300000,'2014-01-23 11:39:52'),(2,14,200001,300000,'2014-01-23 11:39:52'),(2,15,200001,300000,'2014-01-23 11:39:52'),(2,16,200001,300000,'2014-01-23 11:39:52');
/*!40000 ALTER TABLE `idrange` ENABLE KEYS */;
UNLOCK TABLES;

--
-- Table structure for table `idrangetype`
--

DROP TABLE IF EXISTS `idrangetype`;
/*!40101 SET @saved_cs_client     = @@character_set_client */;
/*!40101 SET character_set_client = utf8 */;
CREATE TABLE `idrangetype` (
  `IDRangeTypeID` int(11) NOT NULL DEFAULT '0',
  `Description` varchar(50) DEFAULT NULL,
  PRIMARY KEY (`IDRangeTypeID`)
) ENGINE=InnoDB DEFAULT CHARSET=utf8;
/*!40101 SET character_set_client = @saved_cs_client */;

--
-- Dumping data for table `idrangetype`
--

LOCK TABLES `idrangetype` WRITE;
/*!40000 ALTER TABLE `idrangetype` DISABLE KEYS */;
INSERT INTO `idrangetype` VALUES (1,'ProductGroup'),(2,'ProductDept'),(3,'Products'),(4,'MemberGroup'),(5,'Members'),(6,'StaffRole'),(7,'Staffs'),(8,'ComputerName'),(9,'MaterialGroup'),(10,'MaterialDept'),(11,'Materials'),(12,'UnitLarge'),(13,'UnitRatio'),(14,'UnitSmall'),(15,'Vendors'),(16,'Delivery Customer');
/*!40000 ALTER TABLE `idrangetype` ENABLE KEYS */;
UNLOCK TABLES;

--
-- Table structure for table `importlog`
--

DROP TABLE IF EXISTS `importlog`;
/*!40101 SET @saved_cs_client     = @@character_set_client */;
/*!40101 SET character_set_client = utf8 */;
CREATE TABLE `importlog` (
  `ImportLogID` int(11) NOT NULL DEFAULT '0',
  `ImportFrom` varchar(100) DEFAULT NULL,
  `ImportTo` varchar(100) DEFAULT NULL,
  `ImportDetail` text,
  `ImportTime` datetime DEFAULT NULL,
  `StaffID` int(11) NOT NULL DEFAULT '0',
  `FromProductLevelID` int(11) NOT NULL DEFAULT '0',
  `ToProductLevelID` int(11) NOT NULL DEFAULT '0',
  `ExportDate` date DEFAULT NULL,
  `ExportStaffID` int(11) NOT NULL DEFAULT '0',
  PRIMARY KEY (`ImportLogID`)
) ENGINE=InnoDB DEFAULT CHARSET=utf8;
/*!40101 SET character_set_client = @saved_cs_client */;

--
-- Dumping data for table `importlog`
--

LOCK TABLES `importlog` WRITE;
/*!40000 ALTER TABLE `importlog` DISABLE KEYS */;
/*!40000 ALTER TABLE `importlog` ENABLE KEYS */;
UNLOCK TABLES;

--
-- Table structure for table `importlogdetail`
--

DROP TABLE IF EXISTS `importlogdetail`;
/*!40101 SET @saved_cs_client     = @@character_set_client */;
/*!40101 SET character_set_client = utf8 */;
CREATE TABLE `importlogdetail` (
  `ImportLogID` int(11) NOT NULL DEFAULT '0',
  `ImportType` int(11) NOT NULL DEFAULT '0',
  PRIMARY KEY (`ImportLogID`,`ImportType`)
) ENGINE=InnoDB DEFAULT CHARSET=utf8;
/*!40101 SET character_set_client = @saved_cs_client */;

--
-- Dumping data for table `importlogdetail`
--

LOCK TABLES `importlogdetail` WRITE;
/*!40000 ALTER TABLE `importlogdetail` DISABLE KEYS */;
/*!40000 ALTER TABLE `importlogdetail` ENABLE KEYS */;
UNLOCK TABLES;

--
-- Table structure for table `importlogtype`
--

DROP TABLE IF EXISTS `importlogtype`;
/*!40101 SET @saved_cs_client     = @@character_set_client */;
/*!40101 SET character_set_client = utf8 */;
CREATE TABLE `importlogtype` (
  `ImportType` int(11) NOT NULL DEFAULT '0',
  `Description` varchar(50) DEFAULT NULL,
  PRIMARY KEY (`ImportType`)
) ENGINE=InnoDB DEFAULT CHARSET=utf8;
/*!40101 SET character_set_client = @saved_cs_client */;

--
-- Dumping data for table `importlogtype`
--

LOCK TABLES `importlogtype` WRITE;
/*!40000 ALTER TABLE `importlogtype` DISABLE KEYS */;
INSERT INTO `importlogtype` VALUES (1,'Product Data'),(2,'Computer/Receipt Data'),(3,'Promotion Data'),(4,'Coupon Data'),(5,'Member Data'),(6,'Staff Data'),(7,'Prepaid/Smartcard Data'),(8,'Package Data'),(9,'Document Data'),(10,'Material Data'),(11,'Config Data'),(12,'Sale Data'),(13,'Spa Staff/ Room Data'),(14,'Vendor Data'),(15,'Commission Data');
/*!40000 ALTER TABLE `importlogtype` ENABLE KEYS */;
UNLOCK TABLES;

--
-- Table structure for table `insertdocdetailfromtextfile3`
--

DROP TABLE IF EXISTS `insertdocdetailfromtextfile3`;
/*!40101 SET @saved_cs_client     = @@character_set_client */;
/*!40101 SET character_set_client = utf8 */;
CREATE TABLE `insertdocdetailfromtextfile3` (
  `MaterialCode` varchar(100) DEFAULT NULL,
  `Amount` decimal(18,4) DEFAULT NULL
) ENGINE=InnoDB DEFAULT CHARSET=tis620;
/*!40101 SET character_set_client = @saved_cs_client */;

--
-- Dumping data for table `insertdocdetailfromtextfile3`
--

LOCK TABLES `insertdocdetailfromtextfile3` WRITE;
/*!40000 ALTER TABLE `insertdocdetailfromtextfile3` DISABLE KEYS */;
/*!40000 ALTER TABLE `insertdocdetailfromtextfile3` ENABLE KEYS */;
UNLOCK TABLES;

--
-- Table structure for table `inventoryview`
--

DROP TABLE IF EXISTS `inventoryview`;
/*!40101 SET @saved_cs_client     = @@character_set_client */;
/*!40101 SET character_set_client = utf8 */;
CREATE TABLE `inventoryview` (
  `ViewFromProductLevelID` int(11) NOT NULL DEFAULT '0',
  `InventoryID` int(11) NOT NULL DEFAULT '0',
  `InventoryCode` varchar(20) DEFAULT NULL,
  `InventoryName` varchar(50) DEFAULT NULL,
  `DatabaseName` varchar(50) DEFAULT NULL,
  `IPAddress` varchar(50) DEFAULT NULL,
  PRIMARY KEY (`ViewFromProductLevelID`,`InventoryID`)
) ENGINE=InnoDB DEFAULT CHARSET=utf8;
/*!40101 SET character_set_client = @saved_cs_client */;

--
-- Dumping data for table `inventoryview`
--

LOCK TABLES `inventoryview` WRITE;
/*!40000 ALTER TABLE `inventoryview` DISABLE KEYS */;
INSERT INTO `inventoryview` VALUES (1,1,NULL,'HQ','promise6','127.0.0.1'),(1,2,NULL,'SHOP','promise6','127.0.0.1'),(2,1,NULL,'HQ','promise6','127.0.0.1'),(2,2,NULL,'SHOP','promise6','127.0.0.1');
/*!40000 ALTER TABLE `inventoryview` ENABLE KEYS */;
UNLOCK TABLES;

--
-- Table structure for table `itemdepositinfo`
--

DROP TABLE IF EXISTS `itemdepositinfo`;
/*!40101 SET @saved_cs_client     = @@character_set_client */;
/*!40101 SET character_set_client = utf8 */;
CREATE TABLE `itemdepositinfo` (
  `DepositID` int(11) NOT NULL DEFAULT '0',
  `ShopID` int(11) NOT NULL DEFAULT '0',
  `DepositNo` varchar(20) DEFAULT NULL,
  `DepositName` varchar(100) DEFAULT NULL,
  `MemberID` int(11) NOT NULL DEFAULT '0',
  `ProductID` int(11) NOT NULL DEFAULT '0',
  `DepositAmount` decimal(18,4) NOT NULL DEFAULT '0.0000',
  `DepositNote` varchar(255) DEFAULT NULL,
  `DepositLocation` varchar(255) DEFAULT NULL,
  `ExpireDate` date DEFAULT NULL,
  `IsAlreadyCheckOut` tinyint(4) NOT NULL DEFAULT '0',
  `DepositTime` datetime DEFAULT NULL,
  `DepositStaffID` int(11) NOT NULL DEFAULT '0',
  `CheckOutTime` datetime DEFAULT NULL,
  `CheckOutStaffID` int(11) NOT NULL DEFAULT '0',
  `CheckOutComputerID` int(11) NOT NULL DEFAULT '0',
  PRIMARY KEY (`DepositID`,`ShopID`)
) ENGINE=InnoDB DEFAULT CHARSET=utf8;
/*!40101 SET character_set_client = @saved_cs_client */;

--
-- Dumping data for table `itemdepositinfo`
--

LOCK TABLES `itemdepositinfo` WRITE;
/*!40000 ALTER TABLE `itemdepositinfo` DISABLE KEYS */;
/*!40000 ALTER TABLE `itemdepositinfo` ENABLE KEYS */;
UNLOCK TABLES;

--
-- Table structure for table `itemdepositmaxno`
--

DROP TABLE IF EXISTS `itemdepositmaxno`;
/*!40101 SET @saved_cs_client     = @@character_set_client */;
/*!40101 SET character_set_client = utf8 */;
CREATE TABLE `itemdepositmaxno` (
  `ShopID` int(11) NOT NULL DEFAULT '0',
  `MaxDepositNo` int(11) NOT NULL DEFAULT '0',
  PRIMARY KEY (`ShopID`)
) ENGINE=InnoDB DEFAULT CHARSET=utf8;
/*!40101 SET character_set_client = @saved_cs_client */;

--
-- Dumping data for table `itemdepositmaxno`
--

LOCK TABLES `itemdepositmaxno` WRITE;
/*!40000 ALTER TABLE `itemdepositmaxno` DISABLE KEYS */;
/*!40000 ALTER TABLE `itemdepositmaxno` ENABLE KEYS */;
UNLOCK TABLES;

--
-- Table structure for table `itemdepositsetting`
--

DROP TABLE IF EXISTS `itemdepositsetting`;
/*!40101 SET @saved_cs_client     = @@character_set_client */;
/*!40101 SET character_set_client = utf8 */;
CREATE TABLE `itemdepositsetting` (
  `ProductID` int(11) NOT NULL DEFAULT '0',
  `ExpireDayAfterDeposit` smallint(6) NOT NULL DEFAULT '0',
  `CheckOutPrinterID` varchar(50) NOT NULL DEFAULT '-1',
  PRIMARY KEY (`ProductID`)
) ENGINE=InnoDB DEFAULT CHARSET=utf8;
/*!40101 SET character_set_client = @saved_cs_client */;

--
-- Dumping data for table `itemdepositsetting`
--

LOCK TABLES `itemdepositsetting` WRITE;
/*!40000 ALTER TABLE `itemdepositsetting` DISABLE KEYS */;
/*!40000 ALTER TABLE `itemdepositsetting` ENABLE KEYS */;
UNLOCK TABLES;

--
-- Temporary table structure for view `kds_allcomment`
--

DROP TABLE IF EXISTS `kds_allcomment`;
/*!50001 DROP VIEW IF EXISTS `kds_allcomment`*/;
SET @saved_cs_client     = @@character_set_client;
SET character_set_client = utf8;
/*!50001 CREATE TABLE `kds_allcomment` (
  `ProcessID` int(11),
  `OrderComment` varchar(255)
) ENGINE=MyISAM */;
SET character_set_client = @saved_cs_client;

--
-- Temporary table structure for view `kds_groupcomment`
--

DROP TABLE IF EXISTS `kds_groupcomment`;
/*!50001 DROP VIEW IF EXISTS `kds_groupcomment`*/;
SET @saved_cs_client     = @@character_set_client;
SET character_set_client = utf8;
/*!50001 CREATE TABLE `kds_groupcomment` (
  `ProcessID` int(11),
  `AllComment` varchar(341)
) ENGINE=MyISAM */;
SET character_set_client = @saved_cs_client;

--
-- Table structure for table `kds_kdsidbytablezone`
--

DROP TABLE IF EXISTS `kds_kdsidbytablezone`;
/*!40101 SET @saved_cs_client     = @@character_set_client */;
/*!40101 SET character_set_client = utf8 */;
CREATE TABLE `kds_kdsidbytablezone` (
  `ZoneID` int(11) NOT NULL DEFAULT '0',
  `FromKDSID` int(11) NOT NULL DEFAULT '0',
  `ToKDSID` int(11) NOT NULL DEFAULT '0',
  PRIMARY KEY (`ZoneID`,`FromKDSID`,`ToKDSID`)
) ENGINE=InnoDB DEFAULT CHARSET=utf8;
/*!40101 SET character_set_client = @saved_cs_client */;

--
-- Dumping data for table `kds_kdsidbytablezone`
--

LOCK TABLES `kds_kdsidbytablezone` WRITE;
/*!40000 ALTER TABLE `kds_kdsidbytablezone` DISABLE KEYS */;
/*!40000 ALTER TABLE `kds_kdsidbytablezone` ENABLE KEYS */;
UNLOCK TABLES;

--
-- Temporary table structure for view `kds_orderprocess`
--

DROP TABLE IF EXISTS `kds_orderprocess`;
/*!50001 DROP VIEW IF EXISTS `kds_orderprocess`*/;
SET @saved_cs_client     = @@character_set_client;
SET character_set_client = utf8;
/*!50001 CREATE TABLE `kds_orderprocess` (
  `ProductLevelID` int(11),
  `ProductID` int(11),
  `OrderDate` date,
  `TotalQty` decimal(32,2)
) ENGINE=MyISAM */;
SET character_set_client = @saved_cs_client;

--
-- Table structure for table `kds_orderprocessdetail`
--

DROP TABLE IF EXISTS `kds_orderprocessdetail`;
/*!40101 SET @saved_cs_client     = @@character_set_client */;
/*!40101 SET character_set_client = utf8 */;
CREATE TABLE `kds_orderprocessdetail` (
  `TransactionID` int(11) NOT NULL DEFAULT '0',
  `ComputerID` int(11) NOT NULL DEFAULT '0',
  `OrderDetailID` int(11) NOT NULL DEFAULT '0',
  `ProcessID` int(11) NOT NULL DEFAULT '0',
  `OrderKDSID` int(11) NOT NULL DEFAULT '0',
  `KDSStep` tinyint(4) NOT NULL DEFAULT '0',
  `KDSID` tinyint(4) NOT NULL DEFAULT '0',
  `PreviousKDSStep` tinyint(4) NOT NULL DEFAULT '0',
  `NextKDSStep` tinyint(4) NOT NULL DEFAULT '0',
  `ProductID` int(11) NOT NULL DEFAULT '0',
  `ProductAmount` decimal(18,4) NOT NULL DEFAULT '0.0000',
  `ProductHeaderName` varchar(100) DEFAULT NULL,
  `ProductName` varchar(100) DEFAULT NULL,
  `ProductComment` varchar(1000) DEFAULT NULL,
  `ProductSetType` int(11) NOT NULL DEFAULT '0',
  `OrderLinkID` int(11) NOT NULL DEFAULT '0',
  `PrinterID` varchar(50) DEFAULT NULL,
  `SubmitOrderStaffID` int(11) NOT NULL DEFAULT '0',
  `KDSStartTime` datetime DEFAULT NULL,
  `FinishStaffID` int(11) NOT NULL DEFAULT '0',
  `KDSFinishTime` datetime DEFAULT NULL,
  `KDSStepComment` varchar(100) DEFAULT NULL,
  `ShopID` int(11) NOT NULL DEFAULT '0',
  `OrderDate` date DEFAULT NULL,
  `KDSOrderNo` int(11) NOT NULL DEFAULT '0',
  `TableID` int(11) NOT NULL DEFAULT '0',
  `DisplayTableName` varchar(200) DEFAULT NULL,
  `SeatID` tinyint(4) NOT NULL DEFAULT '0',
  `SeatNo` varchar(10) DEFAULT NULL,
  `KDSStatus` tinyint(4) NOT NULL DEFAULT '0',
  `AcknowledgeStatus` tinyint(4) NOT NULL DEFAULT '0',
  `DisplayOrdering` tinyint(4) NOT NULL DEFAULT '0',
  PRIMARY KEY (`TransactionID`,`ComputerID`,`OrderDetailID`,`ProcessID`,`OrderKDSID`,`KDSStep`,`KDSID`),
  KEY `ShopDateIndex` (`ShopID`,`OrderDate`)
) ENGINE=InnoDB DEFAULT CHARSET=tis620;
/*!40101 SET character_set_client = @saved_cs_client */;

--
-- Dumping data for table `kds_orderprocessdetail`
--

LOCK TABLES `kds_orderprocessdetail` WRITE;
/*!40000 ALTER TABLE `kds_orderprocessdetail` DISABLE KEYS */;
/*!40000 ALTER TABLE `kds_orderprocessdetail` ENABLE KEYS */;
UNLOCK TABLES;

--
-- Table structure for table `kds_orderprocessdetailfront`
--

DROP TABLE IF EXISTS `kds_orderprocessdetailfront`;
/*!40101 SET @saved_cs_client     = @@character_set_client */;
/*!40101 SET character_set_client = utf8 */;
CREATE TABLE `kds_orderprocessdetailfront` (
  `TransactionID` int(11) NOT NULL DEFAULT '0',
  `ComputerID` int(11) NOT NULL DEFAULT '0',
  `OrderDetailID` int(11) NOT NULL DEFAULT '0',
  `ProcessID` int(11) NOT NULL DEFAULT '0',
  `OrderKDSID` int(11) NOT NULL DEFAULT '0',
  `KDSStep` tinyint(4) NOT NULL DEFAULT '0',
  `KDSID` tinyint(4) NOT NULL DEFAULT '0',
  `PreviousKDSStep` tinyint(4) NOT NULL DEFAULT '0',
  `NextKDSStep` tinyint(4) NOT NULL DEFAULT '0',
  `ProductID` int(11) NOT NULL DEFAULT '0',
  `ProductAmount` decimal(18,4) NOT NULL DEFAULT '0.0000',
  `ProductHeaderName` varchar(100) DEFAULT NULL,
  `ProductName` varchar(100) DEFAULT NULL,
  `ProductComment` varchar(1000) DEFAULT NULL,
  `ProductSetType` int(11) NOT NULL DEFAULT '0',
  `OrderLinkID` int(11) NOT NULL DEFAULT '0',
  `PrinterID` varchar(50) DEFAULT NULL,
  `SubmitOrderStaffID` int(11) NOT NULL DEFAULT '0',
  `KDSStartTime` datetime DEFAULT NULL,
  `FinishStaffID` int(11) NOT NULL DEFAULT '0',
  `KDSFinishTime` datetime DEFAULT NULL,
  `KDSStepComment` varchar(100) DEFAULT NULL,
  `ShopID` int(11) NOT NULL DEFAULT '0',
  `OrderDate` date DEFAULT NULL,
  `KDSOrderNo` int(11) NOT NULL DEFAULT '0',
  `TableID` int(11) NOT NULL DEFAULT '0',
  `DisplayTableName` varchar(200) DEFAULT NULL,
  `SeatID` tinyint(4) NOT NULL DEFAULT '0',
  `SeatNo` varchar(10) DEFAULT NULL,
  `KDSStatus` tinyint(4) NOT NULL DEFAULT '0',
  `AcknowledgeStatus` tinyint(4) NOT NULL DEFAULT '0',
  `DisplayOrdering` tinyint(4) NOT NULL DEFAULT '0',
  PRIMARY KEY (`TransactionID`,`ComputerID`,`OrderDetailID`,`ProcessID`,`OrderKDSID`,`KDSStep`,`KDSID`)
) ENGINE=InnoDB DEFAULT CHARSET=tis620;
/*!40101 SET character_set_client = @saved_cs_client */;

--
-- Dumping data for table `kds_orderprocessdetailfront`
--

LOCK TABLES `kds_orderprocessdetailfront` WRITE;
/*!40000 ALTER TABLE `kds_orderprocessdetailfront` DISABLE KEYS */;
/*!40000 ALTER TABLE `kds_orderprocessdetailfront` ENABLE KEYS */;
UNLOCK TABLES;

--
-- Table structure for table `kds_orderprocessheader`
--

DROP TABLE IF EXISTS `kds_orderprocessheader`;
/*!40101 SET @saved_cs_client     = @@character_set_client */;
/*!40101 SET character_set_client = utf8 */;
CREATE TABLE `kds_orderprocessheader` (
  `TransactionID` int(11) NOT NULL DEFAULT '0',
  `ComputerID` int(11) NOT NULL DEFAULT '0',
  `ProcessID` int(11) NOT NULL DEFAULT '0',
  `SubmitOrderStaffID` int(11) NOT NULL DEFAULT '0',
  `SubmitOrderDateTime` datetime DEFAULT NULL,
  `ProcessStartTime` datetime DEFAULT NULL,
  `FinishStaffID` int(11) NOT NULL DEFAULT '0',
  `ProcessFinishTime` datetime DEFAULT NULL,
  `SaleModeID` tinyint(4) NOT NULL DEFAULT '0',
  `SaleModeName` varchar(100) DEFAULT NULL,
  `ShopID` int(11) NOT NULL DEFAULT '0',
  `OrderDate` date DEFAULT NULL,
  `TableID` int(11) NOT NULL DEFAULT '0',
  `DisplayTableName` varchar(200) DEFAULT NULL,
  `TransactionReferenceNo` varchar(20) DEFAULT NULL,
  `IsPaid` tinyint(4) NOT NULL DEFAULT '0',
  `CanInsertMoreDetail` tinyint(4) NOT NULL DEFAULT '0',
  `KDSStatus` tinyint(4) NOT NULL DEFAULT '0',
  `HeaderGroupID` tinyint(4) NOT NULL DEFAULT '0',
  `SummaryKDSID` tinyint(4) NOT NULL DEFAULT '0',
  `DisplayOrdering` tinyint(4) NOT NULL DEFAULT '0',
  PRIMARY KEY (`TransactionID`,`ComputerID`,`ProcessID`)
) ENGINE=InnoDB DEFAULT CHARSET=tis620;
/*!40101 SET character_set_client = @saved_cs_client */;

--
-- Dumping data for table `kds_orderprocessheader`
--

LOCK TABLES `kds_orderprocessheader` WRITE;
/*!40000 ALTER TABLE `kds_orderprocessheader` DISABLE KEYS */;
/*!40000 ALTER TABLE `kds_orderprocessheader` ENABLE KEYS */;
UNLOCK TABLES;

--
-- Table structure for table `kds_orderprocessheaderfront`
--

DROP TABLE IF EXISTS `kds_orderprocessheaderfront`;
/*!40101 SET @saved_cs_client     = @@character_set_client */;
/*!40101 SET character_set_client = utf8 */;
CREATE TABLE `kds_orderprocessheaderfront` (
  `TransactionID` int(11) NOT NULL DEFAULT '0',
  `ComputerID` int(11) NOT NULL DEFAULT '0',
  `ProcessID` int(11) NOT NULL DEFAULT '0',
  `SubmitOrderStaffID` int(11) NOT NULL DEFAULT '0',
  `SubmitOrderDateTime` datetime DEFAULT NULL,
  `ProcessStartTime` datetime DEFAULT NULL,
  `FinishStaffID` int(11) NOT NULL DEFAULT '0',
  `ProcessFinishTime` datetime DEFAULT NULL,
  `SaleModeID` tinyint(4) NOT NULL DEFAULT '0',
  `SaleModeName` varchar(100) DEFAULT NULL,
  `ShopID` int(11) NOT NULL DEFAULT '0',
  `OrderDate` date DEFAULT NULL,
  `TableID` int(11) NOT NULL DEFAULT '0',
  `DisplayTableName` varchar(200) DEFAULT NULL,
  `TransactionReferenceNo` varchar(20) DEFAULT NULL,
  `IsPaid` tinyint(4) NOT NULL DEFAULT '0',
  `CanInsertMoreDetail` tinyint(4) NOT NULL DEFAULT '0',
  `KDSStatus` tinyint(4) NOT NULL DEFAULT '0',
  `HeaderGroupID` tinyint(4) NOT NULL DEFAULT '0',
  `SummaryKDSID` tinyint(4) NOT NULL DEFAULT '0',
  `DisplayOrdering` tinyint(4) NOT NULL DEFAULT '0',
  PRIMARY KEY (`TransactionID`,`ComputerID`,`ProcessID`)
) ENGINE=InnoDB DEFAULT CHARSET=tis620;
/*!40101 SET character_set_client = @saved_cs_client */;

--
-- Dumping data for table `kds_orderprocessheaderfront`
--

LOCK TABLES `kds_orderprocessheaderfront` WRITE;
/*!40000 ALTER TABLE `kds_orderprocessheaderfront` DISABLE KEYS */;
/*!40000 ALTER TABLE `kds_orderprocessheaderfront` ENABLE KEYS */;
UNLOCK TABLES;

--
-- Table structure for table `kds_printjoborderdetail`
--

DROP TABLE IF EXISTS `kds_printjoborderdetail`;
/*!40101 SET @saved_cs_client     = @@character_set_client */;
/*!40101 SET character_set_client = utf8 */;
CREATE TABLE `kds_printjoborderdetail` (
  `TransactionID` int(11) NOT NULL DEFAULT '0',
  `ComputerID` int(11) NOT NULL DEFAULT '0',
  `OrderDetailID` int(11) NOT NULL DEFAULT '0',
  `ProcessID` int(11) NOT NULL DEFAULT '0',
  `KDSStep` int(11) NOT NULL DEFAULT '0',
  `KDSID` int(11) NOT NULL DEFAULT '0',
  `PrintNo` int(11) NOT NULL DEFAULT '0',
  `IsPrintSummary` tinyint(4) NOT NULL DEFAULT '0',
  `SaleMode` tinyint(4) NOT NULL DEFAULT '0',
  `SaleModeName` varchar(100) DEFAULT NULL,
  `ProductHeader` varchar(100) DEFAULT NULL,
  `ProductName` varchar(100) DEFAULT NULL,
  `ProductComment` varchar(1000) DEFAULT NULL,
  `ProductSetType` int(11) NOT NULL DEFAULT '0',
  `OrderLinkID` int(11) NOT NULL DEFAULT '0',
  `Amount` decimal(18,4) NOT NULL DEFAULT '0.0000',
  `KDSDate` date DEFAULT NULL,
  `KDSStartTime` datetime DEFAULT NULL,
  `KDSFinishTime` datetime DEFAULT NULL,
  `ProcessStartTime` datetime DEFAULT NULL,
  `ProcessFinishTime` datetime DEFAULT NULL,
  `ProcessMinute` int(11) NOT NULL DEFAULT '0',
  `DisplayTableName` varchar(255) DEFAULT NULL,
  `SeatNo` varchar(100) DEFAULT NULL,
  `PrintKDSOrderNo` int(11) NOT NULL DEFAULT '0',
  `KDSStatus` tinyint(4) NOT NULL DEFAULT '0',
  `PrintStaffName` varchar(100) DEFAULT NULL,
  `InsertDateTime` datetime DEFAULT NULL,
  `PrintDateTime` datetime DEFAULT NULL,
  `FinishPrintDateTime` datetime DEFAULT NULL,
  `PrinterID` int(11) NOT NULL DEFAULT '0',
  `PrinterName` varchar(100) DEFAULT NULL,
  `PrinterProperty` varchar(255) DEFAULT NULL,
  `JobOrderFromComputerID` int(11) NOT NULL DEFAULT '0',
  `JobOrderStatus` tinyint(4) NOT NULL DEFAULT '0',
  PRIMARY KEY (`TransactionID`,`ComputerID`,`OrderDetailID`,`ProcessID`,`KDSStep`,`KDSID`,`PrintNo`)
) ENGINE=InnoDB DEFAULT CHARSET=utf8;
/*!40101 SET character_set_client = @saved_cs_client */;

--
-- Dumping data for table `kds_printjoborderdetail`
--

LOCK TABLES `kds_printjoborderdetail` WRITE;
/*!40000 ALTER TABLE `kds_printjoborderdetail` DISABLE KEYS */;
/*!40000 ALTER TABLE `kds_printjoborderdetail` ENABLE KEYS */;
UNLOCK TABLES;

--
-- Table structure for table `kds_printjoborderdetailfront`
--

DROP TABLE IF EXISTS `kds_printjoborderdetailfront`;
/*!40101 SET @saved_cs_client     = @@character_set_client */;
/*!40101 SET character_set_client = utf8 */;
CREATE TABLE `kds_printjoborderdetailfront` (
  `TransactionID` int(11) NOT NULL DEFAULT '0',
  `ComputerID` int(11) NOT NULL DEFAULT '0',
  `OrderDetailID` int(11) NOT NULL DEFAULT '0',
  `ProcessID` int(11) NOT NULL DEFAULT '0',
  `KDSStep` int(11) NOT NULL DEFAULT '0',
  `KDSID` int(11) NOT NULL DEFAULT '0',
  `PrintNo` int(11) NOT NULL DEFAULT '0',
  `IsPrintSummary` tinyint(4) NOT NULL DEFAULT '0',
  `SaleMode` tinyint(4) NOT NULL DEFAULT '0',
  `SaleModeName` varchar(100) DEFAULT NULL,
  `ProductHeader` varchar(100) DEFAULT NULL,
  `ProductName` varchar(100) DEFAULT NULL,
  `ProductComment` varchar(1000) DEFAULT NULL,
  `ProductSetType` int(11) NOT NULL DEFAULT '0',
  `OrderLinkID` int(11) NOT NULL DEFAULT '0',
  `Amount` decimal(18,4) NOT NULL DEFAULT '0.0000',
  `KDSDate` date DEFAULT NULL,
  `KDSStartTime` datetime DEFAULT NULL,
  `KDSFinishTime` datetime DEFAULT NULL,
  `ProcessStartTime` datetime DEFAULT NULL,
  `ProcessFinishTime` datetime DEFAULT NULL,
  `ProcessMinute` int(11) NOT NULL DEFAULT '0',
  `DisplayTableName` varchar(255) DEFAULT NULL,
  `SeatNo` varchar(100) DEFAULT NULL,
  `PrintKDSOrderNo` int(11) NOT NULL DEFAULT '0',
  `KDSStatus` tinyint(4) NOT NULL DEFAULT '0',
  `PrintStaffName` varchar(100) DEFAULT NULL,
  `InsertDateTime` datetime DEFAULT NULL,
  `PrintDateTime` datetime DEFAULT NULL,
  `FinishPrintDateTime` datetime DEFAULT NULL,
  `PrinterID` int(11) NOT NULL DEFAULT '0',
  `PrinterName` varchar(100) DEFAULT NULL,
  `PrinterProperty` varchar(255) DEFAULT NULL,
  `JobOrderFromComputerID` int(11) NOT NULL DEFAULT '0',
  `JobOrderStatus` tinyint(4) NOT NULL DEFAULT '0',
  PRIMARY KEY (`TransactionID`,`ComputerID`,`OrderDetailID`,`ProcessID`,`KDSStep`,`KDSID`,`PrintNo`)
) ENGINE=InnoDB DEFAULT CHARSET=tis620;
/*!40101 SET character_set_client = @saved_cs_client */;

--
-- Dumping data for table `kds_printjoborderdetailfront`
--

LOCK TABLES `kds_printjoborderdetailfront` WRITE;
/*!40000 ALTER TABLE `kds_printjoborderdetailfront` DISABLE KEYS */;
/*!40000 ALTER TABLE `kds_printjoborderdetailfront` ENABLE KEYS */;
UNLOCK TABLES;

--
-- Table structure for table `kds_productsetting`
--

DROP TABLE IF EXISTS `kds_productsetting`;
/*!40101 SET @saved_cs_client     = @@character_set_client */;
/*!40101 SET character_set_client = utf8 */;
CREATE TABLE `kds_productsetting` (
  `ProductID` int(11) NOT NULL DEFAULT '0',
  `ProductLevelID` int(11) NOT NULL DEFAULT '0',
  `KDSStep` tinyint(4) NOT NULL DEFAULT '0',
  `PrinterID` varchar(50) DEFAULT NULL,
  `DelayMinute` tinyint(4) NOT NULL DEFAULT '0',
  `WarningTime` tinyint(4) NOT NULL DEFAULT '0',
  `CriticalTime` tinyint(4) NOT NULL DEFAULT '0',
  `KDSID` int(11) NOT NULL DEFAULT '0',
  `KDSStepComment` varchar(100) DEFAULT NULL,
  `UpdateDate` datetime DEFAULT NULL,
  `InsertDate` datetime DEFAULT NULL,
  PRIMARY KEY (`ProductID`,`ProductLevelID`,`KDSStep`,`KDSID`)
) ENGINE=InnoDB DEFAULT CHARSET=tis620;
/*!40101 SET character_set_client = @saved_cs_client */;

--
-- Dumping data for table `kds_productsetting`
--

LOCK TABLES `kds_productsetting` WRITE;
/*!40000 ALTER TABLE `kds_productsetting` DISABLE KEYS */;
/*!40000 ALTER TABLE `kds_productsetting` ENABLE KEYS */;
UNLOCK TABLES;

--
-- Table structure for table `kds_refreshdisplaydata`
--

DROP TABLE IF EXISTS `kds_refreshdisplaydata`;
/*!40101 SET @saved_cs_client     = @@character_set_client */;
/*!40101 SET character_set_client = utf8 */;
CREATE TABLE `kds_refreshdisplaydata` (
  `RefreshFromComputerID` int(11) NOT NULL DEFAULT '0',
  `KDSID` int(11) NOT NULL DEFAULT '0',
  `IPAddress` varchar(50) DEFAULT NULL,
  `IsForDisplayQueue` tinyint(4) NOT NULL DEFAULT '0',
  `InsertDate` datetime DEFAULT NULL
) ENGINE=InnoDB DEFAULT CHARSET=utf8;
/*!40101 SET character_set_client = @saved_cs_client */;

--
-- Dumping data for table `kds_refreshdisplaydata`
--

LOCK TABLES `kds_refreshdisplaydata` WRITE;
/*!40000 ALTER TABLE `kds_refreshdisplaydata` DISABLE KEYS */;
/*!40000 ALTER TABLE `kds_refreshdisplaydata` ENABLE KEYS */;
UNLOCK TABLES;

--
-- Table structure for table `kds_salemodepropertysetting`
--

DROP TABLE IF EXISTS `kds_salemodepropertysetting`;
/*!40101 SET @saved_cs_client     = @@character_set_client */;
/*!40101 SET character_set_client = utf8 */;
CREATE TABLE `kds_salemodepropertysetting` (
  `SaleMode` tinyint(4) NOT NULL DEFAULT '0',
  `ProductLevelID` int(11) NOT NULL DEFAULT '0',
  `KDSHeaderWarningTime` tinyint(4) NOT NULL DEFAULT '0',
  `KDSHeaderCriticalTime` tinyint(4) NOT NULL DEFAULT '0',
  `IsPrintToPrinter` tinyint(4) NOT NULL DEFAULT '0',
  `IsPrintSummaryToPrinter` tinyint(4) NOT NULL DEFAULT '0',
  `SummaryPrinterID` varchar(50) DEFAULT NULL,
  `InsertDataToKDSTransactionAfterPaid` tinyint(4) NOT NULL DEFAULT '0',
  `DisplayTimeInScreenAfterFinish` tinyint(4) NOT NULL DEFAULT '2',
  `KDSSummaryType` tinyint(4) NOT NULL DEFAULT '0',
  `KDSPrintForm` tinyint(4) NOT NULL DEFAULT '0',
  `IsPrintKDSOrderNo` tinyint(4) NOT NULL DEFAULT '0',
  `InsertKDSWhenAddOrder` tinyint(4) NOT NULL DEFAULT '0',
  PRIMARY KEY (`SaleMode`,`ProductLevelID`)
) ENGINE=InnoDB DEFAULT CHARSET=tis620;
/*!40101 SET character_set_client = @saved_cs_client */;

--
-- Dumping data for table `kds_salemodepropertysetting`
--

LOCK TABLES `kds_salemodepropertysetting` WRITE;
/*!40000 ALTER TABLE `kds_salemodepropertysetting` DISABLE KEYS */;
INSERT INTO `kds_salemodepropertysetting` VALUES (2,2,0,0,1,0,NULL,0,2,0,0,0,0),(3,2,0,0,1,0,NULL,0,2,0,0,0,0);
/*!40000 ALTER TABLE `kds_salemodepropertysetting` ENABLE KEYS */;
UNLOCK TABLES;

--
-- Table structure for table `kdsstatus`
--

DROP TABLE IF EXISTS `kdsstatus`;
/*!40101 SET @saved_cs_client     = @@character_set_client */;
/*!40101 SET character_set_client = utf8 */;
CREATE TABLE `kdsstatus` (
  `KDSStatusID` tinyint(4) NOT NULL DEFAULT '0',
  `KDSStatus` varchar(100) DEFAULT NULL,
  `DisplayName` varchar(50) DEFAULT NULL,
  PRIMARY KEY (`KDSStatusID`)
) ENGINE=InnoDB DEFAULT CHARSET=utf8;
/*!40101 SET character_set_client = @saved_cs_client */;

--
-- Dumping data for table `kdsstatus`
--

LOCK TABLES `kdsstatus` WRITE;
/*!40000 ALTER TABLE `kdsstatus` DISABLE KEYS */;
INSERT INTO `kdsstatus` VALUES (0,'Wait For Process','Wait For Process'),(1,'In Process','In Process'),(2,'Finish','Finish'),(3,'Pickup','Pickup'),(88,'Already Click For Void','Already Click For Void'),(89,'Already Click For Cancel','Already Click For Cancel'),(98,'Void','Void'),(99,'Cancel Pickup','Cancel Pickup');
/*!40000 ALTER TABLE `kdsstatus` ENABLE KEYS */;
UNLOCK TABLES;

--
-- Table structure for table `kdstransactiondetail`
--

DROP TABLE IF EXISTS `kdstransactiondetail`;
/*!40101 SET @saved_cs_client     = @@character_set_client */;
/*!40101 SET character_set_client = utf8 */;
CREATE TABLE `kdstransactiondetail` (
  `TransactionID` int(11) NOT NULL DEFAULT '0',
  `ComputerID` int(11) NOT NULL DEFAULT '0',
  `TransactionName` varchar(100) DEFAULT NULL,
  `QueueName` varchar(50) DEFAULT NULL,
  `SaleMode` tinyint(4) NOT NULL DEFAULT '0',
  `StartStaffID` int(11) NOT NULL DEFAULT '0',
  `StartDateTime` datetime DEFAULT NULL,
  `FinishStaffID` int(11) NOT NULL DEFAULT '0',
  `FinishDateTime` datetime DEFAULT NULL,
  `PickupStaffID` int(11) NOT NULL DEFAULT '0',
  `PickupDateTime` datetime DEFAULT NULL,
  `CancelStaffID` int(11) NOT NULL DEFAULT '0',
  `CancelDateTime` datetime DEFAULT NULL,
  `KDSStatus` tinyint(4) NOT NULL DEFAULT '0',
  `SaleDate` datetime DEFAULT NULL,
  `ShopID` int(11) NOT NULL DEFAULT '0',
  PRIMARY KEY (`TransactionID`,`ComputerID`)
) ENGINE=InnoDB DEFAULT CHARSET=utf8;
/*!40101 SET character_set_client = @saved_cs_client */;

--
-- Dumping data for table `kdstransactiondetail`
--

LOCK TABLES `kdstransactiondetail` WRITE;
/*!40000 ALTER TABLE `kdstransactiondetail` DISABLE KEYS */;
/*!40000 ALTER TABLE `kdstransactiondetail` ENABLE KEYS */;
UNLOCK TABLES;

--
-- Table structure for table `kdstransactiondetailfront`
--

DROP TABLE IF EXISTS `kdstransactiondetailfront`;
/*!40101 SET @saved_cs_client     = @@character_set_client */;
/*!40101 SET character_set_client = utf8 */;
CREATE TABLE `kdstransactiondetailfront` (
  `TransactionID` int(11) NOT NULL DEFAULT '0',
  `ComputerID` int(11) NOT NULL DEFAULT '0',
  `TransactionName` varchar(100) DEFAULT NULL,
  `QueueName` varchar(50) DEFAULT NULL,
  `SaleMode` tinyint(4) NOT NULL DEFAULT '0',
  `StartStaffID` int(11) NOT NULL DEFAULT '0',
  `StartDateTime` datetime DEFAULT NULL,
  `FinishStaffID` int(11) NOT NULL DEFAULT '0',
  `FinishDateTime` datetime DEFAULT NULL,
  `PickupStaffID` int(11) NOT NULL DEFAULT '0',
  `PickupDateTime` datetime DEFAULT NULL,
  `CancelStaffID` int(11) NOT NULL DEFAULT '0',
  `CancelDateTime` datetime DEFAULT NULL,
  `KDSStatus` tinyint(4) NOT NULL DEFAULT '0',
  `SaleDate` datetime DEFAULT NULL,
  `ShopID` int(11) NOT NULL DEFAULT '0',
  PRIMARY KEY (`TransactionID`,`ComputerID`)
) ENGINE=InnoDB DEFAULT CHARSET=utf8;
/*!40101 SET character_set_client = @saved_cs_client */;

--
-- Dumping data for table `kdstransactiondetailfront`
--

LOCK TABLES `kdstransactiondetailfront` WRITE;
/*!40000 ALTER TABLE `kdstransactiondetailfront` DISABLE KEYS */;
/*!40000 ALTER TABLE `kdstransactiondetailfront` ENABLE KEYS */;
UNLOCK TABLES;

--
-- Table structure for table `language`
--

DROP TABLE IF EXISTS `language`;
/*!40101 SET @saved_cs_client     = @@character_set_client */;
/*!40101 SET character_set_client = utf8 */;
CREATE TABLE `language` (
  `LangID` smallint(6) NOT NULL DEFAULT '0',
  `LangName` varchar(100) DEFAULT NULL,
  `LangCode` varchar(10) DEFAULT NULL,
  `LangFileLetter` varchar(10) DEFAULT NULL,
  `LangCultureString` varchar(10) DEFAULT NULL,
  `IsAvailable` tinyint(2) NOT NULL DEFAULT '0',
  `LargeCurrencyUnit` varchar(20) DEFAULT NULL,
  `SmallCurrencyUnit` varchar(20) DEFAULT NULL,
  PRIMARY KEY (`LangID`)
) ENGINE=InnoDB DEFAULT CHARSET=utf8;
/*!40101 SET character_set_client = @saved_cs_client */;

--
-- Dumping data for table `language`
--

LOCK TABLES `language` WRITE;
/*!40000 ALTER TABLE `language` DISABLE KEYS */;
INSERT INTO `language` VALUES (1,'English','en','en','en-US',1,NULL,NULL),(2,'Thailand','th','th','th-TH',1,NULL,NULL);
/*!40000 ALTER TABLE `language` ENABLE KEYS */;
UNLOCK TABLES;

--
-- Table structure for table `liveupdateconfig`
--

DROP TABLE IF EXISTS `liveupdateconfig`;
/*!40101 SET @saved_cs_client     = @@character_set_client */;
/*!40101 SET character_set_client = utf8 */;
CREATE TABLE `liveupdateconfig` (
  `ProgramTypeID` int(11) NOT NULL DEFAULT '0',
  `IPHQServer` varchar(50) NOT NULL DEFAULT '',
  `FTPUserName` varchar(50) DEFAULT NULL,
  `FTPPassword` varchar(50) DEFAULT NULL,
  `UpdateServerPath` varchar(100) DEFAULT NULL,
  `FileVersion` varchar(50) DEFAULT NULL,
  `LastUpdate` datetime DEFAULT NULL,
  PRIMARY KEY (`ProgramTypeID`)
) ENGINE=InnoDB DEFAULT CHARSET=utf8;
/*!40101 SET character_set_client = @saved_cs_client */;

--
-- Dumping data for table `liveupdateconfig`
--

LOCK TABLES `liveupdateconfig` WRITE;
/*!40000 ALTER TABLE `liveupdateconfig` DISABLE KEYS */;
/*!40000 ALTER TABLE `liveupdateconfig` ENABLE KEYS */;
UNLOCK TABLES;

--
-- Table structure for table `liveupdatehistory`
--

DROP TABLE IF EXISTS `liveupdatehistory`;
/*!40101 SET @saved_cs_client     = @@character_set_client */;
/*!40101 SET character_set_client = utf8 */;
CREATE TABLE `liveupdatehistory` (
  `HistoryID` int(11) NOT NULL AUTO_INCREMENT,
  `ProgramTypeID` int(11) NOT NULL DEFAULT '0',
  `ComputerID` int(11) NOT NULL DEFAULT '0',
  `IPClient` varchar(50) DEFAULT NULL,
  `FileVersion` varchar(100) DEFAULT NULL,
  `FileUpdate` datetime DEFAULT NULL,
  `UpdateDate` datetime DEFAULT NULL,
  `Result` tinyint(4) NOT NULL DEFAULT '0',
  `TextError` text,
  PRIMARY KEY (`HistoryID`)
) ENGINE=InnoDB DEFAULT CHARSET=utf8;
/*!40101 SET character_set_client = @saved_cs_client */;

--
-- Dumping data for table `liveupdatehistory`
--

LOCK TABLES `liveupdatehistory` WRITE;
/*!40000 ALTER TABLE `liveupdatehistory` DISABLE KEYS */;
/*!40000 ALTER TABLE `liveupdatehistory` ENABLE KEYS */;
UNLOCK TABLES;

--
-- Table structure for table `liveupdateprogramtype`
--

DROP TABLE IF EXISTS `liveupdateprogramtype`;
/*!40101 SET @saved_cs_client     = @@character_set_client */;
/*!40101 SET character_set_client = utf8 */;
CREATE TABLE `liveupdateprogramtype` (
  `ProgramTypeID` int(11) NOT NULL DEFAULT '0',
  `ProgramTypeName` varchar(50) DEFAULT NULL,
  PRIMARY KEY (`ProgramTypeID`)
) ENGINE=InnoDB DEFAULT CHARSET=utf8;
/*!40101 SET character_set_client = @saved_cs_client */;

--
-- Dumping data for table `liveupdateprogramtype`
--

LOCK TABLES `liveupdateprogramtype` WRITE;
/*!40000 ALTER TABLE `liveupdateprogramtype` DISABLE KEYS */;
INSERT INTO `liveupdateprogramtype` VALUES (0,'pRoMiSe Database'),(1,'pRoMiSeFront'),(2,'pRoMiSeInventory');
/*!40000 ALTER TABLE `liveupdateprogramtype` ENABLE KEYS */;
UNLOCK TABLES;

--
-- Table structure for table `log_receivedocument`
--

DROP TABLE IF EXISTS `log_receivedocument`;
/*!40101 SET @saved_cs_client     = @@character_set_client */;
/*!40101 SET character_set_client = utf8 */;
CREATE TABLE `log_receivedocument` (
  `id` int(11) NOT NULL AUTO_INCREMENT,
  `batch_no` varchar(100) DEFAULT NULL,
  `file_name` varchar(100) DEFAULT NULL,
  `po_no` varchar(35) DEFAULT NULL,
  `po_date` varchar(20) DEFAULT NULL,
  `invoice_no` varchar(35) DEFAULT NULL,
  `invoice_date` varchar(20) DEFAULT NULL,
  `vendor_code` varchar(20) DEFAULT NULL,
  `vendor_name` varchar(100) DEFAULT NULL,
  `amount` decimal(18,4) DEFAULT NULL,
  `doc_status` tinyint(4) DEFAULT NULL,
  `documentid` int(11) DEFAULT NULL,
  `documentshopid` int(11) DEFAULT NULL,
  `insetdate` datetime DEFAULT NULL,
  PRIMARY KEY (`id`)
) ENGINE=InnoDB DEFAULT CHARSET=tis620;
/*!40101 SET character_set_client = @saved_cs_client */;

--
-- Dumping data for table `log_receivedocument`
--

LOCK TABLES `log_receivedocument` WRITE;
/*!40000 ALTER TABLE `log_receivedocument` DISABLE KEYS */;
/*!40000 ALTER TABLE `log_receivedocument` ENABLE KEYS */;
UNLOCK TABLES;

--
-- Table structure for table `loyaltymemberinfo`
--

DROP TABLE IF EXISTS `loyaltymemberinfo`;
/*!40101 SET @saved_cs_client     = @@character_set_client */;
/*!40101 SET character_set_client = utf8 */;
CREATE TABLE `loyaltymemberinfo` (
  `MemberID` int(11) NOT NULL DEFAULT '0',
  `MemberTypeID` int(11) NOT NULL DEFAULT '0',
  `InsertDateTime` datetime DEFAULT NULL,
  `AuthenStatus` tinyint(2) DEFAULT '0',
  PRIMARY KEY (`MemberID`)
) ENGINE=InnoDB DEFAULT CHARSET=tis620;
/*!40101 SET character_set_client = @saved_cs_client */;

--
-- Dumping data for table `loyaltymemberinfo`
--

LOCK TABLES `loyaltymemberinfo` WRITE;
/*!40000 ALTER TABLE `loyaltymemberinfo` DISABLE KEYS */;
/*!40000 ALTER TABLE `loyaltymemberinfo` ENABLE KEYS */;
UNLOCK TABLES;

--
-- Table structure for table `loyaltymerchantproperty`
--

DROP TABLE IF EXISTS `loyaltymerchantproperty`;
/*!40101 SET @saved_cs_client     = @@character_set_client */;
/*!40101 SET character_set_client = utf8 */;
CREATE TABLE `loyaltymerchantproperty` (
  `MerchantID` int(11) NOT NULL DEFAULT '0',
  `MerchantCode` varchar(100) DEFAULT NULL,
  `MerchantName` varchar(200) DEFAULT NULL,
  PRIMARY KEY (`MerchantID`)
) ENGINE=InnoDB DEFAULT CHARSET=tis620;
/*!40101 SET character_set_client = @saved_cs_client */;

--
-- Dumping data for table `loyaltymerchantproperty`
--

LOCK TABLES `loyaltymerchantproperty` WRITE;
/*!40000 ALTER TABLE `loyaltymerchantproperty` DISABLE KEYS */;
INSERT INTO `loyaltymerchantproperty` VALUES (1003,'1003','pRoMiSe Live');
/*!40000 ALTER TABLE `loyaltymerchantproperty` ENABLE KEYS */;
UNLOCK TABLES;

--
-- Table structure for table `loyaltyresponselog`
--

DROP TABLE IF EXISTS `loyaltyresponselog`;
/*!40101 SET @saved_cs_client     = @@character_set_client */;
/*!40101 SET character_set_client = utf8 */;
CREATE TABLE `loyaltyresponselog` (
  `RequestID` varchar(100) NOT NULL,
  `FromResponse` tinyint(4) NOT NULL DEFAULT '0',
  `DataType` tinyint(4) NOT NULL DEFAULT '0',
  `ResponseStatus` int(11) NOT NULL DEFAULT '0' COMMENT '0=On Process,1=Success,99=Cancel',
  `ResponseText` text,
  `TimeStamp` datetime DEFAULT NULL,
  `Version` varchar(10) DEFAULT NULL
) ENGINE=InnoDB DEFAULT CHARSET=tis620;
/*!40101 SET character_set_client = @saved_cs_client */;

--
-- Dumping data for table `loyaltyresponselog`
--

LOCK TABLES `loyaltyresponselog` WRITE;
/*!40000 ALTER TABLE `loyaltyresponselog` DISABLE KEYS */;
/*!40000 ALTER TABLE `loyaltyresponselog` ENABLE KEYS */;
UNLOCK TABLES;

--
-- Table structure for table `loyaltyupdatevoucher`
--

DROP TABLE IF EXISTS `loyaltyupdatevoucher`;
/*!40101 SET @saved_cs_client     = @@character_set_client */;
/*!40101 SET character_set_client = utf8 */;
CREATE TABLE `loyaltyupdatevoucher` (
  `TransactionID` int(11) NOT NULL DEFAULT '0',
  `ComputerID` int(11) NOT NULL DEFAULT '0',
  `ShopID` int(11) NOT NULL DEFAULT '0',
  `SaleDate` date DEFAULT NULL,
  `MemberID` int(11) NOT NULL DEFAULT '0',
  `VoucherID` int(11) NOT NULL DEFAULT '0',
  `VoucherNumber` varchar(50) DEFAULT NULL,
  `VoucherExpiry` varchar(20) DEFAULT NULL,
  `VoucherStatus` tinyint(2) NOT NULL DEFAULT '0',
  `UpdateDateTime` datetime DEFAULT NULL,
  PRIMARY KEY (`TransactionID`,`ComputerID`)
) ENGINE=InnoDB DEFAULT CHARSET=tis620;
/*!40101 SET character_set_client = @saved_cs_client */;

--
-- Dumping data for table `loyaltyupdatevoucher`
--

LOCK TABLES `loyaltyupdatevoucher` WRITE;
/*!40000 ALTER TABLE `loyaltyupdatevoucher` DISABLE KEYS */;
/*!40000 ALTER TABLE `loyaltyupdatevoucher` ENABLE KEYS */;
UNLOCK TABLES;

--
-- Table structure for table `magneticcardreadersetting`
--

DROP TABLE IF EXISTS `magneticcardreadersetting`;
/*!40101 SET @saved_cs_client     = @@character_set_client */;
/*!40101 SET character_set_client = utf8 */;
CREATE TABLE `magneticcardreadersetting` (
  `ID` int(11) NOT NULL DEFAULT '0',
  `TrackDelimiterCharacter` char(3) DEFAULT NULL,
  `DataTrackNo` tinyint(4) NOT NULL DEFAULT '1',
  `MagneticReadingType` tinyint(4) NOT NULL DEFAULT '1',
  `StartDataPosition` tinyint(4) NOT NULL DEFAULT '1',
  `EndDataPosition` tinyint(4) NOT NULL DEFAULT '0',
  `PositionFromBack` tinyint(4) NOT NULL DEFAULT '0',
  `EndDataDelimiter` char(3) DEFAULT NULL,
  PRIMARY KEY (`ID`)
) ENGINE=InnoDB DEFAULT CHARSET=utf8;
/*!40101 SET character_set_client = @saved_cs_client */;

--
-- Dumping data for table `magneticcardreadersetting`
--

LOCK TABLES `magneticcardreadersetting` WRITE;
/*!40000 ALTER TABLE `magneticcardreadersetting` DISABLE KEYS */;
INSERT INTO `magneticcardreadersetting` VALUES (1,';',1,1,1,8,0,'');
/*!40000 ALTER TABLE `magneticcardreadersetting` ENABLE KEYS */;
UNLOCK TABLES;

--
-- Table structure for table `magneticcardreadertype`
--

DROP TABLE IF EXISTS `magneticcardreadertype`;
/*!40101 SET @saved_cs_client     = @@character_set_client */;
/*!40101 SET character_set_client = utf8 */;
CREATE TABLE `magneticcardreadertype` (
  `MagneticReadingType` tinyint(4) NOT NULL DEFAULT '1',
  `Description` varchar(100) DEFAULT NULL,
  PRIMARY KEY (`MagneticReadingType`)
) ENGINE=InnoDB DEFAULT CHARSET=utf8;
/*!40101 SET character_set_client = @saved_cs_client */;

--
-- Dumping data for table `magneticcardreadertype`
--

LOCK TABLES `magneticcardreadertype` WRITE;
/*!40000 ALTER TABLE `magneticcardreadertype` DISABLE KEYS */;
INSERT INTO `magneticcardreadertype` VALUES (1,'Get Data From Start Position To End Position'),(2,'Get Data From Start Position To NoPosition From Back'),(3,'Get Data From Start Position To End Data Delimiter');
/*!40000 ALTER TABLE `magneticcardreadertype` ENABLE KEYS */;
UNLOCK TABLES;

--
-- Table structure for table `mappingconvertmaterialbydeptdescription`
--

DROP TABLE IF EXISTS `mappingconvertmaterialbydeptdescription`;
/*!40101 SET @saved_cs_client     = @@character_set_client */;
/*!40101 SET character_set_client = utf8 */;
CREATE TABLE `mappingconvertmaterialbydeptdescription` (
  `ConvertTypeID` tinyint(4) NOT NULL DEFAULT '0',
  `Description` varchar(50) DEFAULT NULL,
  PRIMARY KEY (`ConvertTypeID`)
) ENGINE=InnoDB DEFAULT CHARSET=tis620;
/*!40101 SET character_set_client = @saved_cs_client */;

--
-- Dumping data for table `mappingconvertmaterialbydeptdescription`
--

LOCK TABLES `mappingconvertmaterialbydeptdescription` WRITE;
/*!40000 ALTER TABLE `mappingconvertmaterialbydeptdescription` DISABLE KEYS */;
/*!40000 ALTER TABLE `mappingconvertmaterialbydeptdescription` ENABLE KEYS */;
UNLOCK TABLES;

--
-- Table structure for table `mappingconvertmaterialbydeptsetting`
--

DROP TABLE IF EXISTS `mappingconvertmaterialbydeptsetting`;
/*!40101 SET @saved_cs_client     = @@character_set_client */;
/*!40101 SET character_set_client = utf8 */;
CREATE TABLE `mappingconvertmaterialbydeptsetting` (
  `ConvertMaterialDeptID` int(11) NOT NULL DEFAULT '0',
  `ConvertTypeID` tinyint(4) NOT NULL DEFAULT '0',
  PRIMARY KEY (`ConvertMaterialDeptID`,`ConvertTypeID`)
) ENGINE=InnoDB DEFAULT CHARSET=tis620;
/*!40101 SET character_set_client = @saved_cs_client */;

--
-- Dumping data for table `mappingconvertmaterialbydeptsetting`
--

LOCK TABLES `mappingconvertmaterialbydeptsetting` WRITE;
/*!40000 ALTER TABLE `mappingconvertmaterialbydeptsetting` DISABLE KEYS */;
/*!40000 ALTER TABLE `mappingconvertmaterialbydeptsetting` ENABLE KEYS */;
UNLOCK TABLES;

--
-- Table structure for table `mappingsessiondatagroupcode`
--

DROP TABLE IF EXISTS `mappingsessiondatagroupcode`;
/*!40101 SET @saved_cs_client     = @@character_set_client */;
/*!40101 SET character_set_client = utf8 */;
CREATE TABLE `mappingsessiondatagroupcode` (
  `MappingTypeID` tinyint(4) NOT NULL DEFAULT '0',
  `GroupCode` varchar(20) NOT NULL DEFAULT '',
  PRIMARY KEY (`MappingTypeID`,`GroupCode`)
) ENGINE=InnoDB DEFAULT CHARSET=utf8;
/*!40101 SET character_set_client = @saved_cs_client */;

--
-- Dumping data for table `mappingsessiondatagroupcode`
--

LOCK TABLES `mappingsessiondatagroupcode` WRITE;
/*!40000 ALTER TABLE `mappingsessiondatagroupcode` DISABLE KEYS */;
/*!40000 ALTER TABLE `mappingsessiondatagroupcode` ENABLE KEYS */;
UNLOCK TABLES;

--
-- Table structure for table `mappingsessiondatagroupcodetype`
--

DROP TABLE IF EXISTS `mappingsessiondatagroupcodetype`;
/*!40101 SET @saved_cs_client     = @@character_set_client */;
/*!40101 SET character_set_client = utf8 */;
CREATE TABLE `mappingsessiondatagroupcodetype` (
  `MappingTypeID` tinyint(4) NOT NULL DEFAULT '0',
  `DisplayName` varchar(50) DEFAULT NULL,
  `Description` varchar(100) DEFAULT NULL,
  `IsOtherIncome` tinyint(4) NOT NULL DEFAULT '0',
  PRIMARY KEY (`MappingTypeID`)
) ENGINE=InnoDB DEFAULT CHARSET=utf8;
/*!40101 SET character_set_client = @saved_cs_client */;

--
-- Dumping data for table `mappingsessiondatagroupcodetype`
--

LOCK TABLES `mappingsessiondatagroupcodetype` WRITE;
/*!40000 ALTER TABLE `mappingsessiondatagroupcodetype` DISABLE KEYS */;
INSERT INTO `mappingsessiondatagroupcodetype` VALUES (1,'Dine In','Summary For Dine In Product',0),(2,'Take Out','Summary All TakeAway Product',0),(3,'Net Other Income','Summary Other Income',1);
/*!40000 ALTER TABLE `mappingsessiondatagroupcodetype` ENABLE KEYS */;
UNLOCK TABLES;

--
-- Table structure for table `mappingsuppliermaterialcode`
--

DROP TABLE IF EXISTS `mappingsuppliermaterialcode`;
/*!40101 SET @saved_cs_client     = @@character_set_client */;
/*!40101 SET character_set_client = utf8 */;
CREATE TABLE `mappingsuppliermaterialcode` (
  `MaterialCode` varchar(50) NOT NULL DEFAULT '',
  `SupplierMaterialCode` varchar(50) NOT NULL DEFAULT '',
  `Supplier1Code` varchar(50) NOT NULL DEFAULT '',
  `Supplier2Code` varchar(50) DEFAULT NULL,
  `Supplier3Code` varchar(50) DEFAULT NULL,
  `Supplier4Code` varchar(50) DEFAULT NULL,
  `Supplier5Code` varchar(50) DEFAULT NULL,
  `UnitName` varchar(50) DEFAULT NULL,
  `PackSizeForPurchase` varchar(50) DEFAULT NULL,
  `Description` varchar(300) DEFAULT NULL,
  PRIMARY KEY (`SupplierMaterialCode`,`Supplier1Code`),
  KEY `MaterialCodeIndex` (`MaterialCode`)
) ENGINE=InnoDB DEFAULT CHARSET=tis620;
/*!40101 SET character_set_client = @saved_cs_client */;

--
-- Dumping data for table `mappingsuppliermaterialcode`
--

LOCK TABLES `mappingsuppliermaterialcode` WRITE;
/*!40000 ALTER TABLE `mappingsuppliermaterialcode` DISABLE KEYS */;
/*!40000 ALTER TABLE `mappingsuppliermaterialcode` ENABLE KEYS */;
UNLOCK TABLES;

--
-- Table structure for table `materialbarcodereadingsetting`
--

DROP TABLE IF EXISTS `materialbarcodereadingsetting`;
/*!40101 SET @saved_cs_client     = @@character_set_client */;
/*!40101 SET character_set_client = utf8 */;
CREATE TABLE `materialbarcodereadingsetting` (
  `ID` tinyint(4) NOT NULL DEFAULT '0',
  `MaterialCodeStartPosition` tinyint(4) NOT NULL DEFAULT '1',
  `MaterialCodeNoDigit` tinyint(4) NOT NULL DEFAULT '10',
  `AmountStartPosition` tinyint(4) NOT NULL DEFAULT '-1',
  `AmountNoDigit` tinyint(4) NOT NULL DEFAULT '0',
  `NoDecimalForAmount` tinyint(4) NOT NULL DEFAULT '0',
  `PriceStartPosition` tinyint(4) NOT NULL DEFAULT '-1',
  `PriceNoDigit` tinyint(4) NOT NULL DEFAULT '0',
  `NoDecimalForPrice` tinyint(4) NOT NULL DEFAULT '0',
  `IsTotalPriceInCode` tinyint(4) NOT NULL DEFAULT '1',
  PRIMARY KEY (`ID`)
) ENGINE=InnoDB DEFAULT CHARSET=utf8;
/*!40101 SET character_set_client = @saved_cs_client */;

--
-- Dumping data for table `materialbarcodereadingsetting`
--

LOCK TABLES `materialbarcodereadingsetting` WRITE;
/*!40000 ALTER TABLE `materialbarcodereadingsetting` DISABLE KEYS */;
/*!40000 ALTER TABLE `materialbarcodereadingsetting` ENABLE KEYS */;
UNLOCK TABLES;

--
-- Table structure for table `materialcomponent`
--

DROP TABLE IF EXISTS `materialcomponent`;
/*!40101 SET @saved_cs_client     = @@character_set_client */;
/*!40101 SET character_set_client = utf8 */;
CREATE TABLE `materialcomponent` (
  `MaterialID` int(11) NOT NULL DEFAULT '0',
  `SelMaterialID` int(11) NOT NULL DEFAULT '0',
  `MaterialAmount` decimal(18,8) DEFAULT NULL,
  `IsAutoReduceStock` tinyint(4) NOT NULL DEFAULT '0',
  `PrefinishLargeAmount` decimal(18,4) NOT NULL DEFAULT '0.0000',
  `PrefinishUnitLargeID` int(11) NOT NULL DEFAULT '0',
  `SelMaterialLargeAmount` decimal(18,4) NOT NULL DEFAULT '0.0000',
  `SelMaterialUnitLargeID` int(11) NOT NULL DEFAULT '0',
  PRIMARY KEY (`MaterialID`,`SelMaterialID`)
) ENGINE=InnoDB DEFAULT CHARSET=utf8;
/*!40101 SET character_set_client = @saved_cs_client */;

--
-- Dumping data for table `materialcomponent`
--

LOCK TABLES `materialcomponent` WRITE;
/*!40000 ALTER TABLE `materialcomponent` DISABLE KEYS */;
/*!40000 ALTER TABLE `materialcomponent` ENABLE KEYS */;
UNLOCK TABLES;

--
-- Table structure for table `materialcostgroup`
--

DROP TABLE IF EXISTS `materialcostgroup`;
/*!40101 SET @saved_cs_client     = @@character_set_client */;
/*!40101 SET character_set_client = utf8 */;
CREATE TABLE `materialcostgroup` (
  `MaterialCostGroupID` int(11) NOT NULL DEFAULT '0',
  `CostGroupName` varchar(50) DEFAULT NULL,
  `StartDate` date DEFAULT NULL,
  `EndDate` date DEFAULT NULL,
  `InsertStaffID` int(11) NOT NULL DEFAULT '0',
  `InsertDate` datetime DEFAULT NULL,
  `UpdateStaffID` int(11) NOT NULL DEFAULT '0',
  `UpdateDate` datetime DEFAULT NULL,
  PRIMARY KEY (`MaterialCostGroupID`)
) ENGINE=InnoDB DEFAULT CHARSET=utf8;
/*!40101 SET character_set_client = @saved_cs_client */;

--
-- Dumping data for table `materialcostgroup`
--

LOCK TABLES `materialcostgroup` WRITE;
/*!40000 ALTER TABLE `materialcostgroup` DISABLE KEYS */;
/*!40000 ALTER TABLE `materialcostgroup` ENABLE KEYS */;
UNLOCK TABLES;

--
-- Table structure for table `materialcostgrouplinkinventory`
--

DROP TABLE IF EXISTS `materialcostgrouplinkinventory`;
/*!40101 SET @saved_cs_client     = @@character_set_client */;
/*!40101 SET character_set_client = utf8 */;
CREATE TABLE `materialcostgrouplinkinventory` (
  `MaterialCostGroupID` int(11) NOT NULL DEFAULT '0',
  `InventoryID` int(11) NOT NULL DEFAULT '0',
  PRIMARY KEY (`MaterialCostGroupID`,`InventoryID`)
) ENGINE=InnoDB DEFAULT CHARSET=tis620;
/*!40101 SET character_set_client = @saved_cs_client */;

--
-- Dumping data for table `materialcostgrouplinkinventory`
--

LOCK TABLES `materialcostgrouplinkinventory` WRITE;
/*!40000 ALTER TABLE `materialcostgrouplinkinventory` DISABLE KEYS */;
/*!40000 ALTER TABLE `materialcostgrouplinkinventory` ENABLE KEYS */;
UNLOCK TABLES;

--
-- Table structure for table `materialcosttable`
--

DROP TABLE IF EXISTS `materialcosttable`;
/*!40101 SET @saved_cs_client     = @@character_set_client */;
/*!40101 SET character_set_client = utf8 */;
CREATE TABLE `materialcosttable` (
  `MaterialID` int(11) NOT NULL DEFAULT '0',
  `MaterialCostGroupID` int(11) NOT NULL DEFAULT '0',
  `SelectUnitLargeID` int(11) NOT NULL DEFAULT '0',
  `MaterialPrice` decimal(18,4) NOT NULL DEFAULT '0.0000',
  `UnitSmallID` int(11) NOT NULL DEFAULT '0',
  `UnitSmallRatio` decimal(18,4) NOT NULL DEFAULT '0.0000',
  PRIMARY KEY (`MaterialID`,`MaterialCostGroupID`)
) ENGINE=InnoDB DEFAULT CHARSET=utf8;
/*!40101 SET character_set_client = @saved_cs_client */;

--
-- Dumping data for table `materialcosttable`
--

LOCK TABLES `materialcosttable` WRITE;
/*!40000 ALTER TABLE `materialcosttable` DISABLE KEYS */;
/*!40000 ALTER TABLE `materialcosttable` ENABLE KEYS */;
UNLOCK TABLES;

--
-- Table structure for table `materialdataoverwrite`
--

DROP TABLE IF EXISTS `materialdataoverwrite`;
/*!40101 SET @saved_cs_client     = @@character_set_client */;
/*!40101 SET character_set_client = utf8 */;
CREATE TABLE `materialdataoverwrite` (
  `ProductLevelID` int(11) NOT NULL DEFAULT '0',
  `MaterialID` int(11) NOT NULL DEFAULT '0',
  `MinimumForRefillStock` decimal(18,4) NOT NULL DEFAULT '0.0000',
  `MaximumForRefillStock` decimal(18,4) NOT NULL DEFAULT '0.0000',
  PRIMARY KEY (`ProductLevelID`,`MaterialID`)
) ENGINE=InnoDB DEFAULT CHARSET=tis620;
/*!40101 SET character_set_client = @saved_cs_client */;

--
-- Dumping data for table `materialdataoverwrite`
--

LOCK TABLES `materialdataoverwrite` WRITE;
/*!40000 ALTER TABLE `materialdataoverwrite` DISABLE KEYS */;
/*!40000 ALTER TABLE `materialdataoverwrite` ENABLE KEYS */;
UNLOCK TABLES;

--
-- Table structure for table `materialdefaultprice`
--

DROP TABLE IF EXISTS `materialdefaultprice`;
/*!40101 SET @saved_cs_client     = @@character_set_client */;
/*!40101 SET character_set_client = utf8 */;
CREATE TABLE `materialdefaultprice` (
  `MaterialID` int(11) NOT NULL DEFAULT '0',
  `InventoryID` int(11) NOT NULL DEFAULT '1',
  `SelectUnitLargeID` int(11) NOT NULL DEFAULT '0',
  `DefaultPrice` decimal(20,10) NOT NULL DEFAULT '0.0000000000',
  `UnitSmallID` int(11) NOT NULL DEFAULT '0',
  `UnitSmallRatio` decimal(18,4) NOT NULL DEFAULT '0.0000',
  `UnitSmallAmount` decimal(18,4) NOT NULL DEFAULT '0.0000',
  PRIMARY KEY (`MaterialID`,`InventoryID`)
) ENGINE=InnoDB DEFAULT CHARSET=utf8;
/*!40101 SET character_set_client = @saved_cs_client */;

--
-- Dumping data for table `materialdefaultprice`
--

LOCK TABLES `materialdefaultprice` WRITE;
/*!40000 ALTER TABLE `materialdefaultprice` DISABLE KEYS */;
INSERT INTO `materialdefaultprice` VALUES (1,2,1,'100.0000000000',1,'1.0000','0.0000');
/*!40000 ALTER TABLE `materialdefaultprice` ENABLE KEYS */;
UNLOCK TABLES;

--
-- Table structure for table `materialdept`
--

DROP TABLE IF EXISTS `materialdept`;
/*!40101 SET @saved_cs_client     = @@character_set_client */;
/*!40101 SET character_set_client = utf8 */;
CREATE TABLE `materialdept` (
  `MaterialDeptID` int(11) NOT NULL DEFAULT '0',
  `MaterialGroupID` int(11) DEFAULT NULL,
  `MaterialDeptCode` varchar(50) DEFAULT NULL,
  `MaterialDeptName` varchar(50) DEFAULT NULL,
  `AddingFromBranch` int(11) NOT NULL DEFAULT '0',
  `Deleted` tinyint(2) NOT NULL DEFAULT '0',
  PRIMARY KEY (`MaterialDeptID`),
  KEY `MaterialDeptCodeIndex` (`MaterialDeptCode`)
) ENGINE=InnoDB DEFAULT CHARSET=utf8;
/*!40101 SET character_set_client = @saved_cs_client */;

--
-- Dumping data for table `materialdept`
--

LOCK TABLES `materialdept` WRITE;
/*!40000 ALTER TABLE `materialdept` DISABLE KEYS */;
INSERT INTO `materialdept` VALUES (1,1,'11','Meat(เนื้อสัตว์)',0,0),(2,1,'12','Seafood(อาหารทะเล)',0,0),(3,2,'21','Dried Food(ของแห้ง)',0,0),(4,2,'22','Condiment(เครื่องปรุง)',0,0),(5,3,'31','Drinks(เครื่องดื่ม)	',0,0),(6,3,'32','Alcohol(เครื่องดื่มมีแอลกอฮอล์	)',0,0);
/*!40000 ALTER TABLE `materialdept` ENABLE KEYS */;
UNLOCK TABLES;

--
-- Table structure for table `materialdeptforviewfrontsalestock`
--

DROP TABLE IF EXISTS `materialdeptforviewfrontsalestock`;
/*!40101 SET @saved_cs_client     = @@character_set_client */;
/*!40101 SET character_set_client = utf8 */;
CREATE TABLE `materialdeptforviewfrontsalestock` (
  `ProductLevelID` int(11) NOT NULL DEFAULT '0',
  `MaterialDeptID` int(11) NOT NULL DEFAULT '0',
  `Ordering` int(11) NOT NULL DEFAULT '0',
  PRIMARY KEY (`ProductLevelID`,`MaterialDeptID`)
) ENGINE=InnoDB DEFAULT CHARSET=utf8;
/*!40101 SET character_set_client = @saved_cs_client */;

--
-- Dumping data for table `materialdeptforviewfrontsalestock`
--

LOCK TABLES `materialdeptforviewfrontsalestock` WRITE;
/*!40000 ALTER TABLE `materialdeptforviewfrontsalestock` DISABLE KEYS */;
/*!40000 ALTER TABLE `materialdeptforviewfrontsalestock` ENABLE KEYS */;
UNLOCK TABLES;

--
-- Table structure for table `materialdocumenttypeselectsetting`
--

DROP TABLE IF EXISTS `materialdocumenttypeselectsetting`;
/*!40101 SET @saved_cs_client     = @@character_set_client */;
/*!40101 SET character_set_client = utf8 */;
CREATE TABLE `materialdocumenttypeselectsetting` (
  `SettingGroupID` int(11) NOT NULL DEFAULT '0',
  `DocumentTypeID` int(11) NOT NULL DEFAULT '0',
  `MaterialID` int(11) NOT NULL DEFAULT '0',
  PRIMARY KEY (`SettingGroupID`,`DocumentTypeID`,`MaterialID`)
) ENGINE=InnoDB DEFAULT CHARSET=utf8;
/*!40101 SET character_set_client = @saved_cs_client */;

--
-- Dumping data for table `materialdocumenttypeselectsetting`
--

LOCK TABLES `materialdocumenttypeselectsetting` WRITE;
/*!40000 ALTER TABLE `materialdocumenttypeselectsetting` DISABLE KEYS */;
/*!40000 ALTER TABLE `materialdocumenttypeselectsetting` ENABLE KEYS */;
UNLOCK TABLES;

--
-- Table structure for table `materialdocumenttypeselectsettinggroup`
--

DROP TABLE IF EXISTS `materialdocumenttypeselectsettinggroup`;
/*!40101 SET @saved_cs_client     = @@character_set_client */;
/*!40101 SET character_set_client = utf8 */;
CREATE TABLE `materialdocumenttypeselectsettinggroup` (
  `SettingGroupID` int(11) NOT NULL DEFAULT '0',
  `SettingGroupName` varchar(100) DEFAULT NULL,
  `SettingGroupNote` text,
  PRIMARY KEY (`SettingGroupID`)
) ENGINE=InnoDB DEFAULT CHARSET=utf8;
/*!40101 SET character_set_client = @saved_cs_client */;

--
-- Dumping data for table `materialdocumenttypeselectsettinggroup`
--

LOCK TABLES `materialdocumenttypeselectsettinggroup` WRITE;
/*!40000 ALTER TABLE `materialdocumenttypeselectsettinggroup` DISABLE KEYS */;
/*!40000 ALTER TABLE `materialdocumenttypeselectsettinggroup` ENABLE KEYS */;
UNLOCK TABLES;

--
-- Table structure for table `materialdocumenttypeselectsettingshop`
--

DROP TABLE IF EXISTS `materialdocumenttypeselectsettingshop`;
/*!40101 SET @saved_cs_client     = @@character_set_client */;
/*!40101 SET character_set_client = utf8 */;
CREATE TABLE `materialdocumenttypeselectsettingshop` (
  `SettingGroupID` int(11) NOT NULL DEFAULT '0',
  `ProductLevelID` int(11) NOT NULL DEFAULT '0',
  PRIMARY KEY (`SettingGroupID`,`ProductLevelID`)
) ENGINE=InnoDB DEFAULT CHARSET=utf8;
/*!40101 SET character_set_client = @saved_cs_client */;

--
-- Dumping data for table `materialdocumenttypeselectsettingshop`
--

LOCK TABLES `materialdocumenttypeselectsettingshop` WRITE;
/*!40000 ALTER TABLE `materialdocumenttypeselectsettingshop` DISABLE KEYS */;
/*!40000 ALTER TABLE `materialdocumenttypeselectsettingshop` ENABLE KEYS */;
UNLOCK TABLES;

--
-- Table structure for table `materialdocumenttypeunitsetting`
--

DROP TABLE IF EXISTS `materialdocumenttypeunitsetting`;
/*!40101 SET @saved_cs_client     = @@character_set_client */;
/*!40101 SET character_set_client = utf8 */;
CREATE TABLE `materialdocumenttypeunitsetting` (
  `SettingGroupID` int(11) NOT NULL DEFAULT '0',
  `DocumentTypeID` int(11) NOT NULL DEFAULT '0',
  `MaterialID` int(11) NOT NULL DEFAULT '0',
  `SelectUnitLargeID` int(11) NOT NULL DEFAULT '0',
  `UnitSmallID` int(11) NOT NULL DEFAULT '0',
  `IsDefault` tinyint(4) NOT NULL DEFAULT '0',
  `IsLockPrice` tinyint(4) NOT NULL DEFAULT '0',
  PRIMARY KEY (`SettingGroupID`,`DocumentTypeID`,`MaterialID`,`SelectUnitLargeID`)
) ENGINE=InnoDB DEFAULT CHARSET=utf8;
/*!40101 SET character_set_client = @saved_cs_client */;

--
-- Dumping data for table `materialdocumenttypeunitsetting`
--

LOCK TABLES `materialdocumenttypeunitsetting` WRITE;
/*!40000 ALTER TABLE `materialdocumenttypeunitsetting` DISABLE KEYS */;
INSERT INTO `materialdocumenttypeunitsetting` VALUES (1,0,1,1,1,1,0),(1,0,2,2,2,1,0),(1,0,2,3,2,0,0),(1,0,3,4,3,1,0),(1,1,1,1,1,1,0),(1,1,2,2,2,0,0),(1,1,2,3,2,1,0),(1,1,3,4,3,0,0),(1,1,3,5,3,0,0),(1,1,3,6,3,1,0),(1,3,1,1,1,1,0),(1,3,2,2,2,0,0),(1,3,2,3,2,1,0),(1,7,1,1,1,1,0),(1,7,2,2,2,0,0),(1,7,2,3,2,1,0),(1,7,3,4,3,1,0),(1,17,1,1,1,1,0),(1,17,2,2,2,0,0),(1,17,2,3,2,1,0),(1,26,1,1,1,1,0),(1,26,2,2,2,1,0),(1,26,2,3,2,0,0),(1,39,1,1,1,1,0),(1,39,2,2,2,0,0),(1,39,2,3,2,1,0),(1,39,3,4,3,0,0),(1,39,3,5,3,0,0),(1,39,3,6,3,1,0);
/*!40000 ALTER TABLE `materialdocumenttypeunitsetting` ENABLE KEYS */;
UNLOCK TABLES;

--
-- Table structure for table `materialdocumenttypeunitsettinggroup`
--

DROP TABLE IF EXISTS `materialdocumenttypeunitsettinggroup`;
/*!40101 SET @saved_cs_client     = @@character_set_client */;
/*!40101 SET character_set_client = utf8 */;
CREATE TABLE `materialdocumenttypeunitsettinggroup` (
  `SettingGroupID` int(11) NOT NULL DEFAULT '0',
  `SettingGroupName` varchar(100) DEFAULT NULL,
  `SettingGroupNote` text,
  PRIMARY KEY (`SettingGroupID`)
) ENGINE=InnoDB DEFAULT CHARSET=utf8;
/*!40101 SET character_set_client = @saved_cs_client */;

--
-- Dumping data for table `materialdocumenttypeunitsettinggroup`
--

LOCK TABLES `materialdocumenttypeunitsettinggroup` WRITE;
/*!40000 ALTER TABLE `materialdocumenttypeunitsettinggroup` DISABLE KEYS */;
INSERT INTO `materialdocumenttypeunitsettinggroup` VALUES (1,'Setting Unit For All Shops','');
/*!40000 ALTER TABLE `materialdocumenttypeunitsettinggroup` ENABLE KEYS */;
UNLOCK TABLES;

--
-- Table structure for table `materialdocumenttypeunitsettingshop`
--

DROP TABLE IF EXISTS `materialdocumenttypeunitsettingshop`;
/*!40101 SET @saved_cs_client     = @@character_set_client */;
/*!40101 SET character_set_client = utf8 */;
CREATE TABLE `materialdocumenttypeunitsettingshop` (
  `SettingGroupID` int(11) NOT NULL DEFAULT '0',
  `ProductLevelID` int(11) NOT NULL DEFAULT '0',
  PRIMARY KEY (`SettingGroupID`,`ProductLevelID`)
) ENGINE=InnoDB DEFAULT CHARSET=utf8;
/*!40101 SET character_set_client = @saved_cs_client */;

--
-- Dumping data for table `materialdocumenttypeunitsettingshop`
--

LOCK TABLES `materialdocumenttypeunitsettingshop` WRITE;
/*!40000 ALTER TABLE `materialdocumenttypeunitsettingshop` DISABLE KEYS */;
INSERT INTO `materialdocumenttypeunitsettingshop` VALUES (1,1),(1,2);
/*!40000 ALTER TABLE `materialdocumenttypeunitsettingshop` ENABLE KEYS */;
UNLOCK TABLES;

--
-- Table structure for table `materialgroup`
--

DROP TABLE IF EXISTS `materialgroup`;
/*!40101 SET @saved_cs_client     = @@character_set_client */;
/*!40101 SET character_set_client = utf8 */;
CREATE TABLE `materialgroup` (
  `MaterialGroupID` int(11) NOT NULL DEFAULT '0',
  `MaterialGroupType` int(11) NOT NULL DEFAULT '0',
  `MaterialLevelID` int(11) DEFAULT NULL,
  `MaterialGroupCode` varchar(50) DEFAULT NULL,
  `MaterialGroupName` varchar(50) DEFAULT NULL,
  `AddingFromBranch` int(11) NOT NULL DEFAULT '0',
  `Deleted` tinyint(2) NOT NULL DEFAULT '0',
  PRIMARY KEY (`MaterialGroupID`)
) ENGINE=InnoDB DEFAULT CHARSET=utf8;
/*!40101 SET character_set_client = @saved_cs_client */;

--
-- Dumping data for table `materialgroup`
--

LOCK TABLES `materialgroup` WRITE;
/*!40000 ALTER TABLE `materialgroup` DISABLE KEYS */;
INSERT INTO `materialgroup` VALUES (1,0,1,'1','Fresh Food(ของสด)',0,0),(2,0,1,'2','Dried Food(ของแห้ง)',0,0),(3,0,1,'3','Drinks(เครื่องดื่ม)',0,0);
/*!40000 ALTER TABLE `materialgroup` ENABLE KEYS */;
UNLOCK TABLES;

--
-- Table structure for table `materialgroupsettingstockcountamount`
--

DROP TABLE IF EXISTS `materialgroupsettingstockcountamount`;
/*!40101 SET @saved_cs_client     = @@character_set_client */;
/*!40101 SET character_set_client = utf8 */;
CREATE TABLE `materialgroupsettingstockcountamount` (
  `ProductLevelID` int(11) NOT NULL DEFAULT '0',
  `ShopID` int(11) NOT NULL DEFAULT '0',
  `MaterialGroupID` int(11) NOT NULL DEFAULT '0'
) ENGINE=InnoDB DEFAULT CHARSET=utf8;
/*!40101 SET character_set_client = @saved_cs_client */;

--
-- Dumping data for table `materialgroupsettingstockcountamount`
--

LOCK TABLES `materialgroupsettingstockcountamount` WRITE;
/*!40000 ALTER TABLE `materialgroupsettingstockcountamount` DISABLE KEYS */;
/*!40000 ALTER TABLE `materialgroupsettingstockcountamount` ENABLE KEYS */;
UNLOCK TABLES;

--
-- Table structure for table `materialgrouptype`
--

DROP TABLE IF EXISTS `materialgrouptype`;
/*!40101 SET @saved_cs_client     = @@character_set_client */;
/*!40101 SET character_set_client = utf8 */;
CREATE TABLE `materialgrouptype` (
  `MaterialGroupTypeID` int(11) NOT NULL DEFAULT '0',
  `Description` varchar(100) DEFAULT NULL,
  PRIMARY KEY (`MaterialGroupTypeID`)
) ENGINE=InnoDB DEFAULT CHARSET=utf8;
/*!40101 SET character_set_client = @saved_cs_client */;

--
-- Dumping data for table `materialgrouptype`
--

LOCK TABLES `materialgrouptype` WRITE;
/*!40000 ALTER TABLE `materialgrouptype` DISABLE KEYS */;
INSERT INTO `materialgrouptype` VALUES (0,'Normal Material');
/*!40000 ALTER TABLE `materialgrouptype` ENABLE KEYS */;
UNLOCK TABLES;

--
-- Table structure for table `materiallastorderamount`
--

DROP TABLE IF EXISTS `materiallastorderamount`;
/*!40101 SET @saved_cs_client     = @@character_set_client */;
/*!40101 SET character_set_client = utf8 */;
CREATE TABLE `materiallastorderamount` (
  `MaterialID` int(11) NOT NULL DEFAULT '0',
  `InventoryID` int(11) NOT NULL DEFAULT '0',
  `DocumentTypeID` int(11) NOT NULL DEFAULT '0',
  `UnitSmallAmount` decimal(18,4) NOT NULL DEFAULT '0.0000',
  `MaterialNetPrice` decimal(18,4) NOT NULL DEFAULT '0.0000',
  `MaterialVAT` decimal(18,4) NOT NULL DEFAULT '0.0000',
  `MaterialLastDate` datetime DEFAULT NULL,
  PRIMARY KEY (`MaterialID`,`InventoryID`,`DocumentTypeID`)
) ENGINE=InnoDB DEFAULT CHARSET=tis620;
/*!40101 SET character_set_client = @saved_cs_client */;

--
-- Dumping data for table `materiallastorderamount`
--

LOCK TABLES `materiallastorderamount` WRITE;
/*!40000 ALTER TABLE `materiallastorderamount` DISABLE KEYS */;
INSERT INTO `materiallastorderamount` VALUES (1,2,39,'1.0000','93.4579','6.5421','2013-11-06 00:00:00');
/*!40000 ALTER TABLE `materiallastorderamount` ENABLE KEYS */;
UNLOCK TABLES;

--
-- Table structure for table `materiallevel`
--

DROP TABLE IF EXISTS `materiallevel`;
/*!40101 SET @saved_cs_client     = @@character_set_client */;
/*!40101 SET character_set_client = utf8 */;
CREATE TABLE `materiallevel` (
  `MaterialLevelID` int(11) NOT NULL DEFAULT '0',
  `MaterialLevelCode` varchar(50) DEFAULT NULL,
  `MaterialLevelName` varchar(50) DEFAULT NULL,
  `Deleted` tinyint(2) NOT NULL DEFAULT '0',
  PRIMARY KEY (`MaterialLevelID`)
) ENGINE=InnoDB DEFAULT CHARSET=utf8;
/*!40101 SET character_set_client = @saved_cs_client */;

--
-- Dumping data for table `materiallevel`
--

LOCK TABLES `materiallevel` WRITE;
/*!40000 ALTER TABLE `materiallevel` DISABLE KEYS */;
INSERT INTO `materiallevel` VALUES (1,'0','Main Category',0);
/*!40000 ALTER TABLE `materiallevel` ENABLE KEYS */;
UNLOCK TABLES;

--
-- Table structure for table `materialprice`
--

DROP TABLE IF EXISTS `materialprice`;
/*!40101 SET @saved_cs_client     = @@character_set_client */;
/*!40101 SET character_set_client = utf8 */;
CREATE TABLE `materialprice` (
  `MaterialPriceID` int(11) NOT NULL DEFAULT '0',
  `MaterialID` int(11) DEFAULT NULL,
  `MaterialPrice` decimal(18,4) DEFAULT NULL,
  PRIMARY KEY (`MaterialPriceID`)
) ENGINE=InnoDB DEFAULT CHARSET=utf8;
/*!40101 SET character_set_client = @saved_cs_client */;

--
-- Dumping data for table `materialprice`
--

LOCK TABLES `materialprice` WRITE;
/*!40000 ALTER TABLE `materialprice` DISABLE KEYS */;
/*!40000 ALTER TABLE `materialprice` ENABLE KEYS */;
UNLOCK TABLES;

--
-- Table structure for table `materials`
--

DROP TABLE IF EXISTS `materials`;
/*!40101 SET @saved_cs_client     = @@character_set_client */;
/*!40101 SET character_set_client = utf8 */;
CREATE TABLE `materials` (
  `MaterialID` int(11) NOT NULL DEFAULT '0',
  `MaterialDeptID` int(11) DEFAULT NULL,
  `MaterialCode` varchar(50) DEFAULT NULL,
  `MaterialBarCode` varchar(50) DEFAULT NULL,
  `MaterialTypeID` tinyint(4) DEFAULT NULL,
  `MaterialName` varchar(100) DEFAULT NULL,
  `MaterialCost` decimal(18,4) DEFAULT NULL,
  `UnitLargeID` int(11) NOT NULL DEFAULT '0',
  `Deleted` tinyint(2) NOT NULL DEFAULT '0',
  `InsertDate` datetime DEFAULT NULL,
  `UpdateDate` datetime DEFAULT NULL,
  `MaterialTaxType` tinyint(4) NOT NULL DEFAULT '0',
  `MinimumStock` decimal(18,4) NOT NULL DEFAULT '0.0000',
  `MaximumForRefillStock` decimal(18,4) NOT NULL DEFAULT '0.0000',
  `UnitSmallID` int(11) NOT NULL DEFAULT '0',
  `StockType` tinyint(4) NOT NULL DEFAULT '0',
  `AutoUpdateMaterialPrice` tinyint(2) NOT NULL DEFAULT '0',
  `AddingFromBranch` int(11) NOT NULL DEFAULT '0',
  `DailyCount` tinyint(4) NOT NULL DEFAULT '0',
  `WeeklyCount` tinyint(4) NOT NULL DEFAULT '0',
  `MonthlyCount` tinyint(4) NOT NULL DEFAULT '0',
  `POCount` tinyint(4) NOT NULL DEFAULT '0',
  `StoreCode` varchar(20) DEFAULT NULL,
  PRIMARY KEY (`MaterialID`)
) ENGINE=InnoDB DEFAULT CHARSET=utf8;
/*!40101 SET character_set_client = @saved_cs_client */;

--
-- Dumping data for table `materials`
--

LOCK TABLES `materials` WRITE;
/*!40000 ALTER TABLE `materials` DISABLE KEYS */;
INSERT INTO `materials` VALUES (1,1,'1101',NULL,1,'ปลา','0.0000',0,0,'2013-09-18 13:28:48','2014-01-23 11:34:53',0,'0.0000','0.0000',1,0,1,0,0,0,0,0,NULL),(2,1,'1102',NULL,1,'เนื้อหมู','0.0000',0,0,'2013-09-18 13:29:46','2014-01-23 11:35:41',0,'0.0000','0.0000',2,0,1,0,0,0,0,0,NULL),(3,5,'3101',NULL,1,'Coke','0.0000',0,0,'2013-09-18 13:31:41','2014-01-23 11:34:15',2,'0.0000','0.0000',3,0,1,0,0,0,0,0,NULL),(4,6,'3201',NULL,1,'Beer','0.0000',0,0,'2013-11-06 17:47:41','2014-01-23 11:34:43',2,'0.0000','0.0000',4,0,1,0,0,0,0,0,NULL);
/*!40000 ALTER TABLE `materials` ENABLE KEYS */;
UNLOCK TABLES;

--
-- Table structure for table `materialtransferpricegroup`
--

DROP TABLE IF EXISTS `materialtransferpricegroup`;
/*!40101 SET @saved_cs_client     = @@character_set_client */;
/*!40101 SET character_set_client = utf8 */;
CREATE TABLE `materialtransferpricegroup` (
  `MaterialCostGroupID` int(11) NOT NULL DEFAULT '0',
  `CostGroupName` varchar(50) DEFAULT NULL,
  `StartDate` date DEFAULT NULL,
  `EndDate` date DEFAULT NULL,
  `InsertStaffID` int(11) NOT NULL DEFAULT '0',
  `InsertDate` datetime DEFAULT NULL,
  `UpdateStaffID` int(11) NOT NULL DEFAULT '0',
  `UpdateDate` datetime DEFAULT NULL,
  PRIMARY KEY (`MaterialCostGroupID`)
) ENGINE=InnoDB DEFAULT CHARSET=tis620;
/*!40101 SET character_set_client = @saved_cs_client */;

--
-- Dumping data for table `materialtransferpricegroup`
--

LOCK TABLES `materialtransferpricegroup` WRITE;
/*!40000 ALTER TABLE `materialtransferpricegroup` DISABLE KEYS */;
/*!40000 ALTER TABLE `materialtransferpricegroup` ENABLE KEYS */;
UNLOCK TABLES;

--
-- Table structure for table `materialtransferpricegrouplinkinventory`
--

DROP TABLE IF EXISTS `materialtransferpricegrouplinkinventory`;
/*!40101 SET @saved_cs_client     = @@character_set_client */;
/*!40101 SET character_set_client = utf8 */;
CREATE TABLE `materialtransferpricegrouplinkinventory` (
  `MaterialCostGroupID` int(11) NOT NULL DEFAULT '0',
  `InventoryID` int(11) NOT NULL DEFAULT '0',
  PRIMARY KEY (`MaterialCostGroupID`,`InventoryID`)
) ENGINE=InnoDB DEFAULT CHARSET=tis620;
/*!40101 SET character_set_client = @saved_cs_client */;

--
-- Dumping data for table `materialtransferpricegrouplinkinventory`
--

LOCK TABLES `materialtransferpricegrouplinkinventory` WRITE;
/*!40000 ALTER TABLE `materialtransferpricegrouplinkinventory` DISABLE KEYS */;
/*!40000 ALTER TABLE `materialtransferpricegrouplinkinventory` ENABLE KEYS */;
UNLOCK TABLES;

--
-- Table structure for table `materialtransferpricetable`
--

DROP TABLE IF EXISTS `materialtransferpricetable`;
/*!40101 SET @saved_cs_client     = @@character_set_client */;
/*!40101 SET character_set_client = utf8 */;
CREATE TABLE `materialtransferpricetable` (
  `MaterialID` int(11) NOT NULL DEFAULT '0',
  `MaterialCostGroupID` int(11) NOT NULL DEFAULT '0',
  `SelectUnitLargeID` int(11) NOT NULL DEFAULT '0',
  `MaterialPrice` decimal(18,4) NOT NULL DEFAULT '0.0000',
  `UnitSmallID` int(11) NOT NULL DEFAULT '0',
  `UnitSmallRatio` decimal(18,4) NOT NULL DEFAULT '0.0000',
  PRIMARY KEY (`MaterialID`,`MaterialCostGroupID`)
) ENGINE=InnoDB DEFAULT CHARSET=tis620;
/*!40101 SET character_set_client = @saved_cs_client */;

--
-- Dumping data for table `materialtransferpricetable`
--

LOCK TABLES `materialtransferpricetable` WRITE;
/*!40000 ALTER TABLE `materialtransferpricetable` DISABLE KEYS */;
/*!40000 ALTER TABLE `materialtransferpricetable` ENABLE KEYS */;
UNLOCK TABLES;

--
-- Table structure for table `materialtype`
--

DROP TABLE IF EXISTS `materialtype`;
/*!40101 SET @saved_cs_client     = @@character_set_client */;
/*!40101 SET character_set_client = utf8 */;
CREATE TABLE `materialtype` (
  `ID` int(11) NOT NULL DEFAULT '0',
  `MaterialTypeID` int(11) NOT NULL DEFAULT '0',
  `MaterialTypeName` varchar(50) DEFAULT NULL,
  `LangID` smallint(6) DEFAULT NULL,
  PRIMARY KEY (`ID`)
) ENGINE=InnoDB DEFAULT CHARSET=utf8;
/*!40101 SET character_set_client = @saved_cs_client */;

--
-- Dumping data for table `materialtype`
--

LOCK TABLES `materialtype` WRITE;
/*!40000 ALTER TABLE `materialtype` DISABLE KEYS */;
INSERT INTO `materialtype` VALUES (1,1,'Material',1),(2,1,'วัตถุดิบ',2),(3,2,'Pre-Finished Material',1),(4,2,'วัตถุดิบที่มีการเตรียมไว้ก่อน',2);
/*!40000 ALTER TABLE `materialtype` ENABLE KEYS */;
UNLOCK TABLES;

--
-- Table structure for table `materialunitforimportexportdata`
--

DROP TABLE IF EXISTS `materialunitforimportexportdata`;
/*!40101 SET @saved_cs_client     = @@character_set_client */;
/*!40101 SET character_set_client = utf8 */;
CREATE TABLE `materialunitforimportexportdata` (
  `MaterialID` int(11) NOT NULL DEFAULT '0',
  `UnitLargeID` int(11) NOT NULL DEFAULT '0',
  PRIMARY KEY (`MaterialID`)
) ENGINE=InnoDB DEFAULT CHARSET=utf8;
/*!40101 SET character_set_client = @saved_cs_client */;

--
-- Dumping data for table `materialunitforimportexportdata`
--

LOCK TABLES `materialunitforimportexportdata` WRITE;
/*!40000 ALTER TABLE `materialunitforimportexportdata` DISABLE KEYS */;
/*!40000 ALTER TABLE `materialunitforimportexportdata` ENABLE KEYS */;
UNLOCK TABLES;

--
-- Table structure for table `materialyieldsetting`
--

DROP TABLE IF EXISTS `materialyieldsetting`;
/*!40101 SET @saved_cs_client     = @@character_set_client */;
/*!40101 SET character_set_client = utf8 */;
CREATE TABLE `materialyieldsetting` (
  `MaterialID` int(11) NOT NULL DEFAULT '0',
  `ReceiveLargeAmount` decimal(18,4) NOT NULL DEFAULT '0.0000',
  `YieldLargeAmount` decimal(18,4) NOT NULL DEFAULT '0.0000',
  `MaterialUnitLargeID` int(11) NOT NULL DEFAULT '0',
  PRIMARY KEY (`MaterialID`)
) ENGINE=InnoDB DEFAULT CHARSET=utf8;
/*!40101 SET character_set_client = @saved_cs_client */;

--
-- Dumping data for table `materialyieldsetting`
--

LOCK TABLES `materialyieldsetting` WRITE;
/*!40000 ALTER TABLE `materialyieldsetting` DISABLE KEYS */;
/*!40000 ALTER TABLE `materialyieldsetting` ENABLE KEYS */;
UNLOCK TABLES;

--
-- Table structure for table `maxcheckerordernumber`
--

DROP TABLE IF EXISTS `maxcheckerordernumber`;
/*!40101 SET @saved_cs_client     = @@character_set_client */;
/*!40101 SET character_set_client = utf8 */;
CREATE TABLE `maxcheckerordernumber` (
  `ProductLevelID` int(11) NOT NULL DEFAULT '0',
  `OrderDate` date NOT NULL DEFAULT '0000-00-00',
  `OrderNo` int(11) NOT NULL DEFAULT '0',
  `ForKDS` tinyint(4) NOT NULL DEFAULT '0',
  PRIMARY KEY (`ProductLevelID`,`OrderDate`,`ForKDS`)
) ENGINE=InnoDB DEFAULT CHARSET=utf8;
/*!40101 SET character_set_client = @saved_cs_client */;

--
-- Dumping data for table `maxcheckerordernumber`
--

LOCK TABLES `maxcheckerordernumber` WRITE;
/*!40000 ALTER TABLE `maxcheckerordernumber` DISABLE KEYS */;
/*!40000 ALTER TABLE `maxcheckerordernumber` ENABLE KEYS */;
UNLOCK TABLES;

--
-- Table structure for table `maxdocumentid`
--

DROP TABLE IF EXISTS `maxdocumentid`;
/*!40101 SET @saved_cs_client     = @@character_set_client */;
/*!40101 SET character_set_client = utf8 */;
CREATE TABLE `maxdocumentid` (
  `ShopID` int(11) NOT NULL DEFAULT '0',
  `IsDocumentOrBatch` tinyint(4) NOT NULL DEFAULT '0',
  `MaxDocumentID` int(11) NOT NULL DEFAULT '0',
  PRIMARY KEY (`ShopID`,`IsDocumentOrBatch`)
) ENGINE=InnoDB DEFAULT CHARSET=utf8;
/*!40101 SET character_set_client = @saved_cs_client */;

--
-- Dumping data for table `maxdocumentid`
--

LOCK TABLES `maxdocumentid` WRITE;
/*!40000 ALTER TABLE `maxdocumentid` DISABLE KEYS */;
/*!40000 ALTER TABLE `maxdocumentid` ENABLE KEYS */;
UNLOCK TABLES;

--
-- Table structure for table `maxdocumentnumber`
--

DROP TABLE IF EXISTS `maxdocumentnumber`;
/*!40101 SET @saved_cs_client     = @@character_set_client */;
/*!40101 SET character_set_client = utf8 */;
CREATE TABLE `maxdocumentnumber` (
  `ShopID` int(11) NOT NULL DEFAULT '0',
  `DocType` int(11) NOT NULL DEFAULT '0',
  `IsDocumentOrBatch` tinyint(4) NOT NULL DEFAULT '0',
  `DocumentYear` int(11) NOT NULL DEFAULT '0',
  `DocumentMonth` int(11) NOT NULL DEFAULT '0',
  `MaxDocumentNumber` int(11) NOT NULL DEFAULT '0',
  PRIMARY KEY (`ShopID`,`DocType`,`IsDocumentOrBatch`,`DocumentYear`,`DocumentMonth`)
) ENGINE=InnoDB DEFAULT CHARSET=utf8;
/*!40101 SET character_set_client = @saved_cs_client */;

--
-- Dumping data for table `maxdocumentnumber`
--

LOCK TABLES `maxdocumentnumber` WRITE;
/*!40000 ALTER TABLE `maxdocumentnumber` DISABLE KEYS */;
/*!40000 ALTER TABLE `maxdocumentnumber` ENABLE KEYS */;
UNLOCK TABLES;

--
-- Table structure for table `maxidbycomputer`
--

DROP TABLE IF EXISTS `maxidbycomputer`;
/*!40101 SET @saved_cs_client     = @@character_set_client */;
/*!40101 SET character_set_client = utf8 */;
CREATE TABLE `maxidbycomputer` (
  `ComputerID` int(11) NOT NULL DEFAULT '0',
  `ForIDType` tinyint(4) NOT NULL DEFAULT '0',
  `MaxID` int(11) NOT NULL DEFAULT '0',
  PRIMARY KEY (`ComputerID`,`ForIDType`)
) ENGINE=InnoDB DEFAULT CHARSET=utf8;
/*!40101 SET character_set_client = @saved_cs_client */;

--
-- Dumping data for table `maxidbycomputer`
--

LOCK TABLES `maxidbycomputer` WRITE;
/*!40000 ALTER TABLE `maxidbycomputer` DISABLE KEYS */;
/*!40000 ALTER TABLE `maxidbycomputer` ENABLE KEYS */;
UNLOCK TABLES;

--
-- Table structure for table `maxidbycomputeridtype`
--

DROP TABLE IF EXISTS `maxidbycomputeridtype`;
/*!40101 SET @saved_cs_client     = @@character_set_client */;
/*!40101 SET character_set_client = utf8 */;
CREATE TABLE `maxidbycomputeridtype` (
  `ForIDType` tinyint(4) NOT NULL DEFAULT '0',
  `Description` varchar(50) DEFAULT NULL,
  PRIMARY KEY (`ForIDType`)
) ENGINE=InnoDB DEFAULT CHARSET=utf8;
/*!40101 SET character_set_client = @saved_cs_client */;

--
-- Dumping data for table `maxidbycomputeridtype`
--

LOCK TABLES `maxidbycomputeridtype` WRITE;
/*!40000 ALTER TABLE `maxidbycomputeridtype` DISABLE KEYS */;
INSERT INTO `maxidbycomputeridtype` VALUES (0,'Cash Out Transaction');
/*!40000 ALTER TABLE `maxidbycomputeridtype` ENABLE KEYS */;
UNLOCK TABLES;

--
-- Table structure for table `maxmembercode`
--

DROP TABLE IF EXISTS `maxmembercode`;
/*!40101 SET @saved_cs_client     = @@character_set_client */;
/*!40101 SET character_set_client = utf8 */;
CREATE TABLE `maxmembercode` (
  `MemberGroupID` int(11) NOT NULL DEFAULT '0',
  `MemberMonth` tinyint(4) NOT NULL DEFAULT '0',
  `MemberYear` int(11) NOT NULL DEFAULT '0',
  `MaxCodeNumber` int(11) NOT NULL DEFAULT '0',
  PRIMARY KEY (`MemberGroupID`,`MemberMonth`,`MemberYear`)
) ENGINE=InnoDB DEFAULT CHARSET=utf8;
/*!40101 SET character_set_client = @saved_cs_client */;

--
-- Dumping data for table `maxmembercode`
--

LOCK TABLES `maxmembercode` WRITE;
/*!40000 ALTER TABLE `maxmembercode` DISABLE KEYS */;
/*!40000 ALTER TABLE `maxmembercode` ENABLE KEYS */;
UNLOCK TABLES;

--
-- Table structure for table `maxorderprocessid`
--

DROP TABLE IF EXISTS `maxorderprocessid`;
/*!40101 SET @saved_cs_client     = @@character_set_client */;
/*!40101 SET character_set_client = utf8 */;
CREATE TABLE `maxorderprocessid` (
  `ProductLevelID` int(11) NOT NULL DEFAULT '0',
  `ProcessID` int(11) NOT NULL DEFAULT '0',
  PRIMARY KEY (`ProductLevelID`)
) ENGINE=InnoDB DEFAULT CHARSET=utf8;
/*!40101 SET character_set_client = @saved_cs_client */;

--
-- Dumping data for table `maxorderprocessid`
--

LOCK TABLES `maxorderprocessid` WRITE;
/*!40000 ALTER TABLE `maxorderprocessid` DISABLE KEYS */;
/*!40000 ALTER TABLE `maxorderprocessid` ENABLE KEYS */;
UNLOCK TABLES;

--
-- Table structure for table `maxrecordordertransactionid`
--

DROP TABLE IF EXISTS `maxrecordordertransactionid`;
/*!40101 SET @saved_cs_client     = @@character_set_client */;
/*!40101 SET character_set_client = utf8 */;
CREATE TABLE `maxrecordordertransactionid` (
  `MaxRecordID` int(11) NOT NULL DEFAULT '0',
  PRIMARY KEY (`MaxRecordID`)
) ENGINE=InnoDB DEFAULT CHARSET=utf8;
/*!40101 SET character_set_client = @saved_cs_client */;

--
-- Dumping data for table `maxrecordordertransactionid`
--

LOCK TABLES `maxrecordordertransactionid` WRITE;
/*!40000 ALTER TABLE `maxrecordordertransactionid` DISABLE KEYS */;
INSERT INTO `maxrecordordertransactionid` VALUES (24);
/*!40000 ALTER TABLE `maxrecordordertransactionid` ENABLE KEYS */;
UNLOCK TABLES;

--
-- Table structure for table `maxrewardpointhistoryid`
--

DROP TABLE IF EXISTS `maxrewardpointhistoryid`;
/*!40101 SET @saved_cs_client     = @@character_set_client */;
/*!40101 SET character_set_client = utf8 */;
CREATE TABLE `maxrewardpointhistoryid` (
  `MaxHistoryID` int(11) NOT NULL DEFAULT '0',
  `ComputerID` int(11) NOT NULL DEFAULT '0',
  PRIMARY KEY (`MaxHistoryID`,`ComputerID`)
) ENGINE=InnoDB DEFAULT CHARSET=utf8;
/*!40101 SET character_set_client = @saved_cs_client */;

--
-- Dumping data for table `maxrewardpointhistoryid`
--

LOCK TABLES `maxrewardpointhistoryid` WRITE;
/*!40000 ALTER TABLE `maxrewardpointhistoryid` DISABLE KEYS */;
/*!40000 ALTER TABLE `maxrewardpointhistoryid` ENABLE KEYS */;
UNLOCK TABLES;

--
-- Table structure for table `maxsaledocumentdetailid`
--

DROP TABLE IF EXISTS `maxsaledocumentdetailid`;
/*!40101 SET @saved_cs_client     = @@character_set_client */;
/*!40101 SET character_set_client = utf8 */;
CREATE TABLE `maxsaledocumentdetailid` (
  `SaleDocumentID` int(11) NOT NULL DEFAULT '0',
  `SaleDocShopID` int(11) NOT NULL DEFAULT '0',
  `SaleDocDetailID` int(11) NOT NULL DEFAULT '0',
  PRIMARY KEY (`SaleDocumentID`,`SaleDocShopID`)
) ENGINE=InnoDB DEFAULT CHARSET=utf8;
/*!40101 SET character_set_client = @saved_cs_client */;

--
-- Dumping data for table `maxsaledocumentdetailid`
--

LOCK TABLES `maxsaledocumentdetailid` WRITE;
/*!40000 ALTER TABLE `maxsaledocumentdetailid` DISABLE KEYS */;
/*!40000 ALTER TABLE `maxsaledocumentdetailid` ENABLE KEYS */;
UNLOCK TABLES;

--
-- Table structure for table `maxtransactionno`
--

DROP TABLE IF EXISTS `maxtransactionno`;
/*!40101 SET @saved_cs_client     = @@character_set_client */;
/*!40101 SET character_set_client = utf8 */;
CREATE TABLE `maxtransactionno` (
  `ComputerID` int(11) NOT NULL DEFAULT '0',
  `MaxTransactionNo` int(11) NOT NULL DEFAULT '0',
  PRIMARY KEY (`ComputerID`)
) ENGINE=InnoDB DEFAULT CHARSET=utf8;
/*!40101 SET character_set_client = @saved_cs_client */;

--
-- Dumping data for table `maxtransactionno`
--

LOCK TABLES `maxtransactionno` WRITE;
/*!40000 ALTER TABLE `maxtransactionno` DISABLE KEYS */;
/*!40000 ALTER TABLE `maxtransactionno` ENABLE KEYS */;
UNLOCK TABLES;

--
-- Table structure for table `maxtransactionreceiptid`
--

DROP TABLE IF EXISTS `maxtransactionreceiptid`;
/*!40101 SET @saved_cs_client     = @@character_set_client */;
/*!40101 SET character_set_client = utf8 */;
CREATE TABLE `maxtransactionreceiptid` (
  `ComputerID` int(11) NOT NULL DEFAULT '0',
  `DocType` int(11) NOT NULL DEFAULT '0',
  `ReceiptYear` int(11) NOT NULL DEFAULT '0',
  `ReceiptMonth` int(11) NOT NULL DEFAULT '0',
  `MaxReceiptID` int(11) NOT NULL DEFAULT '0',
  PRIMARY KEY (`ComputerID`,`DocType`,`ReceiptYear`,`ReceiptMonth`)
) ENGINE=InnoDB DEFAULT CHARSET=utf8;
/*!40101 SET character_set_client = @saved_cs_client */;

--
-- Dumping data for table `maxtransactionreceiptid`
--

LOCK TABLES `maxtransactionreceiptid` WRITE;
/*!40000 ALTER TABLE `maxtransactionreceiptid` DISABLE KEYS */;
/*!40000 ALTER TABLE `maxtransactionreceiptid` ENABLE KEYS */;
UNLOCK TABLES;

--
-- Table structure for table `mediaplayer`
--

DROP TABLE IF EXISTS `mediaplayer`;
/*!40101 SET @saved_cs_client     = @@character_set_client */;
/*!40101 SET character_set_client = utf8 */;
CREATE TABLE `mediaplayer` (
  `MediaID` int(11) NOT NULL DEFAULT '0',
  `MediaFileName` varchar(100) DEFAULT NULL,
  `FileName` varchar(100) DEFAULT NULL,
  `StartDate` datetime DEFAULT NULL,
  `EndDate` datetime DEFAULT NULL,
  `InputBy` int(11) NOT NULL DEFAULT '0',
  `UpdateBy` int(11) NOT NULL DEFAULT '0',
  `InsertDate` datetime DEFAULT NULL,
  `UpdateDate` datetime DEFAULT NULL,
  `Deleted` tinyint(4) NOT NULL DEFAULT '0',
  PRIMARY KEY (`MediaID`)
) ENGINE=InnoDB DEFAULT CHARSET=utf8;
/*!40101 SET character_set_client = @saved_cs_client */;

--
-- Dumping data for table `mediaplayer`
--

LOCK TABLES `mediaplayer` WRITE;
/*!40000 ALTER TABLE `mediaplayer` DISABLE KEYS */;
/*!40000 ALTER TABLE `mediaplayer` ENABLE KEYS */;
UNLOCK TABLES;

--
-- Table structure for table `mediashoplink`
--

DROP TABLE IF EXISTS `mediashoplink`;
/*!40101 SET @saved_cs_client     = @@character_set_client */;
/*!40101 SET character_set_client = utf8 */;
CREATE TABLE `mediashoplink` (
  `MediaID` int(11) NOT NULL DEFAULT '0',
  `ShopID` int(11) NOT NULL DEFAULT '0',
  PRIMARY KEY (`MediaID`,`ShopID`)
) ENGINE=InnoDB DEFAULT CHARSET=utf8;
/*!40101 SET character_set_client = @saved_cs_client */;

--
-- Dumping data for table `mediashoplink`
--

LOCK TABLES `mediashoplink` WRITE;
/*!40000 ALTER TABLE `mediashoplink` DISABLE KEYS */;
/*!40000 ALTER TABLE `mediashoplink` ENABLE KEYS */;
UNLOCK TABLES;

--
-- Table structure for table `memberdepartment`
--

DROP TABLE IF EXISTS `memberdepartment`;
/*!40101 SET @saved_cs_client     = @@character_set_client */;
/*!40101 SET character_set_client = utf8 */;
CREATE TABLE `memberdepartment` (
  `DepartmentID` int(11) NOT NULL DEFAULT '0',
  `DepartmentCode` varchar(20) DEFAULT NULL,
  `DepartmentName` varchar(200) DEFAULT NULL,
  `DepartmentAbb` varchar(100) DEFAULT NULL,
  `Ordering` smallint(6) NOT NULL DEFAULT '0',
  PRIMARY KEY (`DepartmentID`)
) ENGINE=InnoDB DEFAULT CHARSET=utf8;
/*!40101 SET character_set_client = @saved_cs_client */;

--
-- Dumping data for table `memberdepartment`
--

LOCK TABLES `memberdepartment` WRITE;
/*!40000 ALTER TABLE `memberdepartment` DISABLE KEYS */;
INSERT INTO `memberdepartment` VALUES (0,'000','-- Please Select ---','-- Please Select --',0);
/*!40000 ALTER TABLE `memberdepartment` ENABLE KEYS */;
UNLOCK TABLES;

--
-- Table structure for table `memberfrontadddata`
--

DROP TABLE IF EXISTS `memberfrontadddata`;
/*!40101 SET @saved_cs_client     = @@character_set_client */;
/*!40101 SET character_set_client = utf8 */;
CREATE TABLE `memberfrontadddata` (
  `ID` int(11) NOT NULL DEFAULT '0',
  `Description` varchar(100) DEFAULT NULL,
  `Required` tinyint(2) NOT NULL DEFAULT '0',
  PRIMARY KEY (`ID`)
) ENGINE=InnoDB DEFAULT CHARSET=utf8;
/*!40101 SET character_set_client = @saved_cs_client */;

--
-- Dumping data for table `memberfrontadddata`
--

LOCK TABLES `memberfrontadddata` WRITE;
/*!40000 ALTER TABLE `memberfrontadddata` DISABLE KEYS */;
INSERT INTO `memberfrontadddata` VALUES (1,'First Name',1),(2,'Last Name',1),(3,'Birthday',0),(4,'Expire Date',0),(5,'Telephone',0),(6,'Mobile',0),(7,'Fax',0),(8,'Email',0),(9,'Address & Province',0),(10,'Zip Code',0),(11,'MemberID Number',0),(12,'MemberID Issue Date',0),(13,'MemberID Expire Date',0),(14,'Member Blood Type',0),(15,'Member Note',0);
/*!40000 ALTER TABLE `memberfrontadddata` ENABLE KEYS */;
UNLOCK TABLES;

--
-- Table structure for table `memberfrontudd`
--

DROP TABLE IF EXISTS `memberfrontudd`;
/*!40101 SET @saved_cs_client     = @@character_set_client */;
/*!40101 SET character_set_client = utf8 */;
CREATE TABLE `memberfrontudd` (
  `UDDID` int(11) NOT NULL DEFAULT '0',
  `Ordering` tinyint(4) NOT NULL DEFAULT '0',
  `Required` tinyint(2) NOT NULL DEFAULT '0',
  PRIMARY KEY (`UDDID`)
) ENGINE=InnoDB DEFAULT CHARSET=utf8;
/*!40101 SET character_set_client = @saved_cs_client */;

--
-- Dumping data for table `memberfrontudd`
--

LOCK TABLES `memberfrontudd` WRITE;
/*!40000 ALTER TABLE `memberfrontudd` DISABLE KEYS */;
/*!40000 ALTER TABLE `memberfrontudd` ENABLE KEYS */;
UNLOCK TABLES;

--
-- Table structure for table `membergroup`
--

DROP TABLE IF EXISTS `membergroup`;
/*!40101 SET @saved_cs_client     = @@character_set_client */;
/*!40101 SET character_set_client = utf8 */;
CREATE TABLE `membergroup` (
  `MemberGroupID` int(11) NOT NULL DEFAULT '0',
  `MemberGroupName` varchar(50) DEFAULT NULL,
  `MemberDurationDay` int(11) NOT NULL DEFAULT '0',
  `Deleted` tinyint(2) NOT NULL DEFAULT '0',
  `MemberGroupCode` varchar(20) DEFAULT NULL,
  `InsertAtProductLevelID` int(11) NOT NULL DEFAULT '0',
  `MemberGroupMainPrice` smallint(6) NOT NULL DEFAULT '1',
  PRIMARY KEY (`MemberGroupID`)
) ENGINE=InnoDB DEFAULT CHARSET=utf8;
/*!40101 SET character_set_client = @saved_cs_client */;

--
-- Dumping data for table `membergroup`
--

LOCK TABLES `membergroup` WRITE;
/*!40000 ALTER TABLE `membergroup` DISABLE KEYS */;
INSERT INTO `membergroup` VALUES (1,'Non Member',0,0,NULL,0,1),(2,'Member',0,0,NULL,0,1);
/*!40000 ALTER TABLE `membergroup` ENABLE KEYS */;
UNLOCK TABLES;

--
-- Table structure for table `membergroupaccess`
--

DROP TABLE IF EXISTS `membergroupaccess`;
/*!40101 SET @saved_cs_client     = @@character_set_client */;
/*!40101 SET character_set_client = utf8 */;
CREATE TABLE `membergroupaccess` (
  `MemberGroupID` int(11) NOT NULL DEFAULT '0',
  `ProductLevelID` int(11) NOT NULL DEFAULT '0',
  PRIMARY KEY (`MemberGroupID`,`ProductLevelID`)
) ENGINE=InnoDB DEFAULT CHARSET=utf8;
/*!40101 SET character_set_client = @saved_cs_client */;

--
-- Dumping data for table `membergroupaccess`
--

LOCK TABLES `membergroupaccess` WRITE;
/*!40000 ALTER TABLE `membergroupaccess` DISABLE KEYS */;
INSERT INTO `membergroupaccess` VALUES (2,2);
/*!40000 ALTER TABLE `membergroupaccess` ENABLE KEYS */;
UNLOCK TABLES;

--
-- Table structure for table `memberloyaltyinfo`
--

DROP TABLE IF EXISTS `memberloyaltyinfo`;
/*!40101 SET @saved_cs_client     = @@character_set_client */;
/*!40101 SET character_set_client = utf8 */;
CREATE TABLE `memberloyaltyinfo` (
  `MemberID` int(11) NOT NULL DEFAULT '0',
  `MemberTypeID` int(11) NOT NULL DEFAULT '0',
  PRIMARY KEY (`MemberID`)
) ENGINE=InnoDB DEFAULT CHARSET=tis620;
/*!40101 SET character_set_client = @saved_cs_client */;

--
-- Dumping data for table `memberloyaltyinfo`
--

LOCK TABLES `memberloyaltyinfo` WRITE;
/*!40000 ALTER TABLE `memberloyaltyinfo` DISABLE KEYS */;
/*!40000 ALTER TABLE `memberloyaltyinfo` ENABLE KEYS */;
UNLOCK TABLES;

--
-- Table structure for table `members`
--

DROP TABLE IF EXISTS `members`;
/*!40101 SET @saved_cs_client     = @@character_set_client */;
/*!40101 SET character_set_client = utf8 */;
CREATE TABLE `members` (
  `MemberID` int(11) NOT NULL DEFAULT '0',
  `MemberUDID` varchar(50) DEFAULT NULL,
  `MemberGroupID` int(11) DEFAULT NULL,
  `MemberPassword` varchar(255) DEFAULT NULL,
  `MemberCode` varchar(50) DEFAULT NULL,
  `MemberGender` tinyint(4) NOT NULL DEFAULT '0',
  `MemberFirstName` varchar(50) DEFAULT NULL,
  `MemberLastName` varchar(50) DEFAULT NULL,
  `MemberAddress1` varchar(255) DEFAULT NULL,
  `MemberAddress2` varchar(255) DEFAULT NULL,
  `MemberCity` varchar(100) DEFAULT NULL,
  `MemberProvince` smallint(6) DEFAULT NULL,
  `MemberZipCode` varchar(20) DEFAULT NULL,
  `MemberTelephone` varchar(20) DEFAULT NULL,
  `MemberMobile` varchar(20) DEFAULT NULL,
  `MemberFax` varchar(20) DEFAULT NULL,
  `MemberEmail` varchar(100) DEFAULT NULL,
  `MemberBirthDay` datetime DEFAULT NULL,
  `MemberAdditional` text,
  `MemberIDNumber` varchar(50) DEFAULT NULL,
  `MemberIDIssueDate` datetime DEFAULT NULL,
  `MemberIDExpiration` datetime DEFAULT NULL,
  `MemberPassportNo` varchar(100) DEFAULT NULL,
  `MemberPassportNoIssueDate` datetime DEFAULT NULL,
  `MemberPassportNoExpiration` datetime DEFAULT NULL,
  `MemberIDType` tinyint(4) NOT NULL DEFAULT '0',
  `MemberBlood` varchar(5) DEFAULT NULL,
  `MemberPictureFileServer` varchar(50) DEFAULT NULL,
  `MemberPictureFileClient` varchar(50) DEFAULT NULL,
  `Activated` tinyint(2) NOT NULL DEFAULT '0',
  `MemberStatus` tinyint(4) NOT NULL DEFAULT '1',
  `MemberExpiration` datetime DEFAULT NULL,
  `Deleted` tinyint(2) NOT NULL DEFAULT '0',
  `LangID` smallint(6) NOT NULL DEFAULT '2',
  `InputDate` datetime DEFAULT NULL,
  `InputBy` int(11) DEFAULT NULL,
  `UpdateDate` datetime DEFAULT NULL,
  `UpdateBy` int(11) DEFAULT NULL,
  `LastUseDate` datetime DEFAULT NULL,
  `ImageFolder` int(11) NOT NULL DEFAULT '0',
  `MemberMainPrice` int(11) NOT NULL DEFAULT '1',
  `InsertAtProductLevelID` int(11) NOT NULL DEFAULT '0',
  `InsertAtProductLevelCode` varchar(20) DEFAULT NULL,
  `InsertAtProductLevelName` varchar(100) DEFAULT NULL,
  `AcitvateAtProductLevelID` int(11) NOT NULL DEFAULT '0',
  `AcitvateAtProductLevelCode` varchar(20) DEFAULT NULL,
  `ActivateAtProductLevelName` varchar(100) DEFAULT NULL,
  `UpdateAtProductLevelID` int(11) NOT NULL DEFAULT '0',
  `AlreadyExportToHQ` tinyint(4) NOT NULL DEFAULT '0',
  `IsCreateCard` tinyint(2) NOT NULL DEFAULT '0',
  `MemberDepartmentID` int(11) NOT NULL DEFAULT '0',
  PRIMARY KEY (`MemberID`),
  KEY `MFirstNameIndex` (`MemberFirstName`),
  KEY `MLastNameIndex` (`MemberLastName`),
  KEY `MemberGroupIndex` (`MemberGroupID`),
  KEY `MMobileIndex` (`MemberMobile`),
  KEY `MemberCodeIndex` (`MemberCode`)
) ENGINE=InnoDB DEFAULT CHARSET=utf8;
/*!40101 SET character_set_client = @saved_cs_client */;

--
-- Dumping data for table `members`
--

LOCK TABLES `members` WRITE;
/*!40000 ALTER TABLE `members` DISABLE KEYS */;
INSERT INTO `members` VALUES (1,NULL,1,'','Non Member',1,'Non','Member',NULL,NULL,NULL,NULL,NULL,NULL,NULL,NULL,NULL,NULL,NULL,NULL,NULL,NULL,NULL,NULL,NULL,0,NULL,NULL,NULL,1,1,NULL,0,2,NULL,NULL,NULL,NULL,NULL,0,1,0,NULL,NULL,0,NULL,NULL,0,1,0,0),(2,NULL,2,NULL,'mtest1',1,'test1','-','55/165 หมู่บ้านบ้านกลางเมือง','พลับพลา','วังทองหลาง',37,'10310','025303835','0818445500','025303392','Support@synaturegroup.com','1913-01-01 00:00:00','เพื่อทดสอบระบบ','1234567890123','2003-01-01 00:00:00','2023-01-31 00:00:00',NULL,NULL,NULL,0,'x',NULL,NULL,1,1,'2023-12-31 00:00:00',0,2,'2013-09-18 13:25:20',1,'2013-09-20 15:55:10',2,'2013-09-29 00:00:00',1,1,0,NULL,NULL,0,NULL,NULL,0,0,0,0),(3,NULL,2,NULL,'mtest2',1,'test2','-','55/166 หมู่บ้านบ้านกลางเมือง','พลับพลา','วังทองหลาง',37,'10310',NULL,NULL,NULL,NULL,NULL,NULL,NULL,NULL,NULL,NULL,NULL,NULL,0,NULL,NULL,NULL,1,1,NULL,0,2,'2013-09-20 15:55:55',2,'2013-09-20 15:55:55',2,NULL,2,1,0,NULL,NULL,0,NULL,NULL,0,0,0,0),(200001,NULL,2,'7035','1001',1,'มนตรี','ดำริ','55/165 ลาดพร้าว','วังทองหลาง','วังทองหลาง',37,'10310','025303835','0818445500','025303392','Support@syn.com',NULL,'',NULL,NULL,NULL,NULL,NULL,NULL,0,NULL,NULL,NULL,1,1,NULL,0,2,'2017-03-17 12:27:12',2,'2017-03-17 12:27:12',2,NULL,0,1,2,NULL,NULL,0,NULL,NULL,0,0,0,0);
/*!40000 ALTER TABLE `members` ENABLE KEYS */;
UNLOCK TABLES;

--
-- Table structure for table `membersalehistory`
--

DROP TABLE IF EXISTS `membersalehistory`;
/*!40101 SET @saved_cs_client     = @@character_set_client */;
/*!40101 SET character_set_client = utf8 */;
CREATE TABLE `membersalehistory` (
  `MemberID` int(11) NOT NULL DEFAULT '0',
  `SaleDate` date DEFAULT NULL,
  `ShopID` int(11) NOT NULL DEFAULT '0',
  `ShopName` varchar(50) DEFAULT NULL,
  `VisitTime` datetime DEFAULT NULL,
  `SalePrice` decimal(18,4) NOT NULL DEFAULT '0.0000',
  KEY `MemberSaleDateIndex` (`MemberID`,`SaleDate`)
) ENGINE=InnoDB DEFAULT CHARSET=utf8;
/*!40101 SET character_set_client = @saved_cs_client */;

--
-- Dumping data for table `membersalehistory`
--

LOCK TABLES `membersalehistory` WRITE;
/*!40000 ALTER TABLE `membersalehistory` DISABLE KEYS */;
/*!40000 ALTER TABLE `membersalehistory` ENABLE KEYS */;
UNLOCK TABLES;

--
-- Table structure for table `membersalestaff`
--

DROP TABLE IF EXISTS `membersalestaff`;
/*!40101 SET @saved_cs_client     = @@character_set_client */;
/*!40101 SET character_set_client = utf8 */;
CREATE TABLE `membersalestaff` (
  `MemberID` int(11) NOT NULL DEFAULT '0',
  `StaffID` int(11) NOT NULL DEFAULT '0',
  PRIMARY KEY (`MemberID`,`StaffID`)
) ENGINE=InnoDB DEFAULT CHARSET=utf8;
/*!40101 SET character_set_client = @saved_cs_client */;

--
-- Dumping data for table `membersalestaff`
--

LOCK TABLES `membersalestaff` WRITE;
/*!40000 ALTER TABLE `membersalestaff` DISABLE KEYS */;
/*!40000 ALTER TABLE `membersalestaff` ENABLE KEYS */;
UNLOCK TABLES;

--
-- Table structure for table `membersearchcolumn`
--

DROP TABLE IF EXISTS `membersearchcolumn`;
/*!40101 SET @saved_cs_client     = @@character_set_client */;
/*!40101 SET character_set_client = utf8 */;
CREATE TABLE `membersearchcolumn` (
  `StaffID` int(11) NOT NULL DEFAULT '0',
  `UDDID` int(11) NOT NULL DEFAULT '0',
  `Ordering` tinyint(4) NOT NULL DEFAULT '0',
  `DataType` tinyint(4) NOT NULL DEFAULT '1',
  PRIMARY KEY (`StaffID`,`UDDID`)
) ENGINE=InnoDB DEFAULT CHARSET=utf8;
/*!40101 SET character_set_client = @saved_cs_client */;

--
-- Dumping data for table `membersearchcolumn`
--

LOCK TABLES `membersearchcolumn` WRITE;
/*!40000 ALTER TABLE `membersearchcolumn` DISABLE KEYS */;
/*!40000 ALTER TABLE `membersearchcolumn` ENABLE KEYS */;
UNLOCK TABLES;

--
-- Table structure for table `memberstatusdescription`
--

DROP TABLE IF EXISTS `memberstatusdescription`;
/*!40101 SET @saved_cs_client     = @@character_set_client */;
/*!40101 SET character_set_client = utf8 */;
CREATE TABLE `memberstatusdescription` (
  `MemberStatus` tinyint(4) NOT NULL DEFAULT '0',
  `Description` varchar(100) DEFAULT NULL,
  `AllowActivateAtBranch` tinyint(4) NOT NULL DEFAULT '1',
  PRIMARY KEY (`MemberStatus`)
) ENGINE=InnoDB DEFAULT CHARSET=utf8;
/*!40101 SET character_set_client = @saved_cs_client */;

--
-- Dumping data for table `memberstatusdescription`
--

LOCK TABLES `memberstatusdescription` WRITE;
/*!40000 ALTER TABLE `memberstatusdescription` DISABLE KEYS */;
INSERT INTO `memberstatusdescription` VALUES (1,'Normal',1),(2,'Blacklist',0);
/*!40000 ALTER TABLE `memberstatusdescription` ENABLE KEYS */;
UNLOCK TABLES;

--
-- Table structure for table `membertopsaleproduct`
--

DROP TABLE IF EXISTS `membertopsaleproduct`;
/*!40101 SET @saved_cs_client     = @@character_set_client */;
/*!40101 SET character_set_client = utf8 */;
CREATE TABLE `membertopsaleproduct` (
  `MemberID` int(11) NOT NULL DEFAULT '0',
  `ProductCode` varchar(50) NOT NULL DEFAULT '',
  `SaleAmount` decimal(18,4) NOT NULL DEFAULT '0.0000',
  PRIMARY KEY (`MemberID`,`ProductCode`)
) ENGINE=InnoDB DEFAULT CHARSET=utf8;
/*!40101 SET character_set_client = @saved_cs_client */;

--
-- Dumping data for table `membertopsaleproduct`
--

LOCK TABLES `membertopsaleproduct` WRITE;
/*!40000 ALTER TABLE `membertopsaleproduct` DISABLE KEYS */;
/*!40000 ALTER TABLE `membertopsaleproduct` ENABLE KEYS */;
UNLOCK TABLES;

--
-- Table structure for table `menucomment`
--

DROP TABLE IF EXISTS `menucomment`;
/*!40101 SET @saved_cs_client     = @@character_set_client */;
/*!40101 SET character_set_client = utf8 */;
CREATE TABLE `menucomment` (
  `MenuCommentID` int(11) NOT NULL,
  `ProductLevelID` int(11) DEFAULT NULL,
  `MenuCommentName_0` varchar(50) DEFAULT NULL,
  `MenuCommentName_1` varchar(50) DEFAULT NULL,
  `MenuCommentName_2` varchar(50) DEFAULT NULL,
  `MenuCommentName_3` varchar(50) DEFAULT NULL,
  `MenuCommentOrdering` int(11) NOT NULL DEFAULT '0',
  `UpdateDate` datetime DEFAULT NULL,
  PRIMARY KEY (`MenuCommentID`)
) ENGINE=InnoDB DEFAULT CHARSET=tis620;
/*!40101 SET character_set_client = @saved_cs_client */;

--
-- Dumping data for table `menucomment`
--

LOCK TABLES `menucomment` WRITE;
/*!40000 ALTER TABLE `menucomment` DISABLE KEYS */;
INSERT INTO `menucomment` VALUES (200001,2,'ทดสอบ','ทดสอบ',NULL,NULL,0,'2013-09-18 10:53:26'),(200002,2,'เพิ่ม5บาท','เพิ่ม5บาท',NULL,NULL,0,'2013-09-18 10:53:16'),(200008,2,'เพิ่ม10บาท','เพิ่ม10บาท',NULL,NULL,0,'2013-09-28 11:03:12'),(200014,2,'ไม่ผงชูรส','ไม่ผงชูรส',NULL,NULL,0,'2014-01-22 18:40:32'),(200015,2,'ไม่เผ็ด','ไม่เผ็ด',NULL,NULL,0,'2014-01-22 18:40:15');
/*!40000 ALTER TABLE `menucomment` ENABLE KEYS */;
UNLOCK TABLES;

--
-- Table structure for table `menudept`
--

DROP TABLE IF EXISTS `menudept`;
/*!40101 SET @saved_cs_client     = @@character_set_client */;
/*!40101 SET character_set_client = utf8 */;
CREATE TABLE `menudept` (
  `MenuDeptID` int(11) NOT NULL DEFAULT '0',
  `MenuGroupID` int(11) NOT NULL DEFAULT '0',
  `ProductLevelID` int(11) DEFAULT NULL,
  `MenuDeptName_0` varchar(100) DEFAULT NULL,
  `MenuDeptName_1` varchar(100) DEFAULT NULL,
  `MenuDeptName_2` varchar(100) DEFAULT NULL,
  `MenuDeptName_3` varchar(100) DEFAULT NULL,
  `MenuDeptOrdering` int(11) NOT NULL DEFAULT '0',
  `UpdateDate` datetime DEFAULT NULL,
  `Activate` tinyint(4) NOT NULL DEFAULT '1',
  PRIMARY KEY (`MenuDeptID`),
  KEY `MenuDeptIndex` (`MenuDeptID`)
) ENGINE=InnoDB DEFAULT CHARSET=tis620;
/*!40101 SET character_set_client = @saved_cs_client */;

--
-- Dumping data for table `menudept`
--

LOCK TABLES `menudept` WRITE;
/*!40000 ALTER TABLE `menudept` DISABLE KEYS */;
INSERT INTO `menudept` VALUES (200001,1,2,'Comment1','Comment1',NULL,NULL,9999,'2014-01-22 18:38:25',1),(200002,200001,2,'Food','Food',NULL,NULL,9998,'2014-01-22 18:41:38',1),(200003,200001,2,'Drink','Drink',NULL,NULL,9999,'2014-01-22 18:42:11',1);
/*!40000 ALTER TABLE `menudept` ENABLE KEYS */;
UNLOCK TABLES;

--
-- Table structure for table `menugroup`
--

DROP TABLE IF EXISTS `menugroup`;
/*!40101 SET @saved_cs_client     = @@character_set_client */;
/*!40101 SET character_set_client = utf8 */;
CREATE TABLE `menugroup` (
  `MenuGroupID` int(11) NOT NULL DEFAULT '0',
  `ProductLevelID` int(11) DEFAULT NULL,
  `MenuGroupName_0` varchar(100) DEFAULT NULL,
  `MenuGroupName_1` varchar(100) DEFAULT NULL,
  `MenuGroupName_2` varchar(100) DEFAULT NULL,
  `MenuGroupName_3` varchar(100) DEFAULT NULL,
  `MenuGroupType` tinyint(2) NOT NULL DEFAULT '0',
  `MenuGroupOrdering` int(11) NOT NULL DEFAULT '0',
  `UpdateDate` datetime DEFAULT NULL,
  `Activate` tinyint(4) NOT NULL DEFAULT '1',
  PRIMARY KEY (`MenuGroupID`),
  KEY `MenuGroupIndex` (`MenuGroupID`)
) ENGINE=InnoDB DEFAULT CHARSET=tis620;
/*!40101 SET character_set_client = @saved_cs_client */;

--
-- Dumping data for table `menugroup`
--

LOCK TABLES `menugroup` WRITE;
/*!40000 ALTER TABLE `menugroup` DISABLE KEYS */;
INSERT INTO `menugroup` VALUES (200001,2,'Menu Sample','Menu Sample',NULL,NULL,0,9999,'2014-01-22 18:41:50',1);
/*!40000 ALTER TABLE `menugroup` ENABLE KEYS */;
UNLOCK TABLES;

--
-- Table structure for table `menuitem`
--

DROP TABLE IF EXISTS `menuitem`;
/*!40101 SET @saved_cs_client     = @@character_set_client */;
/*!40101 SET character_set_client = utf8 */;
CREATE TABLE `menuitem` (
  `MenuItemID` int(11) NOT NULL DEFAULT '0',
  `ProductID` int(11) NOT NULL DEFAULT '0',
  `MenuDeptID` int(11) NOT NULL DEFAULT '0',
  `MenuGroupID` int(11) NOT NULL DEFAULT '0',
  `ProductLevelID` int(11) DEFAULT NULL,
  `MenuName_0` varchar(100) DEFAULT NULL,
  `MenuName_1` varchar(100) DEFAULT NULL,
  `MenuName_2` varchar(100) DEFAULT NULL,
  `MenuName_3` varchar(100) DEFAULT NULL,
  `MenuDesc_0` varchar(100) DEFAULT NULL,
  `MenuDesc_1` varchar(100) DEFAULT NULL,
  `MenuDesc_2` varchar(100) DEFAULT NULL,
  `MenuDesc_3` varchar(100) DEFAULT NULL,
  `MenuLongDesc_0` varchar(255) DEFAULT NULL,
  `MenuLongDesc_1` varchar(255) DEFAULT NULL,
  `MenuLongDesc_2` varchar(255) DEFAULT NULL,
  `MenuLongDesc_3` varchar(255) DEFAULT NULL,
  `MenuShortName_0` varchar(5) DEFAULT NULL,
  `MenuShortName_1` varchar(5) DEFAULT NULL,
  `MenuShortName_2` varchar(5) DEFAULT NULL,
  `MenuShortName_3` varchar(5) DEFAULT NULL,
  `MenuImageLink` varchar(100) DEFAULT NULL,
  `MenuItemOrdering` int(11) NOT NULL DEFAULT '0',
  `UpdateDate` datetime DEFAULT NULL,
  `Activate` tinyint(4) NOT NULL DEFAULT '1',
  PRIMARY KEY (`MenuItemID`),
  KEY `MenuItemIndex` (`MenuItemID`)
) ENGINE=InnoDB DEFAULT CHARSET=tis620;
/*!40101 SET character_set_client = @saved_cs_client */;

--
-- Dumping data for table `menuitem`
--

LOCK TABLES `menuitem` WRITE;
/*!40000 ALTER TABLE `menuitem` DISABLE KEYS */;
INSERT INTO `menuitem` VALUES (200003,200003,200002,200001,2,'Steak','Steak1','Steak2',NULL,'Steak3','Steak3',NULL,NULL,'Steak4','Steak4',NULL,NULL,'01','01',NULL,NULL,'',1,'2014-01-23 11:40:30',1),(200004,200004,200002,200001,2,'Rice','Rice1','Rice2',NULL,'Rice3','Rice3',NULL,NULL,'Rice4','Rice4',NULL,NULL,'02','02',NULL,NULL,'',2,'2014-01-23 11:40:38',1),(200005,200005,200002,200001,2,'Soup','Soup1','Soup2',NULL,'Soup3','Soup3',NULL,NULL,'Soup4','Soup4',NULL,NULL,'21','21',NULL,NULL,'',21,'2014-01-23 11:41:00',1),(200006,200006,200003,200001,2,'Coke','Coke1','Coke2',NULL,'Coke3','Coke3',NULL,NULL,'Coke4','Coke4',NULL,NULL,'04','04',NULL,NULL,'',11,'2014-01-23 11:41:26',1),(200007,200007,200002,200001,2,'ComboSET A','ComboSET1 A','ComboSET2 A',NULL,'ComboSET3 A','ComboSET3 A',NULL,NULL,'ComboSET4 A','ComboSET4 A',NULL,NULL,'22','22',NULL,NULL,'',22,'2014-01-23 11:41:06',1),(200009,200009,200002,200001,2,'Salad','Salad1','Salad2',NULL,'Salad3','Salad3',NULL,NULL,'Salad4','Salad4',NULL,NULL,'03','03',NULL,NULL,'',3,'2014-01-23 10:54:50',1),(200010,200010,200003,200001,2,'Beer','Beer1','Beer2',NULL,'Beer3','Beer3',NULL,NULL,'Beer4','Beer4',NULL,NULL,'12','12',NULL,NULL,'',12,'2014-01-23 10:59:36',1),(200011,200011,200002,200001,2,'Soup M','Soup1 M','Soup2 M',NULL,'Soup3 M','Soup3 M',NULL,NULL,'Soup4 M','Soup4 M',NULL,NULL,'04','04',NULL,NULL,'',4,'2014-01-23 10:56:24',0),(200012,200012,200002,200001,2,'Soup XL','Soup1 XL','Soup2 XL',NULL,'Soup3 XL','Soup3 XL',NULL,NULL,'Soup4 XL','Soup4 XL',NULL,NULL,'05','05',NULL,NULL,'',5,'2014-01-23 10:57:15',0),(200013,200013,200002,200001,2,'ComboSET B','ComboSET1 B','ComboSET2 B',NULL,'ComboSET3 B','ComboSET3 B',NULL,NULL,'ComboSET4 B','ComboSET4 B',NULL,NULL,'23','23',NULL,NULL,'',24,'2014-01-23 10:58:36',1);
/*!40000 ALTER TABLE `menuitem` ENABLE KEYS */;
UNLOCK TABLES;

--
-- Table structure for table `moneycardhistory`
--

DROP TABLE IF EXISTS `moneycardhistory`;
/*!40101 SET @saved_cs_client     = @@character_set_client */;
/*!40101 SET character_set_client = utf8 */;
CREATE TABLE `moneycardhistory` (
  `HistoryID` int(11) NOT NULL DEFAULT '0',
  `CardID` int(11) NOT NULL DEFAULT '0',
  `ProductLevelID` int(11) NOT NULL DEFAULT '0',
  `Amount` decimal(18,4) NOT NULL DEFAULT '0.0000',
  `PreviousAmount` decimal(18,4) NOT NULL DEFAULT '0.0000',
  `HistoryDateTime` datetime DEFAULT NULL,
  `TransactionID` int(11) NOT NULL DEFAULT '0',
  `ComputerID` int(11) NOT NULL DEFAULT '0',
  `InsertStaffID` int(11) NOT NULL DEFAULT '0',
  `HistoryNote` text,
  `InsertAtProductLevelID` int(11) NOT NULL DEFAULT '0',
  PRIMARY KEY (`HistoryID`,`CardID`,`ProductLevelID`,`TransactionID`,`ComputerID`)
) ENGINE=InnoDB DEFAULT CHARSET=utf8;
/*!40101 SET character_set_client = @saved_cs_client */;

--
-- Dumping data for table `moneycardhistory`
--

LOCK TABLES `moneycardhistory` WRITE;
/*!40000 ALTER TABLE `moneycardhistory` DISABLE KEYS */;
/*!40000 ALTER TABLE `moneycardhistory` ENABLE KEYS */;
UNLOCK TABLES;

--
-- Table structure for table `moneycardinfo`
--

DROP TABLE IF EXISTS `moneycardinfo`;
/*!40101 SET @saved_cs_client     = @@character_set_client */;
/*!40101 SET character_set_client = utf8 */;
CREATE TABLE `moneycardinfo` (
  `CardID` int(11) NOT NULL DEFAULT '0',
  `ProductLevelID` int(11) NOT NULL DEFAULT '0',
  `CardNo` varchar(30) DEFAULT NULL,
  `Activated` tinyint(4) NOT NULL DEFAULT '1',
  `Deleted` tinyint(4) NOT NULL DEFAULT '0',
  `CurrentAmountMoney` decimal(18,4) NOT NULL DEFAULT '0.0000',
  `DepositMoney` decimal(18,4) NOT NULL DEFAULT '0.0000',
  `MemberID` int(11) NOT NULL DEFAULT '0',
  `CardIssueDate` date DEFAULT NULL,
  `ExpireDate` date DEFAULT NULL,
  `CreateDateTime` datetime DEFAULT NULL,
  `LastUpdate` datetime DEFAULT NULL,
  `CreateStaffID` int(11) NOT NULL DEFAULT '0',
  PRIMARY KEY (`CardID`,`ProductLevelID`)
) ENGINE=InnoDB DEFAULT CHARSET=utf8;
/*!40101 SET character_set_client = @saved_cs_client */;

--
-- Dumping data for table `moneycardinfo`
--

LOCK TABLES `moneycardinfo` WRITE;
/*!40000 ALTER TABLE `moneycardinfo` DISABLE KEYS */;
/*!40000 ALTER TABLE `moneycardinfo` ENABLE KEYS */;
UNLOCK TABLES;

--
-- Table structure for table `moneycardproductpageindex`
--

DROP TABLE IF EXISTS `moneycardproductpageindex`;
/*!40101 SET @saved_cs_client     = @@character_set_client */;
/*!40101 SET character_set_client = utf8 */;
CREATE TABLE `moneycardproductpageindex` (
  `ProductLevelID` int(11) NOT NULL DEFAULT '0',
  `ComputerType` tinyint(4) NOT NULL DEFAULT '0',
  `PageIndex` int(11) NOT NULL DEFAULT '0',
  `PageName` varchar(50) DEFAULT NULL,
  `PageOrder` int(11) NOT NULL DEFAULT '0',
  `ButtonColorCode` int(11) NOT NULL DEFAULT '0',
  PRIMARY KEY (`ProductLevelID`,`ComputerType`,`PageIndex`)
) ENGINE=InnoDB DEFAULT CHARSET=utf8;
/*!40101 SET character_set_client = @saved_cs_client */;

--
-- Dumping data for table `moneycardproductpageindex`
--

LOCK TABLES `moneycardproductpageindex` WRITE;
/*!40000 ALTER TABLE `moneycardproductpageindex` DISABLE KEYS */;
/*!40000 ALTER TABLE `moneycardproductpageindex` ENABLE KEYS */;
UNLOCK TABLES;

--
-- Table structure for table `moneycardproducts`
--

DROP TABLE IF EXISTS `moneycardproducts`;
/*!40101 SET @saved_cs_client     = @@character_set_client */;
/*!40101 SET character_set_client = utf8 */;
CREATE TABLE `moneycardproducts` (
  `ProductID` int(11) NOT NULL DEFAULT '0',
  `ProductLevelID` int(11) NOT NULL DEFAULT '0',
  `ProductCode` varchar(50) NOT NULL DEFAULT '',
  `ComputerType` tinyint(4) NOT NULL DEFAULT '0',
  `ButtonOrder` int(11) NOT NULL DEFAULT '0',
  `ButtonColorCode` double NOT NULL DEFAULT '0',
  PRIMARY KEY (`ProductID`,`ProductLevelID`,`ProductCode`,`ComputerType`,`ButtonOrder`)
) ENGINE=InnoDB DEFAULT CHARSET=utf8;
/*!40101 SET character_set_client = @saved_cs_client */;

--
-- Dumping data for table `moneycardproducts`
--

LOCK TABLES `moneycardproducts` WRITE;
/*!40000 ALTER TABLE `moneycardproducts` DISABLE KEYS */;
/*!40000 ALTER TABLE `moneycardproducts` ENABLE KEYS */;
UNLOCK TABLES;

--
-- Table structure for table `monthlyproductsale`
--

DROP TABLE IF EXISTS `monthlyproductsale`;
/*!40101 SET @saved_cs_client     = @@character_set_client */;
/*!40101 SET character_set_client = utf8 */;
CREATE TABLE `monthlyproductsale` (
  `ProductLevelID` int(11) NOT NULL DEFAULT '0',
  `ProductGroupID` int(11) NOT NULL DEFAULT '0',
  `ProductDeptID` int(11) NOT NULL DEFAULT '0',
  `ProductID` int(11) NOT NULL DEFAULT '0',
  `SaleMonth` tinyint(4) NOT NULL DEFAULT '0',
  `SaleYear` smallint(6) NOT NULL DEFAULT '0',
  `SaleBeforeVATAmount` decimal(18,4) NOT NULL DEFAULT '0.0000',
  `VATAmount` decimal(18,4) NOT NULL DEFAULT '0.0000',
  PRIMARY KEY (`SaleMonth`,`SaleYear`,`ProductID`)
) ENGINE=InnoDB DEFAULT CHARSET=utf8;
/*!40101 SET character_set_client = @saved_cs_client */;

--
-- Dumping data for table `monthlyproductsale`
--

LOCK TABLES `monthlyproductsale` WRITE;
/*!40000 ALTER TABLE `monthlyproductsale` DISABLE KEYS */;
/*!40000 ALTER TABLE `monthlyproductsale` ENABLE KEYS */;
UNLOCK TABLES;

--
-- Table structure for table `monthlyproductsalelog`
--

DROP TABLE IF EXISTS `monthlyproductsalelog`;
/*!40101 SET @saved_cs_client     = @@character_set_client */;
/*!40101 SET character_set_client = utf8 */;
CREATE TABLE `monthlyproductsalelog` (
  `ProductLevelID` int(11) NOT NULL DEFAULT '0',
  `SaleMonth` tinyint(4) NOT NULL DEFAULT '0',
  `SaleYear` smallint(6) NOT NULL DEFAULT '0',
  PRIMARY KEY (`SaleMonth`,`SaleYear`,`ProductLevelID`)
) ENGINE=InnoDB DEFAULT CHARSET=utf8;
/*!40101 SET character_set_client = @saved_cs_client */;

--
-- Dumping data for table `monthlyproductsalelog`
--

LOCK TABLES `monthlyproductsalelog` WRITE;
/*!40000 ALTER TABLE `monthlyproductsalelog` DISABLE KEYS */;
/*!40000 ALTER TABLE `monthlyproductsalelog` ENABLE KEYS */;
UNLOCK TABLES;

--
-- Table structure for table `monthlystockmaterial`
--

DROP TABLE IF EXISTS `monthlystockmaterial`;
/*!40101 SET @saved_cs_client     = @@character_set_client */;
/*!40101 SET character_set_client = utf8 */;
CREATE TABLE `monthlystockmaterial` (
  `ProductLevelID` int(11) NOT NULL DEFAULT '0',
  `ShopID` int(11) NOT NULL DEFAULT '0',
  `MaterialID` int(11) NOT NULL DEFAULT '0',
  PRIMARY KEY (`ProductLevelID`,`ShopID`,`MaterialID`)
) ENGINE=InnoDB DEFAULT CHARSET=utf8;
/*!40101 SET character_set_client = @saved_cs_client */;

--
-- Dumping data for table `monthlystockmaterial`
--

LOCK TABLES `monthlystockmaterial` WRITE;
/*!40000 ALTER TABLE `monthlystockmaterial` DISABLE KEYS */;
INSERT INTO `monthlystockmaterial` VALUES (2,2,1),(2,2,2),(2,2,3);
/*!40000 ALTER TABLE `monthlystockmaterial` ENABLE KEYS */;
UNLOCK TABLES;

--
-- Table structure for table `orderbookrecord`
--

DROP TABLE IF EXISTS `orderbookrecord`;
/*!40101 SET @saved_cs_client     = @@character_set_client */;
/*!40101 SET character_set_client = utf8 */;
CREATE TABLE `orderbookrecord` (
  `OrderDetailID` int(11) NOT NULL DEFAULT '0',
  `TransactionID` int(11) NOT NULL DEFAULT '0',
  `ComputerID` int(11) NOT NULL DEFAULT '0',
  `OrderBookNo` varchar(50) DEFAULT NULL,
  `OrderNumber` int(11) NOT NULL DEFAULT '0',
  `OrderMonth` tinyint(4) NOT NULL DEFAULT '0',
  `OrderYear` int(11) NOT NULL DEFAULT '0',
  PRIMARY KEY (`OrderDetailID`,`TransactionID`,`ComputerID`),
  KEY `OrderBookIndex` (`TransactionID`,`ComputerID`)
) ENGINE=InnoDB DEFAULT CHARSET=utf8;
/*!40101 SET character_set_client = @saved_cs_client */;

--
-- Dumping data for table `orderbookrecord`
--

LOCK TABLES `orderbookrecord` WRITE;
/*!40000 ALTER TABLE `orderbookrecord` DISABLE KEYS */;
/*!40000 ALTER TABLE `orderbookrecord` ENABLE KEYS */;
UNLOCK TABLES;

--
-- Table structure for table `orderbookrecordfront`
--

DROP TABLE IF EXISTS `orderbookrecordfront`;
/*!40101 SET @saved_cs_client     = @@character_set_client */;
/*!40101 SET character_set_client = utf8 */;
CREATE TABLE `orderbookrecordfront` (
  `OrderDetailID` int(11) NOT NULL DEFAULT '0',
  `TransactionID` int(11) NOT NULL DEFAULT '0',
  `ComputerID` int(11) NOT NULL DEFAULT '0',
  `OrderBookNo` varchar(50) DEFAULT NULL,
  `OrderNumber` int(11) NOT NULL DEFAULT '0',
  `OrderMonth` tinyint(4) NOT NULL DEFAULT '0',
  `OrderYear` int(11) NOT NULL DEFAULT '0',
  PRIMARY KEY (`OrderDetailID`,`TransactionID`,`ComputerID`)
) ENGINE=InnoDB DEFAULT CHARSET=utf8;
/*!40101 SET character_set_client = @saved_cs_client */;

--
-- Dumping data for table `orderbookrecordfront`
--

LOCK TABLES `orderbookrecordfront` WRITE;
/*!40000 ALTER TABLE `orderbookrecordfront` DISABLE KEYS */;
/*!40000 ALTER TABLE `orderbookrecordfront` ENABLE KEYS */;
UNLOCK TABLES;

--
-- Table structure for table `ordercalculatenpromotiontobonusproducttemp`
--

DROP TABLE IF EXISTS `ordercalculatenpromotiontobonusproducttemp`;
/*!40101 SET @saved_cs_client     = @@character_set_client */;
/*!40101 SET character_set_client = utf8 */;
CREATE TABLE `ordercalculatenpromotiontobonusproducttemp` (
  `TransactionID` int(11) NOT NULL DEFAULT '0',
  `ComputerID` int(11) NOT NULL DEFAULT '0',
  `OrderDetailID` int(11) NOT NULL DEFAULT '0',
  `PriceGroupID` int(11) NOT NULL DEFAULT '0',
  `PromoAmount` decimal(18,4) NOT NULL DEFAULT '0.0000',
  `DiscountPrice` decimal(18,4) NOT NULL DEFAULT '0.0000',
  PRIMARY KEY (`TransactionID`,`ComputerID`,`OrderDetailID`,`PriceGroupID`)
) ENGINE=InnoDB DEFAULT CHARSET=utf8;
/*!40101 SET character_set_client = @saved_cs_client */;

--
-- Dumping data for table `ordercalculatenpromotiontobonusproducttemp`
--

LOCK TABLES `ordercalculatenpromotiontobonusproducttemp` WRITE;
/*!40000 ALTER TABLE `ordercalculatenpromotiontobonusproducttemp` DISABLE KEYS */;
/*!40000 ALTER TABLE `ordercalculatenpromotiontobonusproducttemp` ENABLE KEYS */;
UNLOCK TABLES;

--
-- Table structure for table `ordercommentdetail`
--

DROP TABLE IF EXISTS `ordercommentdetail`;
/*!40101 SET @saved_cs_client     = @@character_set_client */;
/*!40101 SET character_set_client = utf8 */;
CREATE TABLE `ordercommentdetail` (
  `TransactionID` int(11) NOT NULL DEFAULT '0',
  `ComputerID` int(11) NOT NULL DEFAULT '0',
  `OrderDetailID` int(11) NOT NULL DEFAULT '0',
  `CommentID` int(11) NOT NULL DEFAULT '0',
  `CommentCode` varchar(50) DEFAULT NULL,
  `Amount` int(11) NOT NULL DEFAULT '0',
  `ShopID` int(11) NOT NULL DEFAULT '0',
  PRIMARY KEY (`TransactionID`,`ComputerID`,`OrderDetailID`,`CommentID`),
  KEY `OrderCommentShopIndex` (`ShopID`)
) ENGINE=InnoDB DEFAULT CHARSET=utf8;
/*!40101 SET character_set_client = @saved_cs_client */;

--
-- Dumping data for table `ordercommentdetail`
--

LOCK TABLES `ordercommentdetail` WRITE;
/*!40000 ALTER TABLE `ordercommentdetail` DISABLE KEYS */;
/*!40000 ALTER TABLE `ordercommentdetail` ENABLE KEYS */;
UNLOCK TABLES;

--
-- Table structure for table `ordercommentlinkfront`
--

DROP TABLE IF EXISTS `ordercommentlinkfront`;
/*!40101 SET @saved_cs_client     = @@character_set_client */;
/*!40101 SET character_set_client = utf8 */;
CREATE TABLE `ordercommentlinkfront` (
  `TransactionID` int(11) NOT NULL DEFAULT '0',
  `ComputerID` int(11) NOT NULL DEFAULT '0',
  `OrderDetailID` int(11) NOT NULL DEFAULT '0',
  `ProductID` int(11) NOT NULL DEFAULT '0',
  `ProductCode` varchar(50) DEFAULT NULL,
  `Amount` int(11) NOT NULL DEFAULT '0',
  `ProductSetType` int(11) NOT NULL DEFAULT '0',
  `ShopID` int(11) NOT NULL DEFAULT '0',
  `CommentForOrderID` int(11) NOT NULL DEFAULT '0',
  PRIMARY KEY (`TransactionID`,`ComputerID`,`OrderDetailID`)
) ENGINE=InnoDB DEFAULT CHARSET=utf8;
/*!40101 SET character_set_client = @saved_cs_client */;

--
-- Dumping data for table `ordercommentlinkfront`
--

LOCK TABLES `ordercommentlinkfront` WRITE;
/*!40000 ALTER TABLE `ordercommentlinkfront` DISABLE KEYS */;
/*!40000 ALTER TABLE `ordercommentlinkfront` ENABLE KEYS */;
UNLOCK TABLES;

--
-- Table structure for table `ordercommentwithpricedetail`
--

DROP TABLE IF EXISTS `ordercommentwithpricedetail`;
/*!40101 SET @saved_cs_client     = @@character_set_client */;
/*!40101 SET character_set_client = utf8 */;
CREATE TABLE `ordercommentwithpricedetail` (
  `TransactionID` int(11) NOT NULL DEFAULT '0',
  `ComputerID` int(11) NOT NULL DEFAULT '0',
  `OrderDetailID` int(11) NOT NULL DEFAULT '0',
  `ProductID` int(11) NOT NULL DEFAULT '0',
  `ProductSetType` int(11) NOT NULL DEFAULT '0',
  `OrderLinkID` int(11) NOT NULL DEFAULT '0',
  PRIMARY KEY (`TransactionID`,`ComputerID`,`OrderDetailID`)
) ENGINE=InnoDB DEFAULT CHARSET=utf8;
/*!40101 SET character_set_client = @saved_cs_client */;

--
-- Dumping data for table `ordercommentwithpricedetail`
--

LOCK TABLES `ordercommentwithpricedetail` WRITE;
/*!40000 ALTER TABLE `ordercommentwithpricedetail` DISABLE KEYS */;
/*!40000 ALTER TABLE `ordercommentwithpricedetail` ENABLE KEYS */;
UNLOCK TABLES;

--
-- Table structure for table `ordercommissiondetail`
--

DROP TABLE IF EXISTS `ordercommissiondetail`;
/*!40101 SET @saved_cs_client     = @@character_set_client */;
/*!40101 SET character_set_client = utf8 */;
CREATE TABLE `ordercommissiondetail` (
  `OrderDetailID` int(11) NOT NULL DEFAULT '0',
  `TransactionID` int(11) NOT NULL DEFAULT '0',
  `ComputerID` int(11) NOT NULL DEFAULT '0',
  `ProductID` int(11) NOT NULL DEFAULT '0',
  `CommPrice` decimal(18,4) NOT NULL DEFAULT '0.0000',
  `CommPriceVAT` decimal(18,4) NOT NULL DEFAULT '0.0000',
  PRIMARY KEY (`OrderDetailID`,`TransactionID`,`ComputerID`)
) ENGINE=InnoDB DEFAULT CHARSET=utf8;
/*!40101 SET character_set_client = @saved_cs_client */;

--
-- Dumping data for table `ordercommissiondetail`
--

LOCK TABLES `ordercommissiondetail` WRITE;
/*!40000 ALTER TABLE `ordercommissiondetail` DISABLE KEYS */;
/*!40000 ALTER TABLE `ordercommissiondetail` ENABLE KEYS */;
UNLOCK TABLES;

--
-- Table structure for table `ordercreatecouponvoucher`
--

DROP TABLE IF EXISTS `ordercreatecouponvoucher`;
/*!40101 SET @saved_cs_client     = @@character_set_client */;
/*!40101 SET character_set_client = utf8 */;
CREATE TABLE `ordercreatecouponvoucher` (
  `TransactionID` int(11) NOT NULL DEFAULT '0',
  `ComputerID` int(11) NOT NULL DEFAULT '0',
  `CreateID` int(11) NOT NULL DEFAULT '0',
  `VoucherTypeID` int(11) NOT NULL DEFAULT '0',
  `CreateVoucherNo` varchar(30) DEFAULT NULL,
  `TypeID` tinyint(4) NOT NULL DEFAULT '0',
  `ExpireDate` datetime DEFAULT NULL,
  `CreateFromPromotionID` int(11) DEFAULT '0',
  PRIMARY KEY (`TransactionID`,`ComputerID`,`CreateID`)
) ENGINE=InnoDB DEFAULT CHARSET=utf8;
/*!40101 SET character_set_client = @saved_cs_client */;

--
-- Dumping data for table `ordercreatecouponvoucher`
--

LOCK TABLES `ordercreatecouponvoucher` WRITE;
/*!40000 ALTER TABLE `ordercreatecouponvoucher` DISABLE KEYS */;
/*!40000 ALTER TABLE `ordercreatecouponvoucher` ENABLE KEYS */;
UNLOCK TABLES;

--
-- Table structure for table `ordercreatecouponvoucherfront`
--

DROP TABLE IF EXISTS `ordercreatecouponvoucherfront`;
/*!40101 SET @saved_cs_client     = @@character_set_client */;
/*!40101 SET character_set_client = utf8 */;
CREATE TABLE `ordercreatecouponvoucherfront` (
  `TransactionID` int(11) NOT NULL DEFAULT '0',
  `ComputerID` int(11) NOT NULL DEFAULT '0',
  `CreateID` int(11) NOT NULL DEFAULT '0',
  `VoucherTypeID` int(11) NOT NULL DEFAULT '0',
  `CreateVoucherNo` varchar(30) DEFAULT NULL,
  `TypeID` tinyint(4) NOT NULL DEFAULT '0',
  `ExpireDate` datetime DEFAULT NULL,
  `CreateFromPromotionID` int(11) DEFAULT '0',
  PRIMARY KEY (`TransactionID`,`ComputerID`,`CreateID`)
) ENGINE=InnoDB DEFAULT CHARSET=utf8;
/*!40101 SET character_set_client = @saved_cs_client */;

--
-- Dumping data for table `ordercreatecouponvoucherfront`
--

LOCK TABLES `ordercreatecouponvoucherfront` WRITE;
/*!40000 ALTER TABLE `ordercreatecouponvoucherfront` DISABLE KEYS */;
/*!40000 ALTER TABLE `ordercreatecouponvoucherfront` ENABLE KEYS */;
UNLOCK TABLES;

--
-- Table structure for table `orderdetail`
--

DROP TABLE IF EXISTS `orderdetail`;
/*!40101 SET @saved_cs_client     = @@character_set_client */;
/*!40101 SET character_set_client = utf8 */;
CREATE TABLE `orderdetail` (
  `OrderDetailID` int(11) NOT NULL DEFAULT '0',
  `TransactionID` int(11) NOT NULL DEFAULT '0',
  `ComputerID` int(11) NOT NULL DEFAULT '0',
  `ProductID` int(11) NOT NULL DEFAULT '0',
  `ProductSetType` int(11) NOT NULL DEFAULT '0',
  `OrderStatusID` smallint(6) NOT NULL DEFAULT '2',
  `SaleMode` tinyint(4) NOT NULL DEFAULT '1',
  `Amount` decimal(18,4) NOT NULL DEFAULT '0.0000',
  `Price` decimal(18,4) NOT NULL DEFAULT '0.0000',
  `RetailPrice` decimal(18,4) NOT NULL DEFAULT '0.0000',
  `MinimumPrice` decimal(18,4) NOT NULL DEFAULT '0.0000',
  `Comment` varchar(255) DEFAULT NULL,
  `OtherFoodName` varchar(50) NOT NULL DEFAULT '',
  `OtherProductGroupID` int(11) NOT NULL DEFAULT '0',
  `DiscountAllow` tinyint(2) NOT NULL DEFAULT '0',
  `ProductTotalPriceRoundingType` tinyint(4) NOT NULL DEFAULT '0',
  `LastTransactionID` int(11) DEFAULT NULL,
  `LastComputerID` int(11) DEFAULT NULL,
  `Deleted` tinyint(2) NOT NULL DEFAULT '0',
  `PrinterID` varchar(50) NOT NULL DEFAULT '',
  `PromotionPriceID` int(11) NOT NULL DEFAULT '0',
  `PromotionNPriceID` int(11) NOT NULL DEFAULT '0',
  `OrderStaffID` int(11) NOT NULL DEFAULT '0',
  `OrderComputerID` int(11) NOT NULL DEFAULT '0',
  `OrderTableID` int(11) NOT NULL DEFAULT '0',
  `VoidStaffID` int(11) NOT NULL DEFAULT '0',
  `VATType` tinyint(4) NOT NULL DEFAULT '1',
  `PrintGroup` tinyint(2) NOT NULL DEFAULT '0',
  `NoPrintBill` int(11) NOT NULL DEFAULT '0',
  `NoRePrintOrder` int(11) NOT NULL DEFAULT '0',
  `StaffID` int(11) NOT NULL DEFAULT '0',
  `OrderGroupID` int(11) NOT NULL DEFAULT '0',
  `SubRoomID` int(11) NOT NULL DEFAULT '0',
  `StartTime` datetime DEFAULT NULL,
  `DurationTime` int(11) NOT NULL DEFAULT '0',
  `HasServiceCharge` tinyint(2) NOT NULL DEFAULT '0',
  `PrintStatus` tinyint(4) NOT NULL DEFAULT '0',
  `ProcessID` int(11) NOT NULL DEFAULT '0',
  `SubmitOrderDateTime` datetime DEFAULT NULL,
  PRIMARY KEY (`OrderDetailID`,`TransactionID`,`ComputerID`),
  KEY `LinkIndex` (`TransactionID`,`ComputerID`),
  KEY `ProcessIndex` (`ProcessID`)
) ENGINE=InnoDB DEFAULT CHARSET=utf8;
/*!40101 SET character_set_client = @saved_cs_client */;

--
-- Dumping data for table `orderdetail`
--

LOCK TABLES `orderdetail` WRITE;
/*!40000 ALTER TABLE `orderdetail` DISABLE KEYS */;
/*!40000 ALTER TABLE `orderdetail` ENABLE KEYS */;
UNLOCK TABLES;

--
-- Table structure for table `orderdetailfront`
--

DROP TABLE IF EXISTS `orderdetailfront`;
/*!40101 SET @saved_cs_client     = @@character_set_client */;
/*!40101 SET character_set_client = utf8 */;
CREATE TABLE `orderdetailfront` (
  `OrderDetailID` int(11) NOT NULL DEFAULT '0',
  `TransactionID` int(11) NOT NULL DEFAULT '0',
  `ComputerID` int(11) NOT NULL DEFAULT '0',
  `ProductID` int(11) NOT NULL DEFAULT '0',
  `ProductSetType` int(11) NOT NULL DEFAULT '0',
  `OrderStatusID` smallint(6) NOT NULL DEFAULT '2',
  `SaleMode` tinyint(4) NOT NULL DEFAULT '1',
  `Amount` decimal(18,4) NOT NULL DEFAULT '0.0000',
  `Price` decimal(18,4) NOT NULL DEFAULT '0.0000',
  `RetailPrice` decimal(18,4) NOT NULL DEFAULT '0.0000',
  `MinimumPrice` decimal(18,4) NOT NULL DEFAULT '0.0000',
  `Comment` varchar(255) DEFAULT NULL,
  `OtherFoodName` varchar(50) NOT NULL DEFAULT '',
  `OtherProductGroupID` int(11) NOT NULL DEFAULT '0',
  `DiscountAllow` tinyint(2) NOT NULL DEFAULT '0',
  `ProductTotalPriceRoundingType` tinyint(4) NOT NULL DEFAULT '0',
  `LastTransactionID` int(11) DEFAULT NULL,
  `LastComputerID` int(11) DEFAULT NULL,
  `Deleted` tinyint(2) NOT NULL DEFAULT '0',
  `PrinterID` varchar(50) NOT NULL DEFAULT '',
  `PromotionPriceID` int(11) NOT NULL DEFAULT '0',
  `PromotionNPriceID` int(11) NOT NULL DEFAULT '0',
  `OrderStaffID` int(11) NOT NULL DEFAULT '0',
  `OrderComputerID` int(11) NOT NULL DEFAULT '0',
  `OrderTableID` int(11) NOT NULL DEFAULT '0',
  `VoidStaffID` int(11) NOT NULL DEFAULT '0',
  `VATType` tinyint(4) NOT NULL DEFAULT '1',
  `PrintGroup` tinyint(2) NOT NULL DEFAULT '0',
  `NoPrintBill` int(11) NOT NULL DEFAULT '0',
  `NoRePrintOrder` int(11) NOT NULL DEFAULT '0',
  `StaffID` int(11) NOT NULL DEFAULT '0',
  `OrderGroupID` int(11) NOT NULL DEFAULT '0',
  `SubRoomID` int(11) NOT NULL DEFAULT '0',
  `StartTime` datetime DEFAULT NULL,
  `DurationTime` int(11) NOT NULL DEFAULT '0',
  `HasServiceCharge` tinyint(2) NOT NULL DEFAULT '0',
  `PrintStatus` tinyint(4) NOT NULL DEFAULT '0',
  `ProcessID` int(11) NOT NULL DEFAULT '0',
  `SubmitOrderDateTime` datetime DEFAULT NULL,
  PRIMARY KEY (`OrderDetailID`,`TransactionID`,`ComputerID`)
) ENGINE=InnoDB DEFAULT CHARSET=utf8;
/*!40101 SET character_set_client = @saved_cs_client */;

--
-- Dumping data for table `orderdetailfront`
--

LOCK TABLES `orderdetailfront` WRITE;
/*!40000 ALTER TABLE `orderdetailfront` DISABLE KEYS */;
/*!40000 ALTER TABLE `orderdetailfront` ENABLE KEYS */;
UNLOCK TABLES;

--
-- Table structure for table `orderdetailpricecalculatetemp`
--

DROP TABLE IF EXISTS `orderdetailpricecalculatetemp`;
/*!40101 SET @saved_cs_client     = @@character_set_client */;
/*!40101 SET character_set_client = utf8 */;
CREATE TABLE `orderdetailpricecalculatetemp` (
  `OrderID` int(11) NOT NULL DEFAULT '0',
  `TransactionID` int(11) NOT NULL DEFAULT '0',
  `ComputerID` int(11) NOT NULL DEFAULT '0',
  `FoodID` int(11) NOT NULL DEFAULT '0',
  `FoodName` varchar(100) DEFAULT NULL,
  `ShopID` int(11) NOT NULL DEFAULT '0',
  `FoodAmount` decimal(10,4) NOT NULL DEFAULT '0.0000',
  `FoodPrice` decimal(18,4) NOT NULL DEFAULT '0.0000',
  `FoodRetailPrice` decimal(18,4) NOT NULL DEFAULT '0.0000',
  `FoodTotalPrice` decimal(18,4) NOT NULL DEFAULT '0.0000',
  `FoodMinimumPrice` decimal(18,4) NOT NULL DEFAULT '0.0000',
  `PriceBeforeAppliedNewVoucher` decimal(18,4) NOT NULL DEFAULT '0.0000',
  `CalculatePrice` decimal(18,4) NOT NULL DEFAULT '0.0000',
  `MemberDiscount` decimal(18,4) NOT NULL DEFAULT '0.0000',
  `StaffDiscount` decimal(18,4) NOT NULL DEFAULT '0.0000',
  `CouponDiscount` decimal(18,4) NOT NULL DEFAULT '0.0000',
  `OtherPercentDiscount` decimal(18,4) NOT NULL DEFAULT '0.0000',
  `EachProductOtherDiscount` decimal(18,4) NOT NULL DEFAULT '0.0000',
  `OldVoucherDiscount` decimal(18,4) NOT NULL DEFAULT '0.0000',
  `PricePromotionDiscount` decimal(18,4) NOT NULL DEFAULT '0.0000',
  `VoucherDiscount` decimal(18,4) NOT NULL DEFAULT '0.0000',
  `DiscountAllow` tinyint(2) NOT NULL DEFAULT '0',
  `DiscountAllowSameLV` tinyint(2) NOT NULL DEFAULT '0',
  `ProductTotalPriceRoundingType` tinyint(4) NOT NULL DEFAULT '0',
  `MemberPercent` decimal(5,2) NOT NULL DEFAULT '0.00',
  `MemberAmount` decimal(18,4) NOT NULL DEFAULT '0.0000',
  `CouponPercent` decimal(5,2) NOT NULL DEFAULT '0.00',
  `CouponAmount` decimal(18,4) NOT NULL DEFAULT '0.0000',
  `OtherPercent` decimal(5,2) NOT NULL DEFAULT '0.00',
  `VATType` tinyint(4) NOT NULL DEFAULT '1',
  `SaleServiceCharge` decimal(18,4) NOT NULL DEFAULT '0.0000',
  `SaleVAT` decimal(18,4) NOT NULL DEFAULT '0.0000',
  `DiscountAllowBeforeVoucher` tinyint(2) NOT NULL DEFAULT '0',
  `DiscountAllowBeforeMember` tinyint(2) NOT NULL DEFAULT '0',
  `DiscountAllowBeforeStaff` tinyint(2) NOT NULL DEFAULT '0',
  `DiscountAllowBeforeCoupon` tinyint(2) NOT NULL DEFAULT '0',
  `DiscountAllowBeforeOther` tinyint(2) NOT NULL DEFAULT '0',
  `DiscountAllowSameLVAtVoucher` tinyint(2) NOT NULL DEFAULT '0',
  `DiscountAllowSameLVAtCoupon` tinyint(2) NOT NULL DEFAULT '0',
  PRIMARY KEY (`OrderID`,`TransactionID`,`ComputerID`)
) ENGINE=InnoDB DEFAULT CHARSET=utf8;
/*!40101 SET character_set_client = @saved_cs_client */;

--
-- Dumping data for table `orderdetailpricecalculatetemp`
--

LOCK TABLES `orderdetailpricecalculatetemp` WRITE;
/*!40000 ALTER TABLE `orderdetailpricecalculatetemp` DISABLE KEYS */;
/*!40000 ALTER TABLE `orderdetailpricecalculatetemp` ENABLE KEYS */;
UNLOCK TABLES;

--
-- Table structure for table `orderdetailpriceotherdiscounttemp`
--

DROP TABLE IF EXISTS `orderdetailpriceotherdiscounttemp`;
/*!40101 SET @saved_cs_client     = @@character_set_client */;
/*!40101 SET character_set_client = utf8 */;
CREATE TABLE `orderdetailpriceotherdiscounttemp` (
  `OrderDetailID` int(11) NOT NULL DEFAULT '0',
  `TransactionID` int(11) NOT NULL DEFAULT '0',
  `ComputerID` int(11) NOT NULL DEFAULT '0',
  `EachProductOtherDiscount` decimal(18,4) NOT NULL DEFAULT '0.0000',
  `EachProductDiscountPercent` decimal(8,4) NOT NULL DEFAULT '0.0000',
  PRIMARY KEY (`OrderDetailID`,`TransactionID`,`ComputerID`)
) ENGINE=InnoDB DEFAULT CHARSET=utf8;
/*!40101 SET character_set_client = @saved_cs_client */;

--
-- Dumping data for table `orderdetailpriceotherdiscounttemp`
--

LOCK TABLES `orderdetailpriceotherdiscounttemp` WRITE;
/*!40000 ALTER TABLE `orderdetailpriceotherdiscounttemp` DISABLE KEYS */;
/*!40000 ALTER TABLE `orderdetailpriceotherdiscounttemp` ENABLE KEYS */;
UNLOCK TABLES;

--
-- Table structure for table `orderdiscountdetail`
--

DROP TABLE IF EXISTS `orderdiscountdetail`;
/*!40101 SET @saved_cs_client     = @@character_set_client */;
/*!40101 SET character_set_client = utf8 */;
CREATE TABLE `orderdiscountdetail` (
  `OrderDetailID` int(11) NOT NULL DEFAULT '0',
  `TransactionID` int(11) NOT NULL DEFAULT '0',
  `ComputerID` int(11) NOT NULL DEFAULT '0',
  `FoodID` int(11) DEFAULT NULL,
  `MemberDiscount` decimal(18,4) NOT NULL DEFAULT '0.0000',
  `StaffDiscount` decimal(18,4) NOT NULL DEFAULT '0.0000',
  `CouponDiscount` decimal(18,4) NOT NULL DEFAULT '0.0000',
  `OtherPercentDiscount` decimal(18,4) NOT NULL DEFAULT '0.0000',
  `EachProductOtherDiscount` decimal(18,4) NOT NULL DEFAULT '0.0000',
  `VoucherDiscount` decimal(18,4) NOT NULL DEFAULT '0.0000',
  `PricePromotionDiscount` decimal(18,4) NOT NULL DEFAULT '0.0000',
  `SalePrice` decimal(18,4) NOT NULL DEFAULT '0.0000',
  `SaleVAT` decimal(18,4) NOT NULL DEFAULT '0.0000',
  `SaleServiceCharge` decimal(18,4) NOT NULL DEFAULT '0.0000',
  `TotalRetailPrice` decimal(18,4) NOT NULL DEFAULT '0.0000',
  `TotalPrice` decimal(18,4) NOT NULL DEFAULT '0.0000',
  PRIMARY KEY (`OrderDetailID`,`TransactionID`,`ComputerID`),
  KEY `LinkIndex` (`TransactionID`,`ComputerID`)
) ENGINE=InnoDB DEFAULT CHARSET=utf8;
/*!40101 SET character_set_client = @saved_cs_client */;

--
-- Dumping data for table `orderdiscountdetail`
--

LOCK TABLES `orderdiscountdetail` WRITE;
/*!40000 ALTER TABLE `orderdiscountdetail` DISABLE KEYS */;
/*!40000 ALTER TABLE `orderdiscountdetail` ENABLE KEYS */;
UNLOCK TABLES;

--
-- Table structure for table `orderdiscountdetailfront`
--

DROP TABLE IF EXISTS `orderdiscountdetailfront`;
/*!40101 SET @saved_cs_client     = @@character_set_client */;
/*!40101 SET character_set_client = utf8 */;
CREATE TABLE `orderdiscountdetailfront` (
  `OrderDetailID` int(11) NOT NULL DEFAULT '0',
  `TransactionID` int(11) NOT NULL DEFAULT '0',
  `ComputerID` int(11) NOT NULL DEFAULT '0',
  `FoodID` int(11) DEFAULT NULL,
  `MemberDiscount` decimal(18,4) NOT NULL DEFAULT '0.0000',
  `StaffDiscount` decimal(18,4) NOT NULL DEFAULT '0.0000',
  `CouponDiscount` decimal(18,4) NOT NULL DEFAULT '0.0000',
  `OtherPercentDiscount` decimal(18,4) NOT NULL DEFAULT '0.0000',
  `EachProductOtherDiscount` decimal(18,4) NOT NULL DEFAULT '0.0000',
  `VoucherDiscount` decimal(18,4) NOT NULL DEFAULT '0.0000',
  `PricePromotionDiscount` decimal(18,4) NOT NULL DEFAULT '0.0000',
  `SalePrice` decimal(18,4) NOT NULL DEFAULT '0.0000',
  `SaleVAT` decimal(18,4) NOT NULL DEFAULT '0.0000',
  `SaleServiceCharge` decimal(18,4) NOT NULL DEFAULT '0.0000',
  `TotalRetailPrice` decimal(18,4) NOT NULL DEFAULT '0.0000',
  `TotalPrice` decimal(18,4) NOT NULL DEFAULT '0.0000',
  PRIMARY KEY (`OrderDetailID`,`TransactionID`,`ComputerID`)
) ENGINE=InnoDB DEFAULT CHARSET=utf8;
/*!40101 SET character_set_client = @saved_cs_client */;

--
-- Dumping data for table `orderdiscountdetailfront`
--

LOCK TABLES `orderdiscountdetailfront` WRITE;
/*!40000 ALTER TABLE `orderdiscountdetailfront` DISABLE KEYS */;
/*!40000 ALTER TABLE `orderdiscountdetailfront` ENABLE KEYS */;
UNLOCK TABLES;

--
-- Table structure for table `orderfulltaxinvoicelink`
--

DROP TABLE IF EXISTS `orderfulltaxinvoicelink`;
/*!40101 SET @saved_cs_client     = @@character_set_client */;
/*!40101 SET character_set_client = utf8 */;
CREATE TABLE `orderfulltaxinvoicelink` (
  `FullTaxInvoiceID` int(11) NOT NULL DEFAULT '0',
  `FullTaxInvoiceComputerID` int(11) NOT NULL DEFAULT '0',
  `TransactionID` int(11) NOT NULL DEFAULT '0',
  `ComputerID` int(11) NOT NULL DEFAULT '0',
  `ShopID` int(11) NOT NULL DEFAULT '0',
  `FullTaxStatus` int(11) NOT NULL DEFAULT '0',
  `UpdateDate` datetime DEFAULT NULL,
  PRIMARY KEY (`FullTaxInvoiceID`,`FullTaxInvoiceComputerID`,`TransactionID`,`ComputerID`)
) ENGINE=InnoDB DEFAULT CHARSET=tis620;
/*!40101 SET character_set_client = @saved_cs_client */;

--
-- Dumping data for table `orderfulltaxinvoicelink`
--

LOCK TABLES `orderfulltaxinvoicelink` WRITE;
/*!40000 ALTER TABLE `orderfulltaxinvoicelink` DISABLE KEYS */;
/*!40000 ALTER TABLE `orderfulltaxinvoicelink` ENABLE KEYS */;
UNLOCK TABLES;

--
-- Table structure for table `orderfulltaxinvoicelinktemp`
--

DROP TABLE IF EXISTS `orderfulltaxinvoicelinktemp`;
/*!40101 SET @saved_cs_client     = @@character_set_client */;
/*!40101 SET character_set_client = utf8 */;
CREATE TABLE `orderfulltaxinvoicelinktemp` (
  `SaveComputerID` int(11) NOT NULL DEFAULT '0',
  `TransactionID` int(11) NOT NULL DEFAULT '0',
  `ComputerID` int(11) NOT NULL DEFAULT '0',
  PRIMARY KEY (`SaveComputerID`,`TransactionID`,`ComputerID`)
) ENGINE=InnoDB DEFAULT CHARSET=tis620;
/*!40101 SET character_set_client = @saved_cs_client */;

--
-- Dumping data for table `orderfulltaxinvoicelinktemp`
--

LOCK TABLES `orderfulltaxinvoicelinktemp` WRITE;
/*!40000 ALTER TABLE `orderfulltaxinvoicelinktemp` DISABLE KEYS */;
/*!40000 ALTER TABLE `orderfulltaxinvoicelinktemp` ENABLE KEYS */;
UNLOCK TABLES;

--
-- Table structure for table `ordergroupnomapping`
--

DROP TABLE IF EXISTS `ordergroupnomapping`;
/*!40101 SET @saved_cs_client     = @@character_set_client */;
/*!40101 SET character_set_client = utf8 */;
CREATE TABLE `ordergroupnomapping` (
  `GroupNo` tinyint(4) NOT NULL DEFAULT '0',
  `GroupNoName` varchar(20) DEFAULT NULL,
  `GroupNoShortName` varchar(10) DEFAULT NULL,
  `GroupNoPrintName` varchar(20) DEFAULT NULL,
  PRIMARY KEY (`GroupNo`)
) ENGINE=InnoDB DEFAULT CHARSET=utf8;
/*!40101 SET character_set_client = @saved_cs_client */;

--
-- Dumping data for table `ordergroupnomapping`
--

LOCK TABLES `ordergroupnomapping` WRITE;
/*!40000 ALTER TABLE `ordergroupnomapping` DISABLE KEYS */;
/*!40000 ALTER TABLE `ordergroupnomapping` ENABLE KEYS */;
UNLOCK TABLES;

--
-- Table structure for table `orderingprintbilldetailtype`
--

DROP TABLE IF EXISTS `orderingprintbilldetailtype`;
/*!40101 SET @saved_cs_client     = @@character_set_client */;
/*!40101 SET character_set_client = utf8 */;
CREATE TABLE `orderingprintbilldetailtype` (
  `OrderingID` smallint(6) NOT NULL DEFAULT '0',
  `Description` varchar(100) DEFAULT NULL,
  PRIMARY KEY (`OrderingID`)
) ENGINE=InnoDB DEFAULT CHARSET=utf8;
/*!40101 SET character_set_client = @saved_cs_client */;

--
-- Dumping data for table `orderingprintbilldetailtype`
--

LOCK TABLES `orderingprintbilldetailtype` WRITE;
/*!40000 ALTER TABLE `orderingprintbilldetailtype` DISABLE KEYS */;
INSERT INTO `orderingprintbilldetailtype` VALUES (1,'No Grouping, Order by Display at Front'),(2,'Grouping, Order by ProuctGroup Order'),(3,'Grouping, Order by Display at Front'),(4,'Grouping And Group To Dept, Order by ProuctGroup Order'),(5,'Grouping And Group To Dept, Order by Display at Front'),(6,'Grouping By Submit Order DateTime');
/*!40000 ALTER TABLE `orderingprintbilldetailtype` ENABLE KEYS */;
UNLOCK TABLES;

--
-- Table structure for table `ordernbonuspromotionrecordtemp`
--

DROP TABLE IF EXISTS `ordernbonuspromotionrecordtemp`;
/*!40101 SET @saved_cs_client     = @@character_set_client */;
/*!40101 SET character_set_client = utf8 */;
CREATE TABLE `ordernbonuspromotionrecordtemp` (
  `RecordID` int(11) NOT NULL AUTO_INCREMENT,
  `TransactionID` int(11) NOT NULL DEFAULT '0',
  `ComputerID` int(11) NOT NULL DEFAULT '0',
  `DiscountType` tinyint(4) NOT NULL DEFAULT '0',
  `DiscountTypeName` varchar(5) DEFAULT NULL,
  `BonusNPromoID` int(11) NOT NULL DEFAULT '0',
  `PromoAmountType` tinyint(4) NOT NULL DEFAULT '0',
  PRIMARY KEY (`RecordID`)
) ENGINE=InnoDB DEFAULT CHARSET=utf8;
/*!40101 SET character_set_client = @saved_cs_client */;

--
-- Dumping data for table `ordernbonuspromotionrecordtemp`
--

LOCK TABLES `ordernbonuspromotionrecordtemp` WRITE;
/*!40000 ALTER TABLE `ordernbonuspromotionrecordtemp` DISABLE KEYS */;
/*!40000 ALTER TABLE `ordernbonuspromotionrecordtemp` ENABLE KEYS */;
UNLOCK TABLES;

--
-- Table structure for table `orderprepaidtopupinfo`
--

DROP TABLE IF EXISTS `orderprepaidtopupinfo`;
/*!40101 SET @saved_cs_client     = @@character_set_client */;
/*!40101 SET character_set_client = utf8 */;
CREATE TABLE `orderprepaidtopupinfo` (
  `TransactionID` int(11) NOT NULL DEFAULT '0',
  `ComputerID` int(11) NOT NULL DEFAULT '0',
  `OrderDetailID` int(11) NOT NULL DEFAULT '0',
  `CardID` int(11) NOT NULL DEFAULT '0',
  `CardProductLevelID` int(11) NOT NULL DEFAULT '0',
  `CardNo` varchar(30) DEFAULT NULL,
  `DepositAmount` decimal(18,4) NOT NULL DEFAULT '0.0000',
  `TopupAmount` decimal(18,4) NOT NULL DEFAULT '0.0000',
  `SalePrice` decimal(18,4) NOT NULL DEFAULT '0.0000',
  `MemberID` int(11) NOT NULL DEFAULT '0',
  `ExpireDate` date DEFAULT NULL,
  PRIMARY KEY (`TransactionID`,`ComputerID`,`OrderDetailID`)
) ENGINE=InnoDB DEFAULT CHARSET=utf8;
/*!40101 SET character_set_client = @saved_cs_client */;

--
-- Dumping data for table `orderprepaidtopupinfo`
--

LOCK TABLES `orderprepaidtopupinfo` WRITE;
/*!40000 ALTER TABLE `orderprepaidtopupinfo` DISABLE KEYS */;
/*!40000 ALTER TABLE `orderprepaidtopupinfo` ENABLE KEYS */;
UNLOCK TABLES;

--
-- Table structure for table `orderprepaidtopupinfofront`
--

DROP TABLE IF EXISTS `orderprepaidtopupinfofront`;
/*!40101 SET @saved_cs_client     = @@character_set_client */;
/*!40101 SET character_set_client = utf8 */;
CREATE TABLE `orderprepaidtopupinfofront` (
  `TransactionID` int(11) NOT NULL DEFAULT '0',
  `ComputerID` int(11) NOT NULL DEFAULT '0',
  `OrderDetailID` int(11) NOT NULL DEFAULT '0',
  `CardID` int(11) NOT NULL DEFAULT '0',
  `CardProductLevelID` int(11) NOT NULL DEFAULT '0',
  `CardNo` varchar(30) DEFAULT NULL,
  `DepositAmount` decimal(18,4) NOT NULL DEFAULT '0.0000',
  `TopupAmount` decimal(18,4) NOT NULL DEFAULT '0.0000',
  `SalePrice` decimal(18,4) NOT NULL DEFAULT '0.0000',
  `MemberID` int(11) NOT NULL DEFAULT '0',
  `ExpireDate` date DEFAULT NULL,
  PRIMARY KEY (`TransactionID`,`ComputerID`,`OrderDetailID`)
) ENGINE=InnoDB DEFAULT CHARSET=utf8;
/*!40101 SET character_set_client = @saved_cs_client */;

--
-- Dumping data for table `orderprepaidtopupinfofront`
--

LOCK TABLES `orderprepaidtopupinfofront` WRITE;
/*!40000 ALTER TABLE `orderprepaidtopupinfofront` DISABLE KEYS */;
/*!40000 ALTER TABLE `orderprepaidtopupinfofront` ENABLE KEYS */;
UNLOCK TABLES;

--
-- Table structure for table `orderprinterdetailtemp`
--

DROP TABLE IF EXISTS `orderprinterdetailtemp`;
/*!40101 SET @saved_cs_client     = @@character_set_client */;
/*!40101 SET character_set_client = utf8 */;
CREATE TABLE `orderprinterdetailtemp` (
  `OrderDetailID` int(11) NOT NULL DEFAULT '0',
  `TransactionID` int(11) NOT NULL DEFAULT '0',
  `ComputerID` int(11) NOT NULL DEFAULT '0',
  `PrinterID` tinyint(4) NOT NULL DEFAULT '0',
  `ForPrintKDS` tinyint(4) NOT NULL DEFAULT '0',
  `ProcessID` int(11) NOT NULL DEFAULT '0',
  `KDSStep` tinyint(4) NOT NULL DEFAULT '0',
  `KDSID` int(11) NOT NULL DEFAULT '0',
  `PrintFromComputerID` int(11) NOT NULL DEFAULT '0',
  PRIMARY KEY (`TransactionID`,`ComputerID`,`OrderDetailID`,`PrinterID`,`ProcessID`,`KDSStep`,`KDSID`)
) ENGINE=InnoDB DEFAULT CHARSET=utf8;
/*!40101 SET character_set_client = @saved_cs_client */;

--
-- Dumping data for table `orderprinterdetailtemp`
--

LOCK TABLES `orderprinterdetailtemp` WRITE;
/*!40000 ALTER TABLE `orderprinterdetailtemp` DISABLE KEYS */;
/*!40000 ALTER TABLE `orderprinterdetailtemp` ENABLE KEYS */;
UNLOCK TABLES;

--
-- Table structure for table `orderprintnorecord`
--

DROP TABLE IF EXISTS `orderprintnorecord`;
/*!40101 SET @saved_cs_client     = @@character_set_client */;
/*!40101 SET character_set_client = utf8 */;
CREATE TABLE `orderprintnorecord` (
  `OrderDetailID` int(11) NOT NULL DEFAULT '0',
  `TransactionID` int(11) NOT NULL DEFAULT '0',
  `ComputerID` int(11) NOT NULL DEFAULT '0',
  `PrintNo` int(11) NOT NULL DEFAULT '0',
  PRIMARY KEY (`OrderDetailID`,`TransactionID`,`ComputerID`)
) ENGINE=InnoDB DEFAULT CHARSET=utf8;
/*!40101 SET character_set_client = @saved_cs_client */;

--
-- Dumping data for table `orderprintnorecord`
--

LOCK TABLES `orderprintnorecord` WRITE;
/*!40000 ALTER TABLE `orderprintnorecord` DISABLE KEYS */;
/*!40000 ALTER TABLE `orderprintnorecord` ENABLE KEYS */;
UNLOCK TABLES;

--
-- Table structure for table `orderprintnorecordfront`
--

DROP TABLE IF EXISTS `orderprintnorecordfront`;
/*!40101 SET @saved_cs_client     = @@character_set_client */;
/*!40101 SET character_set_client = utf8 */;
CREATE TABLE `orderprintnorecordfront` (
  `OrderDetailID` int(11) NOT NULL DEFAULT '0',
  `TransactionID` int(11) NOT NULL DEFAULT '0',
  `ComputerID` int(11) NOT NULL DEFAULT '0',
  `PrintNo` int(11) NOT NULL DEFAULT '0',
  PRIMARY KEY (`OrderDetailID`,`TransactionID`,`ComputerID`)
) ENGINE=InnoDB DEFAULT CHARSET=utf8;
/*!40101 SET character_set_client = @saved_cs_client */;

--
-- Dumping data for table `orderprintnorecordfront`
--

LOCK TABLES `orderprintnorecordfront` WRITE;
/*!40000 ALTER TABLE `orderprintnorecordfront` DISABLE KEYS */;
/*!40000 ALTER TABLE `orderprintnorecordfront` ENABLE KEYS */;
UNLOCK TABLES;

--
-- Table structure for table `orderprintstatus`
--

DROP TABLE IF EXISTS `orderprintstatus`;
/*!40101 SET @saved_cs_client     = @@character_set_client */;
/*!40101 SET character_set_client = utf8 */;
CREATE TABLE `orderprintstatus` (
  `OrderPrintStatusID` int(11) NOT NULL DEFAULT '0',
  `OrderPrintStatusName` varchar(50) DEFAULT NULL,
  PRIMARY KEY (`OrderPrintStatusID`)
) ENGINE=InnoDB DEFAULT CHARSET=utf8;
/*!40101 SET character_set_client = @saved_cs_client */;

--
-- Dumping data for table `orderprintstatus`
--

LOCK TABLES `orderprintstatus` WRITE;
/*!40000 ALTER TABLE `orderprintstatus` DISABLE KEYS */;
INSERT INTO `orderprintstatus` VALUES (0,'NoPrintBeforeSubmit'),(1,'NotPrintYet'),(2,'Print'),(3,'NoPrintAfterSubmit');
/*!40000 ALTER TABLE `orderprintstatus` ENABLE KEYS */;
UNLOCK TABLES;

--
-- Table structure for table `orderprocessdetail`
--

DROP TABLE IF EXISTS `orderprocessdetail`;
/*!40101 SET @saved_cs_client     = @@character_set_client */;
/*!40101 SET character_set_client = utf8 */;
CREATE TABLE `orderprocessdetail` (
  `ProductLevelID` int(11) NOT NULL DEFAULT '0',
  `ProcessID` int(11) NOT NULL DEFAULT '0',
  `SubProcessID` int(11) NOT NULL DEFAULT '0',
  `TransactionID` int(11) NOT NULL DEFAULT '0',
  `ComputerID` int(11) NOT NULL DEFAULT '0',
  `OrderDetailID` int(11) NOT NULL DEFAULT '0',
  `ProductID` int(11) NOT NULL DEFAULT '0',
  `ProductName` varchar(100) DEFAULT NULL,
  `ProductAmount` decimal(10,2) NOT NULL DEFAULT '0.00',
  `ProductSetType` int(11) NOT NULL DEFAULT '0',
  `SubmitOrderStaffID` int(11) NOT NULL DEFAULT '0',
  `SubmitOrderDateTime` datetime DEFAULT NULL,
  `FinishStaffID` int(11) NOT NULL DEFAULT '0',
  `FinishDateTime` datetime DEFAULT NULL,
  `PrinterID` int(11) NOT NULL DEFAULT '0',
  `OrderNo` int(11) NOT NULL DEFAULT '0',
  `OrderDate` date DEFAULT NULL,
  `TableID` int(11) NOT NULL DEFAULT '0',
  `DisplayTableName` varchar(200) DEFAULT NULL,
  `ProcessStatus` tinyint(4) NOT NULL DEFAULT '0',
  `ParentProcessID` int(11) NOT NULL DEFAULT '0',
  PRIMARY KEY (`ProductLevelID`,`ProcessID`,`SubProcessID`,`PrinterID`),
  KEY `TransactionProcessIndex` (`TransactionID`,`ComputerID`,`OrderDetailID`),
  KEY `OrderDateIndex` (`ProductLevelID`,`OrderDate`)
) ENGINE=InnoDB DEFAULT CHARSET=utf8;
/*!40101 SET character_set_client = @saved_cs_client */;

--
-- Dumping data for table `orderprocessdetail`
--

LOCK TABLES `orderprocessdetail` WRITE;
/*!40000 ALTER TABLE `orderprocessdetail` DISABLE KEYS */;
/*!40000 ALTER TABLE `orderprocessdetail` ENABLE KEYS */;
UNLOCK TABLES;

--
-- Table structure for table `orderprocessdetailfront`
--

DROP TABLE IF EXISTS `orderprocessdetailfront`;
/*!40101 SET @saved_cs_client     = @@character_set_client */;
/*!40101 SET character_set_client = utf8 */;
CREATE TABLE `orderprocessdetailfront` (
  `ProductLevelID` int(11) NOT NULL DEFAULT '0',
  `ProcessID` int(11) NOT NULL DEFAULT '0',
  `SubProcessID` int(11) NOT NULL DEFAULT '0',
  `TransactionID` int(11) NOT NULL DEFAULT '0',
  `ComputerID` int(11) NOT NULL DEFAULT '0',
  `OrderDetailID` int(11) NOT NULL DEFAULT '0',
  `ProductID` int(11) NOT NULL DEFAULT '0',
  `ProductName` varchar(100) DEFAULT NULL,
  `ProductAmount` decimal(10,2) NOT NULL DEFAULT '0.00',
  `ProductSetType` int(11) NOT NULL DEFAULT '0',
  `SubmitOrderStaffID` int(11) NOT NULL DEFAULT '0',
  `SubmitOrderDateTime` datetime DEFAULT NULL,
  `FinishStaffID` int(11) NOT NULL DEFAULT '0',
  `FinishDateTime` datetime DEFAULT NULL,
  `PrinterID` int(11) NOT NULL DEFAULT '0',
  `OrderNo` int(11) NOT NULL DEFAULT '0',
  `OrderDate` date DEFAULT NULL,
  `TableID` int(11) NOT NULL DEFAULT '0',
  `DisplayTableName` varchar(200) DEFAULT NULL,
  `ProcessStatus` tinyint(4) NOT NULL DEFAULT '0',
  `ParentProcessID` int(11) NOT NULL DEFAULT '0',
  PRIMARY KEY (`ProductLevelID`,`ProcessID`,`SubProcessID`,`PrinterID`)
) ENGINE=InnoDB DEFAULT CHARSET=utf8;
/*!40101 SET character_set_client = @saved_cs_client */;

--
-- Dumping data for table `orderprocessdetailfront`
--

LOCK TABLES `orderprocessdetailfront` WRITE;
/*!40000 ALTER TABLE `orderprocessdetailfront` DISABLE KEYS */;
/*!40000 ALTER TABLE `orderprocessdetailfront` ENABLE KEYS */;
UNLOCK TABLES;

--
-- Table structure for table `orderprocessstatus`
--

DROP TABLE IF EXISTS `orderprocessstatus`;
/*!40101 SET @saved_cs_client     = @@character_set_client */;
/*!40101 SET character_set_client = utf8 */;
CREATE TABLE `orderprocessstatus` (
  `OrderProcessStatusID` int(11) NOT NULL DEFAULT '0',
  `OrderProcessStatusName` varchar(50) DEFAULT NULL,
  PRIMARY KEY (`OrderProcessStatusID`)
) ENGINE=InnoDB DEFAULT CHARSET=utf8;
/*!40101 SET character_set_client = @saved_cs_client */;

--
-- Dumping data for table `orderprocessstatus`
--

LOCK TABLES `orderprocessstatus` WRITE;
/*!40000 ALTER TABLE `orderprocessstatus` DISABLE KEYS */;
INSERT INTO `orderprocessstatus` VALUES (0,'In Process'),(1,'Finished'),(3,'Finished'),(4,'Finished');
/*!40000 ALTER TABLE `orderprocessstatus` ENABLE KEYS */;
UNLOCK TABLES;

--
-- Table structure for table `orderproductlinkdetail`
--

DROP TABLE IF EXISTS `orderproductlinkdetail`;
/*!40101 SET @saved_cs_client     = @@character_set_client */;
/*!40101 SET character_set_client = utf8 */;
CREATE TABLE `orderproductlinkdetail` (
  `TransactionID` int(11) NOT NULL DEFAULT '0',
  `ComputerID` int(11) NOT NULL DEFAULT '0',
  `OrderDetailID` int(11) NOT NULL DEFAULT '0',
  `ProductID` int(11) NOT NULL DEFAULT '0',
  `OrderLinkID` int(11) NOT NULL DEFAULT '0',
  `PGroupID` int(11) NOT NULL DEFAULT '0',
  `SetGroupNo` tinyint(4) NOT NULL DEFAULT '0',
  `AmountInFlexiblePerUnit` decimal(18,4) NOT NULL DEFAULT '1.0000',
  PRIMARY KEY (`TransactionID`,`ComputerID`,`OrderDetailID`),
  KEY `LinkIndex` (`TransactionID`,`ComputerID`,`OrderLinkID`)
) ENGINE=InnoDB DEFAULT CHARSET=utf8;
/*!40101 SET character_set_client = @saved_cs_client */;

--
-- Dumping data for table `orderproductlinkdetail`
--

LOCK TABLES `orderproductlinkdetail` WRITE;
/*!40000 ALTER TABLE `orderproductlinkdetail` DISABLE KEYS */;
/*!40000 ALTER TABLE `orderproductlinkdetail` ENABLE KEYS */;
UNLOCK TABLES;

--
-- Table structure for table `orderproductsetlinkdetailfront`
--

DROP TABLE IF EXISTS `orderproductsetlinkdetailfront`;
/*!40101 SET @saved_cs_client     = @@character_set_client */;
/*!40101 SET character_set_client = utf8 */;
CREATE TABLE `orderproductsetlinkdetailfront` (
  `OrderDetailID` int(11) NOT NULL DEFAULT '0',
  `TransactionID` int(11) NOT NULL DEFAULT '0',
  `ComputerID` int(11) NOT NULL DEFAULT '0',
  `ProductID` int(11) NOT NULL DEFAULT '0',
  `OrderLinkID` int(11) NOT NULL DEFAULT '0',
  `CommissionPrice` decimal(18,4) NOT NULL DEFAULT '0.0000',
  `CommissionPriceVAT` decimal(18,4) NOT NULL DEFAULT '0.0000',
  `PGroupID` int(11) NOT NULL DEFAULT '0',
  `SetGroupNo` tinyint(4) NOT NULL DEFAULT '0',
  `AmountInFlexiblePerUnit` decimal(18,4) NOT NULL DEFAULT '1.0000',
  PRIMARY KEY (`OrderDetailID`,`TransactionID`,`ComputerID`)
) ENGINE=InnoDB DEFAULT CHARSET=utf8;
/*!40101 SET character_set_client = @saved_cs_client */;

--
-- Dumping data for table `orderproductsetlinkdetailfront`
--

LOCK TABLES `orderproductsetlinkdetailfront` WRITE;
/*!40000 ALTER TABLE `orderproductsetlinkdetailfront` DISABLE KEYS */;
/*!40000 ALTER TABLE `orderproductsetlinkdetailfront` ENABLE KEYS */;
UNLOCK TABLES;

--
-- Table structure for table `orderpromotiondiscountdetail`
--

DROP TABLE IF EXISTS `orderpromotiondiscountdetail`;
/*!40101 SET @saved_cs_client     = @@character_set_client */;
/*!40101 SET character_set_client = utf8 */;
CREATE TABLE `orderpromotiondiscountdetail` (
  `TransactionID` int(11) NOT NULL DEFAULT '0',
  `ComputerID` int(11) NOT NULL DEFAULT '0',
  `OrderDetailID` int(11) NOT NULL DEFAULT '0',
  `TypeID` tinyint(4) NOT NULL DEFAULT '0',
  `PriceGroupID` int(11) NOT NULL DEFAULT '0',
  `DiscountNo` smallint(6) NOT NULL DEFAULT '0',
  `LinkID` int(11) NOT NULL DEFAULT '0',
  `VoucherID` int(11) NOT NULL DEFAULT '0',
  `CalculateOrder` tinyint(4) NOT NULL DEFAULT '0',
  `OtherPercentDiscount` decimal(5,2) NOT NULL DEFAULT '0.00',
  `DiscountPrice` decimal(18,4) NOT NULL DEFAULT '0.0000',
  `PriceAfterDiscount` decimal(18,4) NOT NULL DEFAULT '0.0000',
  PRIMARY KEY (`TransactionID`,`ComputerID`,`OrderDetailID`,`TypeID`,`PriceGroupID`,`DiscountNo`)
) ENGINE=InnoDB DEFAULT CHARSET=utf8;
/*!40101 SET character_set_client = @saved_cs_client */;

--
-- Dumping data for table `orderpromotiondiscountdetail`
--

LOCK TABLES `orderpromotiondiscountdetail` WRITE;
/*!40000 ALTER TABLE `orderpromotiondiscountdetail` DISABLE KEYS */;
/*!40000 ALTER TABLE `orderpromotiondiscountdetail` ENABLE KEYS */;
UNLOCK TABLES;

--
-- Table structure for table `orderpromotiondiscountdetailfront`
--

DROP TABLE IF EXISTS `orderpromotiondiscountdetailfront`;
/*!40101 SET @saved_cs_client     = @@character_set_client */;
/*!40101 SET character_set_client = utf8 */;
CREATE TABLE `orderpromotiondiscountdetailfront` (
  `TransactionID` int(11) NOT NULL DEFAULT '0',
  `ComputerID` int(11) NOT NULL DEFAULT '0',
  `OrderDetailID` int(11) NOT NULL DEFAULT '0',
  `TypeID` tinyint(4) NOT NULL DEFAULT '0',
  `PriceGroupID` int(11) NOT NULL DEFAULT '0',
  `DiscountNo` smallint(6) NOT NULL DEFAULT '0',
  `LinkID` int(11) NOT NULL DEFAULT '0',
  `VoucherID` int(11) NOT NULL DEFAULT '0',
  `CalculateOrder` tinyint(4) NOT NULL DEFAULT '0',
  `OtherPercentDiscount` decimal(5,2) NOT NULL DEFAULT '0.00',
  `DiscountPrice` decimal(18,4) NOT NULL DEFAULT '0.0000',
  `PriceAfterDiscount` decimal(18,4) NOT NULL DEFAULT '0.0000',
  PRIMARY KEY (`TransactionID`,`ComputerID`,`OrderDetailID`,`TypeID`,`PriceGroupID`,`DiscountNo`)
) ENGINE=InnoDB DEFAULT CHARSET=utf8;
/*!40101 SET character_set_client = @saved_cs_client */;

--
-- Dumping data for table `orderpromotiondiscountdetailfront`
--

LOCK TABLES `orderpromotiondiscountdetailfront` WRITE;
/*!40000 ALTER TABLE `orderpromotiondiscountdetailfront` DISABLE KEYS */;
/*!40000 ALTER TABLE `orderpromotiondiscountdetailfront` ENABLE KEYS */;
UNLOCK TABLES;

--
-- Table structure for table `orderreturnproductlinktemp`
--

DROP TABLE IF EXISTS `orderreturnproductlinktemp`;
/*!40101 SET @saved_cs_client     = @@character_set_client */;
/*!40101 SET character_set_client = utf8 */;
CREATE TABLE `orderreturnproductlinktemp` (
  `TransactionID` int(11) NOT NULL DEFAULT '0',
  `ComputerID` int(11) NOT NULL DEFAULT '0',
  `OrderDetailID` int(11) NOT NULL DEFAULT '0',
  `ReturnFromOrderDetailID` int(11) NOT NULL DEFAULT '0',
  PRIMARY KEY (`TransactionID`,`ComputerID`,`OrderDetailID`)
) ENGINE=InnoDB DEFAULT CHARSET=utf8;
/*!40101 SET character_set_client = @saved_cs_client */;

--
-- Dumping data for table `orderreturnproductlinktemp`
--

LOCK TABLES `orderreturnproductlinktemp` WRITE;
/*!40000 ALTER TABLE `orderreturnproductlinktemp` DISABLE KEYS */;
/*!40000 ALTER TABLE `orderreturnproductlinktemp` ENABLE KEYS */;
UNLOCK TABLES;

--
-- Table structure for table `orderselectpromotiontemp`
--

DROP TABLE IF EXISTS `orderselectpromotiontemp`;
/*!40101 SET @saved_cs_client     = @@character_set_client */;
/*!40101 SET character_set_client = utf8 */;
CREATE TABLE `orderselectpromotiontemp` (
  `TransactionID` int(11) NOT NULL DEFAULT '0',
  `ComputerID` int(11) NOT NULL DEFAULT '0',
  `OrderDetailID` int(11) NOT NULL DEFAULT '0',
  `TypeID` tinyint(4) NOT NULL DEFAULT '0',
  `PriceGroupID` int(11) NOT NULL DEFAULT '0',
  `DiscountNo` smallint(6) NOT NULL DEFAULT '0',
  `LinkID` int(11) NOT NULL DEFAULT '0',
  `VoucherID` int(11) NOT NULL DEFAULT '0',
  `OtherPercentDiscount` decimal(5,2) NOT NULL DEFAULT '0.00',
  `OtherAmountDiscount` decimal(18,4) NOT NULL DEFAULT '0.0000',
  PRIMARY KEY (`TransactionID`,`ComputerID`,`OrderDetailID`,`TypeID`,`PriceGroupID`,`DiscountNo`)
) ENGINE=InnoDB DEFAULT CHARSET=utf8;
/*!40101 SET character_set_client = @saved_cs_client */;

--
-- Dumping data for table `orderselectpromotiontemp`
--

LOCK TABLES `orderselectpromotiontemp` WRITE;
/*!40000 ALTER TABLE `orderselectpromotiontemp` DISABLE KEYS */;
/*!40000 ALTER TABLE `orderselectpromotiontemp` ENABLE KEYS */;
UNLOCK TABLES;

--
-- Table structure for table `orderspaproductsetlinkdetail`
--

DROP TABLE IF EXISTS `orderspaproductsetlinkdetail`;
/*!40101 SET @saved_cs_client     = @@character_set_client */;
/*!40101 SET character_set_client = utf8 */;
CREATE TABLE `orderspaproductsetlinkdetail` (
  `OrderDetailID` int(11) NOT NULL DEFAULT '0',
  `TransactionID` int(11) NOT NULL DEFAULT '0',
  `ComputerID` int(11) NOT NULL DEFAULT '0',
  `ProductID` int(11) NOT NULL DEFAULT '0',
  `OrderLinkID` int(11) NOT NULL DEFAULT '0',
  `CommissionPrice` decimal(18,4) NOT NULL DEFAULT '0.0000',
  `CommissionPriceVAT` decimal(18,4) NOT NULL DEFAULT '0.0000',
  `PGroupID` int(11) NOT NULL DEFAULT '0',
  `SetGroupNo` tinyint(4) NOT NULL DEFAULT '0',
  `AmountInFlexiblePerUnit` decimal(18,4) NOT NULL DEFAULT '1.0000',
  PRIMARY KEY (`OrderDetailID`,`TransactionID`,`ComputerID`),
  KEY `LinkIndex` (`TransactionID`,`ComputerID`,`OrderLinkID`)
) ENGINE=InnoDB DEFAULT CHARSET=utf8;
/*!40101 SET character_set_client = @saved_cs_client */;

--
-- Dumping data for table `orderspaproductsetlinkdetail`
--

LOCK TABLES `orderspaproductsetlinkdetail` WRITE;
/*!40000 ALTER TABLE `orderspaproductsetlinkdetail` DISABLE KEYS */;
/*!40000 ALTER TABLE `orderspaproductsetlinkdetail` ENABLE KEYS */;
UNLOCK TABLES;

--
-- Table structure for table `orderstaffdetail`
--

DROP TABLE IF EXISTS `orderstaffdetail`;
/*!40101 SET @saved_cs_client     = @@character_set_client */;
/*!40101 SET character_set_client = utf8 */;
CREATE TABLE `orderstaffdetail` (
  `TransactionID` int(11) NOT NULL DEFAULT '0',
  `ComputerID` int(11) NOT NULL DEFAULT '0',
  `OrderDetailID` int(11) NOT NULL DEFAULT '0',
  `StaffID` int(11) NOT NULL DEFAULT '0',
  `StartTime` datetime DEFAULT NULL,
  `DurationTime` int(11) NOT NULL DEFAULT '0',
  PRIMARY KEY (`TransactionID`,`ComputerID`,`OrderDetailID`,`StaffID`)
) ENGINE=InnoDB DEFAULT CHARSET=utf8;
/*!40101 SET character_set_client = @saved_cs_client */;

--
-- Dumping data for table `orderstaffdetail`
--

LOCK TABLES `orderstaffdetail` WRITE;
/*!40000 ALTER TABLE `orderstaffdetail` DISABLE KEYS */;
/*!40000 ALTER TABLE `orderstaffdetail` ENABLE KEYS */;
UNLOCK TABLES;

--
-- Table structure for table `orderstaffdetailfront`
--

DROP TABLE IF EXISTS `orderstaffdetailfront`;
/*!40101 SET @saved_cs_client     = @@character_set_client */;
/*!40101 SET character_set_client = utf8 */;
CREATE TABLE `orderstaffdetailfront` (
  `TransactionID` int(11) NOT NULL DEFAULT '0',
  `ComputerID` int(11) NOT NULL DEFAULT '0',
  `OrderDetailID` int(11) NOT NULL DEFAULT '0',
  `StaffID` int(11) NOT NULL DEFAULT '0',
  `StartTime` datetime DEFAULT NULL,
  `DurationTime` int(11) NOT NULL DEFAULT '0',
  PRIMARY KEY (`TransactionID`,`ComputerID`,`OrderDetailID`,`StaffID`)
) ENGINE=InnoDB DEFAULT CHARSET=utf8;
/*!40101 SET character_set_client = @saved_cs_client */;

--
-- Dumping data for table `orderstaffdetailfront`
--

LOCK TABLES `orderstaffdetailfront` WRITE;
/*!40000 ALTER TABLE `orderstaffdetailfront` DISABLE KEYS */;
/*!40000 ALTER TABLE `orderstaffdetailfront` ENABLE KEYS */;
UNLOCK TABLES;

--
-- Table structure for table `orderstatus`
--

DROP TABLE IF EXISTS `orderstatus`;
/*!40101 SET @saved_cs_client     = @@character_set_client */;
/*!40101 SET character_set_client = utf8 */;
CREATE TABLE `orderstatus` (
  `OrderStatusID` int(11) NOT NULL DEFAULT '0',
  `OrderStatusName` varchar(50) DEFAULT NULL,
  PRIMARY KEY (`OrderStatusID`)
) ENGINE=InnoDB DEFAULT CHARSET=utf8;
/*!40101 SET character_set_client = @saved_cs_client */;

--
-- Dumping data for table `orderstatus`
--

LOCK TABLES `orderstatus` WRITE;
/*!40000 ALTER TABLE `orderstatus` DISABLE KEYS */;
INSERT INTO `orderstatus` VALUES (1,'Print'),(2,'NotPrint'),(3,'Void'),(4,'VoidNotProduce'),(5,'PromotionProduct'),(6,'InProcess'),(7,'NotConfirmPromotionProduct'),(8,'InProcessPromotionProduct'),(9,'Free Product For BackRetail');
/*!40000 ALTER TABLE `orderstatus` ENABLE KEYS */;
UNLOCK TABLES;

--
-- Table structure for table `ordertransaction`
--

DROP TABLE IF EXISTS `ordertransaction`;
/*!40101 SET @saved_cs_client     = @@character_set_client */;
/*!40101 SET character_set_client = utf8 */;
CREATE TABLE `ordertransaction` (
  `TransactionID` int(11) NOT NULL DEFAULT '0',
  `ComputerID` int(11) NOT NULL DEFAULT '0',
  `ReserveTime` datetime DEFAULT NULL,
  `ReserveStaffID` int(11) DEFAULT '0',
  `OpenTime` datetime DEFAULT NULL,
  `OpenStaffID` int(11) DEFAULT '0',
  `PaidTime` datetime DEFAULT NULL,
  `PaidStaffID` int(11) DEFAULT '0',
  `CloseTime` datetime DEFAULT NULL,
  `CommStaffID` int(11) DEFAULT '0',
  `OtherPercentDiscount` decimal(5,2) NOT NULL DEFAULT '0.00',
  `OtherAmountDiscount` decimal(10,4) NOT NULL DEFAULT '0.0000',
  `TransactionStatusID` smallint(6) NOT NULL DEFAULT '1',
  `SaleMode` tinyint(4) NOT NULL DEFAULT '1',
  `TransactionName` varchar(50) DEFAULT NULL,
  `QueueName` varchar(50) DEFAULT NULL,
  `Deleted` tinyint(2) NOT NULL DEFAULT '0',
  `NoCustomer` smallint(6) DEFAULT '1',
  `NoCustomerWhenOpen` int(11) NOT NULL DEFAULT '0',
  `DocType` int(11) NOT NULL DEFAULT '8',
  `ReceiptYear` smallint(6) DEFAULT '0',
  `ReceiptMonth` tinyint(4) DEFAULT '0',
  `ReceiptID` int(11) NOT NULL DEFAULT '0',
  `SaleDate` date DEFAULT NULL,
  `ShopID` int(11) NOT NULL DEFAULT '0',
  `StockInvID` int(11) NOT NULL DEFAULT '0',
  `TransactionVAT` decimal(18,6) NOT NULL DEFAULT '0.000000',
  `TransactionExcludeVAT` decimal(18,4) NOT NULL DEFAULT '0.0000',
  `ServiceCharge` decimal(18,4) NOT NULL DEFAULT '0.0000',
  `ServiceChargeVAT` decimal(18,4) NOT NULL DEFAULT '0.0000',
  `OtherIncome` decimal(18,4) NOT NULL DEFAULT '0.0000',
  `OtherIncomeVAT` decimal(18,4) NOT NULL DEFAULT '0.0000',
  `TransactionVATable` decimal(18,4) NOT NULL DEFAULT '0.0000',
  `ReceiptProductRetailPrice` decimal(18,4) NOT NULL DEFAULT '0.0000',
  `ReceiptSalePrice` decimal(18,4) NOT NULL DEFAULT '0.0000',
  `ReceiptPayPrice` decimal(18,4) NOT NULL DEFAULT '0.0000',
  `ReceiptDiscount` decimal(18,4) NOT NULL DEFAULT '0.0000',
  `ReceiptTotalAmount` decimal(18,4) NOT NULL DEFAULT '0.0000',
  `VATPercent` decimal(5,2) NOT NULL DEFAULT '0.00',
  `ServiceChargePercent` decimal(5,2) NOT NULL DEFAULT '0.00',
  `IsCalculateServiceCharge` tinyint(4) NOT NULL DEFAULT '1',
  `IsNoRoundingPriceForPayment` tinyint(4) NOT NULL DEFAULT '0',
  `SessionID` int(11) NOT NULL DEFAULT '0',
  `CloseComputerID` int(11) NOT NULL DEFAULT '0',
  `VoidStaffID` int(11) NOT NULL DEFAULT '0',
  `VoidReason` text,
  `VoidTime` datetime DEFAULT NULL,
  `MemberDiscountID` int(11) NOT NULL DEFAULT '0',
  `MemberPriceDiscountID` int(11) NOT NULL DEFAULT '0',
  `StaffDiscountID` int(11) NOT NULL DEFAULT '0',
  `CouponDiscountID` int(11) NOT NULL DEFAULT '0',
  `CouponDiscountTypeID` int(11) NOT NULL DEFAULT '0',
  `MemberPriceGroupID` int(11) NOT NULL DEFAULT '0',
  `StaffPriceGroupID` int(11) NOT NULL DEFAULT '0',
  `CalculateProductFromMainPrice` tinyint(4) NOT NULL DEFAULT '0',
  `HasOrder` tinyint(2) NOT NULL DEFAULT '0',
  `NoPrintBillDetail` tinyint(4) NOT NULL DEFAULT '0',
  `BillDetailReferenceNo` int(11) NOT NULL DEFAULT '0',
  `CallForCheckBill` tinyint(4) NOT NULL DEFAULT '0',
  `TransactionNote` varchar(100) DEFAULT NULL,
  `CurrentAccessComputer` int(11) NOT NULL DEFAULT '0',
  `UpdateDate` datetime DEFAULT NULL,
  `BeginTime` datetime DEFAULT NULL,
  `EndTime` datetime DEFAULT NULL,
  `PrintWarningTime` datetime DEFAULT NULL,
  `PrintBeginTime` tinyint(4) NOT NULL DEFAULT '0',
  `AlreadyCalculateStock` tinyint(2) NOT NULL DEFAULT '0',
  `AlreadyExportToHQ` tinyint(4) NOT NULL DEFAULT '0',
  `TableID` int(11) NOT NULL DEFAULT '0',
  `IsSplitTransaction` tinyint(4) NOT NULL DEFAULT '0',
  `IsFromOtherTransaction` tinyint(4) NOT NULL DEFAULT '0',
  `TransactionAdditionalType` tinyint(4) NOT NULL DEFAULT '0',
  `ReferenceNo` varchar(20) DEFAULT NULL,
  `FromDepositTransactionID` int(11) NOT NULL DEFAULT '0',
  `FromDepositComputerID` int(11) NOT NULL DEFAULT '0',
  PRIMARY KEY (`TransactionID`,`ComputerID`),
  KEY `SessionIndex` (`SessionID`,`CloseComputerID`),
  KEY `MemberIndex` (`MemberDiscountID`),
  KEY `SaleDateIndex` (`SaleDate`,`DocType`)
) ENGINE=InnoDB DEFAULT CHARSET=utf8;
/*!40101 SET character_set_client = @saved_cs_client */;

--
-- Dumping data for table `ordertransaction`
--

LOCK TABLES `ordertransaction` WRITE;
/*!40000 ALTER TABLE `ordertransaction` DISABLE KEYS */;
/*!40000 ALTER TABLE `ordertransaction` ENABLE KEYS */;
UNLOCK TABLES;

--
-- Table structure for table `ordertransactionaddressdetail`
--

DROP TABLE IF EXISTS `ordertransactionaddressdetail`;
/*!40101 SET @saved_cs_client     = @@character_set_client */;
/*!40101 SET character_set_client = utf8 */;
CREATE TABLE `ordertransactionaddressdetail` (
  `TransactionID` int(11) NOT NULL DEFAULT '0',
  `ComputerID` int(11) NOT NULL DEFAULT '0',
  `TransactionAddress1` varchar(255) DEFAULT NULL,
  `TransactionAddress2` varchar(255) DEFAULT NULL,
  `TransactionCity` varchar(100) DEFAULT NULL,
  `TransactionProvince` smallint(6) NOT NULL DEFAULT '0',
  `TransactionZipCode` varchar(20) DEFAULT NULL,
  `TransactionTelephone` varchar(50) DEFAULT NULL,
  `TransactionFax` varchar(50) DEFAULT NULL,
  `TransactionNote` varchar(100) DEFAULT NULL,
  `TransactionReference` varchar(30) DEFAULT NULL,
  `TermOfPayment` tinyint(4) NOT NULL DEFAULT '1',
  `CreditDay` smallint(6) NOT NULL DEFAULT '0',
  PRIMARY KEY (`TransactionID`,`ComputerID`)
) ENGINE=InnoDB DEFAULT CHARSET=utf8;
/*!40101 SET character_set_client = @saved_cs_client */;

--
-- Dumping data for table `ordertransactionaddressdetail`
--

LOCK TABLES `ordertransactionaddressdetail` WRITE;
/*!40000 ALTER TABLE `ordertransactionaddressdetail` DISABLE KEYS */;
/*!40000 ALTER TABLE `ordertransactionaddressdetail` ENABLE KEYS */;
UNLOCK TABLES;

--
-- Table structure for table `ordertransactioncreditcarddetailtemp`
--

DROP TABLE IF EXISTS `ordertransactioncreditcarddetailtemp`;
/*!40101 SET @saved_cs_client     = @@character_set_client */;
/*!40101 SET character_set_client = utf8 */;
CREATE TABLE `ordertransactioncreditcarddetailtemp` (
  `DetailID` int(11) NOT NULL AUTO_INCREMENT,
  `TransactionID` int(11) NOT NULL DEFAULT '0',
  `ComputerID` int(11) NOT NULL DEFAULT '0',
  `CreditCardNo` varchar(50) DEFAULT NULL,
  `ApprovalCode` varchar(50) DEFAULT NULL,
  `ExpireMonth` tinyint(4) NOT NULL DEFAULT '0',
  `ExpireYear` int(11) NOT NULL DEFAULT '0',
  `BankName` int(11) NOT NULL DEFAULT '0',
  `CreditCardType` int(11) NOT NULL DEFAULT '0',
  `CreditCardName` varchar(50) DEFAULT NULL,
  PRIMARY KEY (`DetailID`)
) ENGINE=InnoDB DEFAULT CHARSET=utf8;
/*!40101 SET character_set_client = @saved_cs_client */;

--
-- Dumping data for table `ordertransactioncreditcarddetailtemp`
--

LOCK TABLES `ordertransactioncreditcarddetailtemp` WRITE;
/*!40000 ALTER TABLE `ordertransactioncreditcarddetailtemp` DISABLE KEYS */;
/*!40000 ALTER TABLE `ordertransactioncreditcarddetailtemp` ENABLE KEYS */;
UNLOCK TABLES;

--
-- Table structure for table `ordertransactiondeliverydetail`
--

DROP TABLE IF EXISTS `ordertransactiondeliverydetail`;
/*!40101 SET @saved_cs_client     = @@character_set_client */;
/*!40101 SET character_set_client = utf8 */;
CREATE TABLE `ordertransactiondeliverydetail` (
  `TransactionID` int(11) NOT NULL DEFAULT '0',
  `ComputerID` int(11) NOT NULL DEFAULT '0',
  `OrderDateTime` datetime DEFAULT NULL,
  `QuoteTime` int(11) NOT NULL DEFAULT '0',
  `DeliveryDate` datetime DEFAULT NULL,
  `DeliveryName` varchar(100) DEFAULT NULL,
  `MemberID` int(11) NOT NULL DEFAULT '0',
  `DeliveryCustomerID` int(11) NOT NULL DEFAULT '0',
  `DeliveryAddressName` varchar(255) DEFAULT NULL,
  `DeliveryBuildingNo` varchar(20) DEFAULT NULL,
  `DeliveryFloor` varchar(10) DEFAULT NULL,
  `DeliveryRoomNumber` varchar(10) DEFAULT NULL,
  `DeliveryAddressArea` varchar(200) DEFAULT NULL,
  `DeliveryAddressNumber` varchar(10) DEFAULT NULL,
  `DeliverySoi` varchar(255) DEFAULT NULL,
  `DeliveryMoo` varchar(10) DEFAULT NULL,
  `DeliveryAddress1` varchar(255) DEFAULT NULL,
  `DeliveryAddress2` varchar(255) DEFAULT NULL,
  `DeliveryCity` varchar(100) DEFAULT NULL,
  `DeliveryDistrict` varchar(100) DEFAULT NULL,
  `DeliveryProvince` smallint(6) NOT NULL DEFAULT '0',
  `DeliveryCountry` int(11) NOT NULL DEFAULT '0',
  `DeliveryZipCode` varchar(20) DEFAULT NULL,
  `DeliveryGeneralDirection` varchar(500) DEFAULT NULL,
  `AreaLV1ID` int(11) NOT NULL DEFAULT '0',
  `AreaLV2ID` int(11) NOT NULL DEFAULT '0',
  `AreaLV3ID` int(11) NOT NULL DEFAULT '0',
  `DeliveryTelephone` varchar(100) DEFAULT NULL,
  `DeliveryMobile` varchar(100) DEFAULT NULL,
  `DeliveryNote` varchar(255) DEFAULT NULL,
  `DeliveryStatus` tinyint(4) NOT NULL DEFAULT '0',
  `DispatchID` int(11) NOT NULL DEFAULT '0',
  `TotalTaskForDispatcher` tinyint(4) NOT NULL DEFAULT '1',
  `DispatchTime` datetime DEFAULT NULL,
  `ToCustomerTime` datetime DEFAULT NULL,
  `CompleteTime` datetime DEFAULT NULL,
  `SaleMode` tinyint(4) NOT NULL DEFAULT '0',
  `SourceID` tinyint(4) NOT NULL DEFAULT '0',
  PRIMARY KEY (`TransactionID`,`ComputerID`)
) ENGINE=InnoDB DEFAULT CHARSET=utf8;
/*!40101 SET character_set_client = @saved_cs_client */;

--
-- Dumping data for table `ordertransactiondeliverydetail`
--

LOCK TABLES `ordertransactiondeliverydetail` WRITE;
/*!40000 ALTER TABLE `ordertransactiondeliverydetail` DISABLE KEYS */;
/*!40000 ALTER TABLE `ordertransactiondeliverydetail` ENABLE KEYS */;
UNLOCK TABLES;

--
-- Table structure for table `ordertransactiondeliverydetailfront`
--

DROP TABLE IF EXISTS `ordertransactiondeliverydetailfront`;
/*!40101 SET @saved_cs_client     = @@character_set_client */;
/*!40101 SET character_set_client = utf8 */;
CREATE TABLE `ordertransactiondeliverydetailfront` (
  `TransactionID` int(11) NOT NULL DEFAULT '0',
  `ComputerID` int(11) NOT NULL DEFAULT '0',
  `OrderDateTime` datetime DEFAULT NULL,
  `QuoteTime` int(11) NOT NULL DEFAULT '0',
  `DeliveryDate` datetime DEFAULT NULL,
  `DeliveryName` varchar(100) DEFAULT NULL,
  `MemberID` int(11) NOT NULL DEFAULT '0',
  `DeliveryCustomerID` int(11) NOT NULL DEFAULT '0',
  `DeliveryAddressName` varchar(255) DEFAULT NULL,
  `DeliveryBuildingNo` varchar(20) DEFAULT NULL,
  `DeliveryFloor` varchar(10) DEFAULT NULL,
  `DeliveryRoomNumber` varchar(10) DEFAULT NULL,
  `DeliveryAddressArea` varchar(200) DEFAULT NULL,
  `DeliveryAddressNumber` varchar(10) DEFAULT NULL,
  `DeliverySoi` varchar(255) DEFAULT NULL,
  `DeliveryMoo` varchar(10) DEFAULT NULL,
  `DeliveryAddress1` varchar(255) DEFAULT NULL,
  `DeliveryAddress2` varchar(255) DEFAULT NULL,
  `DeliveryCity` varchar(100) DEFAULT NULL,
  `DeliveryDistrict` varchar(100) DEFAULT NULL,
  `DeliveryProvince` smallint(6) NOT NULL DEFAULT '0',
  `DeliveryCountry` int(11) NOT NULL DEFAULT '0',
  `DeliveryZipCode` varchar(20) DEFAULT NULL,
  `DeliveryGeneralDirection` varchar(500) DEFAULT NULL,
  `AreaLV1ID` int(11) NOT NULL DEFAULT '0',
  `AreaLV2ID` int(11) NOT NULL DEFAULT '0',
  `AreaLV3ID` int(11) NOT NULL DEFAULT '0',
  `DeliveryTelephone` varchar(100) DEFAULT NULL,
  `DeliveryMobile` varchar(100) DEFAULT NULL,
  `DeliveryNote` varchar(255) DEFAULT NULL,
  `DeliveryStatus` tinyint(4) NOT NULL DEFAULT '0',
  `DispatchID` int(11) NOT NULL DEFAULT '0',
  `TotalTaskForDispatcher` tinyint(4) NOT NULL DEFAULT '1',
  `DispatchTime` datetime DEFAULT NULL,
  `ToCustomerTime` datetime DEFAULT NULL,
  `CompleteTime` datetime DEFAULT NULL,
  `SaleMode` tinyint(4) NOT NULL DEFAULT '0',
  `SourceID` tinyint(4) NOT NULL DEFAULT '0',
  PRIMARY KEY (`TransactionID`,`ComputerID`)
) ENGINE=InnoDB DEFAULT CHARSET=utf8;
/*!40101 SET character_set_client = @saved_cs_client */;

--
-- Dumping data for table `ordertransactiondeliverydetailfront`
--

LOCK TABLES `ordertransactiondeliverydetailfront` WRITE;
/*!40000 ALTER TABLE `ordertransactiondeliverydetailfront` DISABLE KEYS */;
/*!40000 ALTER TABLE `ordertransactiondeliverydetailfront` ENABLE KEYS */;
UNLOCK TABLES;

--
-- Table structure for table `ordertransactionfront`
--

DROP TABLE IF EXISTS `ordertransactionfront`;
/*!40101 SET @saved_cs_client     = @@character_set_client */;
/*!40101 SET character_set_client = utf8 */;
CREATE TABLE `ordertransactionfront` (
  `TransactionID` int(11) NOT NULL DEFAULT '0',
  `ComputerID` int(11) NOT NULL DEFAULT '0',
  `ReserveTime` datetime DEFAULT NULL,
  `ReserveStaffID` int(11) DEFAULT '0',
  `OpenTime` datetime DEFAULT NULL,
  `OpenStaffID` int(11) DEFAULT '0',
  `PaidTime` datetime DEFAULT NULL,
  `PaidStaffID` int(11) DEFAULT '0',
  `CloseTime` datetime DEFAULT NULL,
  `CommStaffID` int(11) DEFAULT '0',
  `OtherPercentDiscount` decimal(5,2) NOT NULL DEFAULT '0.00',
  `OtherAmountDiscount` decimal(10,4) NOT NULL DEFAULT '0.0000',
  `TransactionStatusID` smallint(6) NOT NULL DEFAULT '1',
  `SaleMode` tinyint(4) NOT NULL DEFAULT '1',
  `TransactionName` varchar(50) DEFAULT NULL,
  `QueueName` varchar(50) DEFAULT NULL,
  `Deleted` tinyint(2) NOT NULL DEFAULT '0',
  `NoCustomer` smallint(6) DEFAULT '1',
  `NoCustomerWhenOpen` int(11) NOT NULL DEFAULT '0',
  `DocType` int(11) NOT NULL DEFAULT '8',
  `ReceiptYear` smallint(6) DEFAULT '0',
  `ReceiptMonth` tinyint(4) DEFAULT '0',
  `ReceiptID` int(11) NOT NULL DEFAULT '0',
  `SaleDate` date DEFAULT NULL,
  `ShopID` int(11) NOT NULL DEFAULT '0',
  `StockInvID` int(11) NOT NULL DEFAULT '0',
  `TransactionVAT` decimal(18,6) NOT NULL DEFAULT '0.000000',
  `TransactionExcludeVAT` decimal(18,4) NOT NULL DEFAULT '0.0000',
  `ServiceCharge` decimal(18,4) NOT NULL DEFAULT '0.0000',
  `ServiceChargeVAT` decimal(18,4) NOT NULL DEFAULT '0.0000',
  `OtherIncome` decimal(18,4) NOT NULL DEFAULT '0.0000',
  `OtherIncomeVAT` decimal(18,4) NOT NULL DEFAULT '0.0000',
  `TransactionVATable` decimal(18,4) NOT NULL DEFAULT '0.0000',
  `ReceiptProductRetailPrice` decimal(18,4) NOT NULL DEFAULT '0.0000',
  `ReceiptSalePrice` decimal(18,4) NOT NULL DEFAULT '0.0000',
  `ReceiptPayPrice` decimal(18,4) NOT NULL DEFAULT '0.0000',
  `ReceiptDiscount` decimal(18,4) NOT NULL DEFAULT '0.0000',
  `ReceiptTotalAmount` decimal(18,4) NOT NULL DEFAULT '0.0000',
  `VATPercent` decimal(5,2) NOT NULL DEFAULT '0.00',
  `ServiceChargePercent` decimal(5,2) NOT NULL DEFAULT '0.00',
  `IsCalculateServiceCharge` tinyint(4) NOT NULL DEFAULT '1',
  `IsNoRoundingPriceForPayment` tinyint(4) NOT NULL DEFAULT '0',
  `SessionID` int(11) NOT NULL DEFAULT '0',
  `CloseComputerID` int(11) NOT NULL DEFAULT '0',
  `VoidStaffID` int(11) NOT NULL DEFAULT '0',
  `VoidReason` text,
  `VoidTime` datetime DEFAULT NULL,
  `MemberDiscountID` int(11) NOT NULL DEFAULT '0',
  `MemberPriceDiscountID` int(11) NOT NULL DEFAULT '0',
  `StaffDiscountID` int(11) NOT NULL DEFAULT '0',
  `CouponDiscountID` int(11) NOT NULL DEFAULT '0',
  `CouponDiscountTypeID` int(11) NOT NULL DEFAULT '0',
  `MemberPriceGroupID` int(11) NOT NULL DEFAULT '0',
  `StaffPriceGroupID` int(11) NOT NULL DEFAULT '0',
  `CalculateProductFromMainPrice` tinyint(4) NOT NULL DEFAULT '0',
  `HasOrder` tinyint(2) NOT NULL DEFAULT '0',
  `NoPrintBillDetail` tinyint(4) NOT NULL DEFAULT '0',
  `BillDetailReferenceNo` int(11) NOT NULL DEFAULT '0',
  `CallForCheckBill` tinyint(4) NOT NULL DEFAULT '0',
  `TransactionNote` varchar(100) DEFAULT NULL,
  `CurrentAccessComputer` int(11) NOT NULL DEFAULT '0',
  `UpdateDate` datetime DEFAULT NULL,
  `BeginTime` datetime DEFAULT NULL,
  `EndTime` datetime DEFAULT NULL,
  `PrintWarningTime` datetime DEFAULT NULL,
  `PrintBeginTime` tinyint(4) NOT NULL DEFAULT '0',
  `AlreadyCalculateStock` tinyint(2) NOT NULL DEFAULT '0',
  `AlreadyExportToHQ` tinyint(4) NOT NULL DEFAULT '0',
  `TableID` int(11) NOT NULL DEFAULT '0',
  `IsSplitTransaction` tinyint(4) NOT NULL DEFAULT '0',
  `IsFromOtherTransaction` tinyint(4) NOT NULL DEFAULT '0',
  `TransactionAdditionalType` tinyint(4) NOT NULL DEFAULT '0',
  `ReferenceNo` varchar(20) DEFAULT NULL,
  `FromDepositTransactionID` int(11) NOT NULL DEFAULT '0',
  `FromDepositComputerID` int(11) NOT NULL DEFAULT '0',
  `AlreadyExportToERP` int(11) NOT NULL DEFAULT '0',
  PRIMARY KEY (`TransactionID`,`ComputerID`)
) ENGINE=InnoDB DEFAULT CHARSET=utf8;
/*!40101 SET character_set_client = @saved_cs_client */;

--
-- Dumping data for table `ordertransactionfront`
--

LOCK TABLES `ordertransactionfront` WRITE;
/*!40000 ALTER TABLE `ordertransactionfront` DISABLE KEYS */;
/*!40000 ALTER TABLE `ordertransactionfront` ENABLE KEYS */;
UNLOCK TABLES;

--
-- Table structure for table `ordertransactionfulltaxinvoice`
--

DROP TABLE IF EXISTS `ordertransactionfulltaxinvoice`;
/*!40101 SET @saved_cs_client     = @@character_set_client */;
/*!40101 SET character_set_client = utf8 */;
CREATE TABLE `ordertransactionfulltaxinvoice` (
  `FullTaxInvoiceID` int(11) NOT NULL DEFAULT '0',
  `FullTaxInvoiceComputerID` int(11) NOT NULL DEFAULT '0',
  `TransactionID` int(11) NOT NULL DEFAULT '0',
  `ComputerID` int(11) NOT NULL DEFAULT '0',
  `RefDocType` tinyint(4) NOT NULL DEFAULT '0',
  `DocType` tinyint(4) DEFAULT '11',
  `ReceiptYear` smallint(6) DEFAULT '0',
  `ReceiptMonth` tinyint(4) DEFAULT '0',
  `ReceiptID` int(11) NOT NULL DEFAULT '0',
  `FullTaxStatus` tinyint(4) NOT NULL DEFAULT '2',
  `ShopID` int(11) NOT NULL DEFAULT '0',
  `InvoiceName` varchar(200) DEFAULT NULL,
  `InvoiceCompanyType` tinyint(4) NOT NULL DEFAULT '0',
  `InvoiceCompanyBranchNo` varchar(100) DEFAULT NULL,
  `InvoiceAddress1` varchar(255) DEFAULT NULL,
  `InvoiceAddress2` varchar(255) DEFAULT NULL,
  `InvoiceCity` varchar(100) DEFAULT NULL,
  `InvoiceProvince` smallint(6) NOT NULL DEFAULT '0',
  `InvoiceProvinceLangID` tinyint(4) NOT NULL DEFAULT '2',
  `InvoiceZipCode` varchar(20) DEFAULT NULL,
  `InvoiceTelephone` varchar(50) DEFAULT NULL,
  `InvoiceNote` varchar(100) DEFAULT NULL,
  `InvoiceTaxID` varchar(50) DEFAULT NULL,
  `CloseComputerID` int(11) NOT NULL DEFAULT '0',
  `InvoiceDate` datetime DEFAULT NULL,
  `InvoiceMemberID` int(11) NOT NULL DEFAULT '0',
  `InvoiceStaffID` int(11) NOT NULL DEFAULT '0',
  `TotalSalePrice` decimal(18,4) NOT NULL DEFAULT '0.0000',
  `TotalDiscount` decimal(18,4) NOT NULL DEFAULT '0.0000',
  `TransactionVAT` decimal(18,6) NOT NULL DEFAULT '0.000000',
  `TransactionExcludeVAT` decimal(18,4) NOT NULL DEFAULT '0.0000',
  `ServiceCharge` decimal(18,4) NOT NULL DEFAULT '0.0000',
  `ServiceChargeVAT` decimal(18,4) NOT NULL DEFAULT '0.0000',
  `OtherIncome` decimal(18,4) NOT NULL DEFAULT '0.0000',
  `OtherIncomeVAT` decimal(18,4) NOT NULL DEFAULT '0.0000',
  `PaymentAmount` decimal(18,4) NOT NULL DEFAULT '0.0000',
  `PaymentVAT` decimal(18,4) NOT NULL DEFAULT '0.0000',
  `NoPrintFullTax` tinyint(4) NOT NULL DEFAULT '0',
  `UpdateDate` datetime DEFAULT NULL,
  `InsertDate` datetime DEFAULT NULL,
  `VoidStaffID` int(11) NOT NULL DEFAULT '0',
  `VoidDate` datetime DEFAULT NULL,
  `VoidReason` varchar(255) DEFAULT NULL,
  PRIMARY KEY (`FullTaxInvoiceID`,`FullTaxInvoiceComputerID`,`TransactionID`,`ComputerID`)
) ENGINE=InnoDB DEFAULT CHARSET=utf8;
/*!40101 SET character_set_client = @saved_cs_client */;

--
-- Dumping data for table `ordertransactionfulltaxinvoice`
--

LOCK TABLES `ordertransactionfulltaxinvoice` WRITE;
/*!40000 ALTER TABLE `ordertransactionfulltaxinvoice` DISABLE KEYS */;
/*!40000 ALTER TABLE `ordertransactionfulltaxinvoice` ENABLE KEYS */;
UNLOCK TABLES;

--
-- Table structure for table `ordertransactionfulltaxinvoicetemp`
--

DROP TABLE IF EXISTS `ordertransactionfulltaxinvoicetemp`;
/*!40101 SET @saved_cs_client     = @@character_set_client */;
/*!40101 SET character_set_client = utf8 */;
CREATE TABLE `ordertransactionfulltaxinvoicetemp` (
  `SaveComputerID` int(11) NOT NULL DEFAULT '0',
  `TransactionID` int(11) NOT NULL DEFAULT '0',
  `ComputerID` int(11) NOT NULL DEFAULT '0',
  `RefDocType` tinyint(4) NOT NULL DEFAULT '0',
  `InvoiceName` varchar(200) DEFAULT NULL,
  `InvoiceCompanyType` tinyint(4) NOT NULL DEFAULT '0',
  `InvoiceCompanyBranchNo` varchar(100) DEFAULT NULL,
  `InvoiceAddress1` varchar(255) DEFAULT NULL,
  `InvoiceAddress2` varchar(255) DEFAULT NULL,
  `InvoiceCity` varchar(100) DEFAULT NULL,
  `InvoiceProvince` smallint(6) NOT NULL DEFAULT '0',
  `InvoiceProvinceLangID` tinyint(4) NOT NULL DEFAULT '0',
  `InvoiceZipCode` varchar(20) DEFAULT NULL,
  `InvoiceTelephone` varchar(50) DEFAULT NULL,
  `InvoiceNote` varchar(100) DEFAULT NULL,
  `InvoiceTaxID` varchar(50) DEFAULT NULL,
  `InvoiceMemberID` int(11) NOT NULL DEFAULT '0',
  `UpdateDate` datetime DEFAULT NULL,
  PRIMARY KEY (`SaveComputerID`)
) ENGINE=InnoDB DEFAULT CHARSET=utf8;
/*!40101 SET character_set_client = @saved_cs_client */;

--
-- Dumping data for table `ordertransactionfulltaxinvoicetemp`
--

LOCK TABLES `ordertransactionfulltaxinvoicetemp` WRITE;
/*!40000 ALTER TABLE `ordertransactionfulltaxinvoicetemp` DISABLE KEYS */;
/*!40000 ALTER TABLE `ordertransactionfulltaxinvoicetemp` ENABLE KEYS */;
UNLOCK TABLES;

--
-- Table structure for table `ordertransactionotherincomedetail`
--

DROP TABLE IF EXISTS `ordertransactionotherincomedetail`;
/*!40101 SET @saved_cs_client     = @@character_set_client */;
/*!40101 SET character_set_client = utf8 */;
CREATE TABLE `ordertransactionotherincomedetail` (
  `TransactionID` int(11) NOT NULL DEFAULT '0',
  `ComputerID` int(11) NOT NULL DEFAULT '0',
  `IncomeDetailID` int(11) NOT NULL DEFAULT '0',
  `IncomeTypeID` int(11) NOT NULL DEFAULT '0',
  `IncomeAmount` decimal(18,4) NOT NULL DEFAULT '1.0000',
  `Income` decimal(18,4) NOT NULL DEFAULT '0.0000',
  `IncomeVAT` decimal(18,4) NOT NULL DEFAULT '0.0000',
  `IncomeNote` varchar(250) DEFAULT NULL,
  `VATType` tinyint(4) NOT NULL DEFAULT '0',
  `IncomePercent` decimal(5,2) NOT NULL DEFAULT '0.00',
  `IncomeStatus` tinyint(4) NOT NULL DEFAULT '1',
  `VoidStaffID` int(11) NOT NULL DEFAULT '0',
  `VoidDateTime` datetime DEFAULT NULL,
  `VoidNote` varchar(255) DEFAULT NULL,
  `AddDateTime` datetime DEFAULT NULL,
  PRIMARY KEY (`TransactionID`,`ComputerID`,`IncomeDetailID`)
) ENGINE=InnoDB DEFAULT CHARSET=tis620;
/*!40101 SET character_set_client = @saved_cs_client */;

--
-- Dumping data for table `ordertransactionotherincomedetail`
--

LOCK TABLES `ordertransactionotherincomedetail` WRITE;
/*!40000 ALTER TABLE `ordertransactionotherincomedetail` DISABLE KEYS */;
/*!40000 ALTER TABLE `ordertransactionotherincomedetail` ENABLE KEYS */;
UNLOCK TABLES;

--
-- Table structure for table `ordertransactionotherincomedetailfront`
--

DROP TABLE IF EXISTS `ordertransactionotherincomedetailfront`;
/*!40101 SET @saved_cs_client     = @@character_set_client */;
/*!40101 SET character_set_client = utf8 */;
CREATE TABLE `ordertransactionotherincomedetailfront` (
  `TransactionID` int(11) NOT NULL DEFAULT '0',
  `ComputerID` int(11) NOT NULL DEFAULT '0',
  `IncomeDetailID` int(11) NOT NULL DEFAULT '0',
  `IncomeTypeID` int(11) NOT NULL DEFAULT '0',
  `IncomeAmount` decimal(18,4) NOT NULL DEFAULT '1.0000',
  `Income` decimal(18,4) NOT NULL DEFAULT '0.0000',
  `IncomeVAT` decimal(18,4) NOT NULL DEFAULT '0.0000',
  `IncomeNote` varchar(250) DEFAULT NULL,
  `VATType` tinyint(4) NOT NULL DEFAULT '0',
  `IncomePercent` decimal(5,2) NOT NULL DEFAULT '0.00',
  `IncomeStatus` tinyint(4) NOT NULL DEFAULT '1',
  `VoidStaffID` int(11) NOT NULL DEFAULT '0',
  `VoidDateTime` datetime DEFAULT NULL,
  `VoidNote` varchar(255) DEFAULT NULL,
  `AddDateTime` datetime DEFAULT NULL,
  PRIMARY KEY (`TransactionID`,`ComputerID`,`IncomeDetailID`)
) ENGINE=InnoDB DEFAULT CHARSET=tis620;
/*!40101 SET character_set_client = @saved_cs_client */;

--
-- Dumping data for table `ordertransactionotherincomedetailfront`
--

LOCK TABLES `ordertransactionotherincomedetailfront` WRITE;
/*!40000 ALTER TABLE `ordertransactionotherincomedetailfront` DISABLE KEYS */;
/*!40000 ALTER TABLE `ordertransactionotherincomedetailfront` ENABLE KEYS */;
UNLOCK TABLES;

--
-- Table structure for table `ordertransactionstatus`
--

DROP TABLE IF EXISTS `ordertransactionstatus`;
/*!40101 SET @saved_cs_client     = @@character_set_client */;
/*!40101 SET character_set_client = utf8 */;
CREATE TABLE `ordertransactionstatus` (
  `TransactionStatusID` smallint(6) NOT NULL DEFAULT '0',
  `Description` varchar(50) NOT NULL DEFAULT '',
  PRIMARY KEY (`TransactionStatusID`)
) ENGINE=InnoDB DEFAULT CHARSET=utf8;
/*!40101 SET character_set_client = @saved_cs_client */;

--
-- Dumping data for table `ordertransactionstatus`
--

LOCK TABLES `ordertransactionstatus` WRITE;
/*!40000 ALTER TABLE `ordertransactionstatus` DISABLE KEYS */;
INSERT INTO `ordertransactionstatus` VALUES (1,'OpenBill'),(2,'CloseBill'),(3,'Reserve'),(4,'Cancel Reserve'),(5,'Void All'),(6,'Free'),(7,'CombineBill'),(8,'Void All NotProduce'),(9,'HoldBill'),(10,'Confirm Reserve'),(11,'Other Receipt Header Bill'),(12,'Void Other Receipt Header All'),(13,'Void Other Receipt Header Not Produce'),(14,'Auto Cancel Reserve'),(15,'Split Transaction'),(16,'Cancel Bill');
/*!40000 ALTER TABLE `ordertransactionstatus` ENABLE KEYS */;
UNLOCK TABLES;

--
-- Table structure for table `ordertransactionsummarytemp`
--

DROP TABLE IF EXISTS `ordertransactionsummarytemp`;
/*!40101 SET @saved_cs_client     = @@character_set_client */;
/*!40101 SET character_set_client = utf8 */;
CREATE TABLE `ordertransactionsummarytemp` (
  `TransactionID` int(11) NOT NULL DEFAULT '0',
  `ComputerID` int(11) NOT NULL DEFAULT '0',
  `SubTotalPrice` decimal(18,4) NOT NULL DEFAULT '0.0000',
  `UnSubmitPrice` decimal(18,4) NOT NULL DEFAULT '0.0000',
  `ExcludeVAT` decimal(18,4) NOT NULL DEFAULT '0.0000',
  `ServiceCharge` decimal(18,4) NOT NULL DEFAULT '0.0000',
  `OtherPercentDiscount` decimal(18,4) NOT NULL DEFAULT '0.0000',
  `OtherAmountDiscount` decimal(18,4) NOT NULL DEFAULT '0.0000',
  `OtherEachProductDiscount` decimal(18,4) NOT NULL DEFAULT '0.0000',
  `PriceNPromotionDiscount` decimal(18,4) NOT NULL DEFAULT '0.0000',
  `MemberDiscount` decimal(18,4) NOT NULL DEFAULT '0.0000',
  `StaffDiscount` decimal(18,4) NOT NULL DEFAULT '0.0000',
  `CouponDiscount` decimal(18,4) NOT NULL DEFAULT '0.0000',
  `VoucherDiscount` decimal(18,4) NOT NULL DEFAULT '0.0000',
  `GrandTotalPrice` decimal(18,4) NOT NULL DEFAULT '0.0000',
  `TotalProductAmount` decimal(18,4) NOT NULL DEFAULT '0.0000',
  PRIMARY KEY (`TransactionID`,`ComputerID`)
) ENGINE=InnoDB DEFAULT CHARSET=utf8;
/*!40101 SET character_set_client = @saved_cs_client */;

--
-- Dumping data for table `ordertransactionsummarytemp`
--

LOCK TABLES `ordertransactionsummarytemp` WRITE;
/*!40000 ALTER TABLE `ordertransactionsummarytemp` DISABLE KEYS */;
/*!40000 ALTER TABLE `ordertransactionsummarytemp` ENABLE KEYS */;
UNLOCK TABLES;

--
-- Table structure for table `orderunselectcomponent`
--

DROP TABLE IF EXISTS `orderunselectcomponent`;
/*!40101 SET @saved_cs_client     = @@character_set_client */;
/*!40101 SET character_set_client = utf8 */;
CREATE TABLE `orderunselectcomponent` (
  `OrderDetailID` int(11) NOT NULL DEFAULT '0',
  `TransactionID` int(11) NOT NULL DEFAULT '0',
  `ComputerID` int(11) NOT NULL DEFAULT '0',
  `MaterialID` int(11) NOT NULL DEFAULT '0',
  `MaterialAmount` decimal(18,4) NOT NULL DEFAULT '0.0000',
  PRIMARY KEY (`OrderDetailID`,`TransactionID`,`ComputerID`,`MaterialID`)
) ENGINE=InnoDB DEFAULT CHARSET=utf8;
/*!40101 SET character_set_client = @saved_cs_client */;

--
-- Dumping data for table `orderunselectcomponent`
--

LOCK TABLES `orderunselectcomponent` WRITE;
/*!40000 ALTER TABLE `orderunselectcomponent` DISABLE KEYS */;
/*!40000 ALTER TABLE `orderunselectcomponent` ENABLE KEYS */;
UNLOCK TABLES;

--
-- Table structure for table `otherincometype`
--

DROP TABLE IF EXISTS `otherincometype`;
/*!40101 SET @saved_cs_client     = @@character_set_client */;
/*!40101 SET character_set_client = utf8 */;
CREATE TABLE `otherincometype` (
  `IncomeTypeID` int(11) NOT NULL DEFAULT '0',
  `IncomeCode` varchar(10) DEFAULT NULL,
  `IncomeName` varchar(50) DEFAULT NULL,
  `DisplayName` varchar(20) DEFAULT NULL,
  `SaleMode` tinyint(4) NOT NULL DEFAULT '0',
  `IncomeAmount` decimal(18,4) NOT NULL DEFAULT '0.0000',
  `AmountOrPercent` tinyint(4) NOT NULL DEFAULT '0',
  `CalculateIncludeServiceCharge` tinyint(4) NOT NULL DEFAULT '1',
  `NotCalculateWhenOverPrice` decimal(18,4) NOT NULL DEFAULT '0.0000',
  `ForPayTypeID` int(11) NOT NULL DEFAULT '0',
  `CalculateProperty` varchar(250) DEFAULT NULL,
  `IsDefaultIncome` tinyint(4) NOT NULL DEFAULT '0',
  `VATType` tinyint(4) NOT NULL DEFAULT '0',
  `Activated` tinyint(4) NOT NULL DEFAULT '1',
  `Deleted` tinyint(4) NOT NULL DEFAULT '0',
  PRIMARY KEY (`IncomeTypeID`)
) ENGINE=InnoDB DEFAULT CHARSET=tis620;
/*!40101 SET character_set_client = @saved_cs_client */;

--
-- Dumping data for table `otherincometype`
--

LOCK TABLES `otherincometype` WRITE;
/*!40000 ALTER TABLE `otherincometype` DISABLE KEYS */;
/*!40000 ALTER TABLE `otherincometype` ENABLE KEYS */;
UNLOCK TABLES;

--
-- Table structure for table `outofstockproduct`
--

DROP TABLE IF EXISTS `outofstockproduct`;
/*!40101 SET @saved_cs_client     = @@character_set_client */;
/*!40101 SET character_set_client = utf8 */;
CREATE TABLE `outofstockproduct` (
  `ProductID` int(11) NOT NULL DEFAULT '0',
  `ShopID` int(11) NOT NULL DEFAULT '0',
  `CurrentStock` int(11) NOT NULL DEFAULT '0',
  `UpdateDate` date DEFAULT NULL,
  `UpdateStaffID` int(11) NOT NULL DEFAULT '0',
  PRIMARY KEY (`ProductID`,`ShopID`)
) ENGINE=InnoDB DEFAULT CHARSET=utf8;
/*!40101 SET character_set_client = @saved_cs_client */;

--
-- Dumping data for table `outofstockproduct`
--

LOCK TABLES `outofstockproduct` WRITE;
/*!40000 ALTER TABLE `outofstockproduct` DISABLE KEYS */;
/*!40000 ALTER TABLE `outofstockproduct` ENABLE KEYS */;
UNLOCK TABLES;

--
-- Table structure for table `packagedetail`
--

DROP TABLE IF EXISTS `packagedetail`;
/*!40101 SET @saved_cs_client     = @@character_set_client */;
/*!40101 SET character_set_client = utf8 */;
CREATE TABLE `packagedetail` (
  `PackageID` int(11) NOT NULL DEFAULT '0',
  `ProductLevelID` int(11) NOT NULL DEFAULT '0',
  `ProductCode` varchar(50) NOT NULL DEFAULT '',
  `TransactionID` int(11) NOT NULL DEFAULT '0',
  `ComputerID` int(11) NOT NULL DEFAULT '0',
  `OrderDetailID` int(11) NOT NULL DEFAULT '0',
  `ExpireDate` datetime DEFAULT NULL,
  `PurchaseDate` datetime DEFAULT NULL,
  `MemberID` int(11) NOT NULL DEFAULT '0',
  `PackageFirstName` varchar(50) DEFAULT NULL,
  `PackageLastName` varchar(50) DEFAULT NULL,
  `PackageDisplayName` varchar(100) DEFAULT NULL,
  `PackageNumber` varchar(50) NOT NULL DEFAULT '',
  `PackageNote` text,
  `Deleted` tinyint(2) NOT NULL DEFAULT '0',
  `UpdateDate` datetime DEFAULT NULL,
  `VATType` tinyint(4) NOT NULL DEFAULT '1',
  `PackageProductType` int(11) NOT NULL DEFAULT '0',
  `PackageOriginalAmount` decimal(18,4) NOT NULL DEFAULT '0.0000',
  `PackageCurrentAmount` decimal(18,4) NOT NULL DEFAULT '0.0000',
  `MaxAllowEditAmount` decimal(18,4) NOT NULL DEFAULT '0.0000',
  `PackagePrice` int(11) NOT NULL DEFAULT '0',
  `AllowUseInShop` varchar(50) DEFAULT NULL,
  PRIMARY KEY (`PackageID`,`ProductLevelID`),
  KEY `PackageDetailMemberIndex` (`MemberID`),
  KEY `PackageDetailProductIndex` (`ProductCode`),
  KEY `PackageDetailTransaction` (`TransactionID`,`ComputerID`,`OrderDetailID`),
  KEY `PackageTransactionIndex` (`TransactionID`,`ComputerID`,`OrderDetailID`)
) ENGINE=InnoDB DEFAULT CHARSET=utf8;
/*!40101 SET character_set_client = @saved_cs_client */;

--
-- Dumping data for table `packagedetail`
--

LOCK TABLES `packagedetail` WRITE;
/*!40000 ALTER TABLE `packagedetail` DISABLE KEYS */;
/*!40000 ALTER TABLE `packagedetail` ENABLE KEYS */;
UNLOCK TABLES;

--
-- Table structure for table `packagedetailtemp`
--

DROP TABLE IF EXISTS `packagedetailtemp`;
/*!40101 SET @saved_cs_client     = @@character_set_client */;
/*!40101 SET character_set_client = utf8 */;
CREATE TABLE `packagedetailtemp` (
  `PackageID` int(11) NOT NULL DEFAULT '0',
  `ProductLevelID` int(11) NOT NULL DEFAULT '0',
  `ProductCode` varchar(50) NOT NULL DEFAULT '',
  `TransactionID` int(11) NOT NULL DEFAULT '0',
  `ComputerID` int(11) NOT NULL DEFAULT '0',
  `OrderDetailID` int(11) NOT NULL DEFAULT '0',
  `ExpireDate` datetime DEFAULT NULL,
  `PurchaseDate` datetime DEFAULT NULL,
  `MemberID` int(11) NOT NULL DEFAULT '0',
  `PackageFirstName` varchar(50) NOT NULL DEFAULT '',
  `PackageLastName` varchar(50) NOT NULL DEFAULT '',
  `PackageDisplayName` varchar(100) DEFAULT NULL,
  `PackageNumber` varchar(50) NOT NULL DEFAULT '',
  `PackageNote` text,
  `UpdateDate` datetime DEFAULT NULL,
  `VATType` tinyint(4) NOT NULL DEFAULT '1',
  `PackageProductType` int(11) NOT NULL DEFAULT '0',
  `PackageOriginalAmount` decimal(18,4) NOT NULL DEFAULT '0.0000',
  `PackageCurrentAmount` decimal(18,4) NOT NULL DEFAULT '0.0000',
  `MaxAllowEditAmount` decimal(18,4) NOT NULL DEFAULT '0.0000',
  `PackagePrice` int(11) NOT NULL DEFAULT '0',
  `AllowUseInShop` varchar(50) DEFAULT NULL,
  PRIMARY KEY (`PackageID`,`ProductLevelID`)
) ENGINE=InnoDB DEFAULT CHARSET=utf8;
/*!40101 SET character_set_client = @saved_cs_client */;

--
-- Dumping data for table `packagedetailtemp`
--

LOCK TABLES `packagedetailtemp` WRITE;
/*!40000 ALTER TABLE `packagedetailtemp` DISABLE KEYS */;
/*!40000 ALTER TABLE `packagedetailtemp` ENABLE KEYS */;
UNLOCK TABLES;

--
-- Table structure for table `packagefreeproducthistory`
--

DROP TABLE IF EXISTS `packagefreeproducthistory`;
/*!40101 SET @saved_cs_client     = @@character_set_client */;
/*!40101 SET character_set_client = utf8 */;
CREATE TABLE `packagefreeproducthistory` (
  `PackageHistoryID` int(11) NOT NULL DEFAULT '0',
  `PackageID` int(11) NOT NULL DEFAULT '0',
  `ProductLevelID` int(11) NOT NULL DEFAULT '0',
  `TransactionID` int(11) NOT NULL DEFAULT '0',
  `ComputerID` int(11) NOT NULL DEFAULT '0',
  `OrderDetailID` int(11) NOT NULL DEFAULT '0',
  `ProductID` int(11) NOT NULL DEFAULT '0',
  `ProductPrice` decimal(18,4) NOT NULL DEFAULT '0.0000',
  `PackageStatus` tinyint(4) NOT NULL DEFAULT '0',
  PRIMARY KEY (`PackageHistoryID`,`PackageID`,`ProductLevelID`)
) ENGINE=InnoDB DEFAULT CHARSET=utf8;
/*!40101 SET character_set_client = @saved_cs_client */;

--
-- Dumping data for table `packagefreeproducthistory`
--

LOCK TABLES `packagefreeproducthistory` WRITE;
/*!40000 ALTER TABLE `packagefreeproducthistory` DISABLE KEYS */;
/*!40000 ALTER TABLE `packagefreeproducthistory` ENABLE KEYS */;
UNLOCK TABLES;

--
-- Table structure for table `packagefreeproducthistorytemp`
--

DROP TABLE IF EXISTS `packagefreeproducthistorytemp`;
/*!40101 SET @saved_cs_client     = @@character_set_client */;
/*!40101 SET character_set_client = utf8 */;
CREATE TABLE `packagefreeproducthistorytemp` (
  `PackageHistoryID` int(11) NOT NULL DEFAULT '0',
  `PackageID` int(11) NOT NULL DEFAULT '0',
  `ProductLevelID` int(11) NOT NULL DEFAULT '0',
  `TransactionID` int(11) NOT NULL DEFAULT '0',
  `ComputerID` int(11) NOT NULL DEFAULT '0',
  `OrderDetailID` int(11) NOT NULL DEFAULT '0',
  `ProductID` int(11) NOT NULL DEFAULT '0',
  `ProductPrice` decimal(18,4) NOT NULL DEFAULT '0.0000',
  `PackageStatus` tinyint(4) NOT NULL DEFAULT '0',
  PRIMARY KEY (`PackageHistoryID`,`PackageID`,`ProductLevelID`)
) ENGINE=InnoDB DEFAULT CHARSET=utf8;
/*!40101 SET character_set_client = @saved_cs_client */;

--
-- Dumping data for table `packagefreeproducthistorytemp`
--

LOCK TABLES `packagefreeproducthistorytemp` WRITE;
/*!40000 ALTER TABLE `packagefreeproducthistorytemp` DISABLE KEYS */;
/*!40000 ALTER TABLE `packagefreeproducthistorytemp` ENABLE KEYS */;
UNLOCK TABLES;

--
-- Table structure for table `packagehistory`
--

DROP TABLE IF EXISTS `packagehistory`;
/*!40101 SET @saved_cs_client     = @@character_set_client */;
/*!40101 SET character_set_client = utf8 */;
CREATE TABLE `packagehistory` (
  `PackageHistoryID` int(11) NOT NULL DEFAULT '0',
  `PackageID` int(11) NOT NULL DEFAULT '0',
  `ProductLevelID` int(11) NOT NULL DEFAULT '0',
  `TransactionID` int(11) NOT NULL DEFAULT '0',
  `ComputerID` int(11) NOT NULL DEFAULT '0',
  `OrderDetailID` int(11) NOT NULL DEFAULT '0',
  `ProductCode` varchar(50) NOT NULL DEFAULT '',
  `PackageStatus` tinyint(4) NOT NULL DEFAULT '0',
  `CommissionPrice` decimal(18,4) NOT NULL DEFAULT '0.0000',
  `CommissionPriceVAT` decimal(18,4) NOT NULL DEFAULT '0.0000',
  `AdditionalPrice` decimal(18,4) NOT NULL DEFAULT '0.0000',
  `PackageSessionAmount` decimal(18,4) NOT NULL DEFAULT '0.0000',
  PRIMARY KEY (`PackageHistoryID`,`PackageID`,`ProductLevelID`),
  KEY `PackageHistoryIndex` (`PackageID`,`ProductLevelID`),
  KEY `PackageHistoryProductIndex` (`ProductCode`),
  KEY `PackageHistoryTransaction` (`TransactionID`,`ComputerID`,`OrderDetailID`),
  KEY `PackageHistoryTransactionIndex` (`TransactionID`,`ComputerID`,`OrderDetailID`)
) ENGINE=InnoDB DEFAULT CHARSET=utf8;
/*!40101 SET character_set_client = @saved_cs_client */;

--
-- Dumping data for table `packagehistory`
--

LOCK TABLES `packagehistory` WRITE;
/*!40000 ALTER TABLE `packagehistory` DISABLE KEYS */;
/*!40000 ALTER TABLE `packagehistory` ENABLE KEYS */;
UNLOCK TABLES;

--
-- Table structure for table `packagehistoryrecord`
--

DROP TABLE IF EXISTS `packagehistoryrecord`;
/*!40101 SET @saved_cs_client     = @@character_set_client */;
/*!40101 SET character_set_client = utf8 */;
CREATE TABLE `packagehistoryrecord` (
  `HistoryRecordID` int(11) NOT NULL DEFAULT '0',
  `PackageID` int(11) NOT NULL DEFAULT '0',
  `ProductLevelID` int(11) NOT NULL DEFAULT '0',
  `PackageHistoryID` int(11) NOT NULL DEFAULT '0',
  `ProductCode` varchar(50) DEFAULT NULL,
  `HistoryStatus` tinyint(4) NOT NULL DEFAULT '0',
  `CommissionPrice` decimal(18,4) NOT NULL DEFAULT '0.0000',
  `CommissionPriceVAT` decimal(18,4) NOT NULL DEFAULT '0.0000',
  `StaffID` int(11) NOT NULL DEFAULT '0',
  `Comment` text,
  `InsertDate` datetime DEFAULT NULL,
  PRIMARY KEY (`HistoryRecordID`,`PackageID`,`ProductLevelID`)
) ENGINE=InnoDB DEFAULT CHARSET=utf8;
/*!40101 SET character_set_client = @saved_cs_client */;

--
-- Dumping data for table `packagehistoryrecord`
--

LOCK TABLES `packagehistoryrecord` WRITE;
/*!40000 ALTER TABLE `packagehistoryrecord` DISABLE KEYS */;
/*!40000 ALTER TABLE `packagehistoryrecord` ENABLE KEYS */;
UNLOCK TABLES;

--
-- Table structure for table `packagehistorytemp`
--

DROP TABLE IF EXISTS `packagehistorytemp`;
/*!40101 SET @saved_cs_client     = @@character_set_client */;
/*!40101 SET character_set_client = utf8 */;
CREATE TABLE `packagehistorytemp` (
  `PackageHistoryID` int(11) NOT NULL DEFAULT '0',
  `PackageID` int(11) NOT NULL DEFAULT '0',
  `ProductLevelID` int(11) NOT NULL DEFAULT '0',
  `TransactionID` int(11) NOT NULL DEFAULT '0',
  `ComputerID` int(11) NOT NULL DEFAULT '0',
  `OrderDetailID` int(11) NOT NULL DEFAULT '0',
  `ProductCode` varchar(50) NOT NULL DEFAULT '',
  `PackageStatus` tinyint(4) NOT NULL DEFAULT '0',
  `CommissionPrice` decimal(18,4) NOT NULL DEFAULT '0.0000',
  `CommissionPriceVAT` decimal(18,4) NOT NULL DEFAULT '0.0000',
  `AdditionalPrice` decimal(18,4) NOT NULL DEFAULT '0.0000',
  `PackageSessionAmount` decimal(18,4) NOT NULL DEFAULT '0.0000',
  PRIMARY KEY (`PackageHistoryID`,`PackageID`,`ProductLevelID`)
) ENGINE=InnoDB DEFAULT CHARSET=utf8;
/*!40101 SET character_set_client = @saved_cs_client */;

--
-- Dumping data for table `packagehistorytemp`
--

LOCK TABLES `packagehistorytemp` WRITE;
/*!40000 ALTER TABLE `packagehistorytemp` DISABLE KEYS */;
/*!40000 ALTER TABLE `packagehistorytemp` ENABLE KEYS */;
UNLOCK TABLES;

--
-- Table structure for table `packagesessioncomponent`
--

DROP TABLE IF EXISTS `packagesessioncomponent`;
/*!40101 SET @saved_cs_client     = @@character_set_client */;
/*!40101 SET character_set_client = utf8 */;
CREATE TABLE `packagesessioncomponent` (
  `PackageProductCode` varchar(50) NOT NULL DEFAULT '',
  `ProductCode` varchar(50) NOT NULL DEFAULT '',
  `SessionAmountPerUnit` decimal(18,4) NOT NULL DEFAULT '0.0000',
  PRIMARY KEY (`PackageProductCode`,`ProductCode`)
) ENGINE=InnoDB DEFAULT CHARSET=utf8;
/*!40101 SET character_set_client = @saved_cs_client */;

--
-- Dumping data for table `packagesessioncomponent`
--

LOCK TABLES `packagesessioncomponent` WRITE;
/*!40000 ALTER TABLE `packagesessioncomponent` DISABLE KEYS */;
/*!40000 ALTER TABLE `packagesessioncomponent` ENABLE KEYS */;
UNLOCK TABLES;

--
-- Table structure for table `packagesessionproductdetail`
--

DROP TABLE IF EXISTS `packagesessionproductdetail`;
/*!40101 SET @saved_cs_client     = @@character_set_client */;
/*!40101 SET character_set_client = utf8 */;
CREATE TABLE `packagesessionproductdetail` (
  `PackageProductID` int(11) NOT NULL DEFAULT '0',
  `SessionAmount` decimal(18,4) NOT NULL DEFAULT '0.0000',
  `MaxAllowEditAmount` decimal(18,4) NOT NULL DEFAULT '0.0000',
  PRIMARY KEY (`PackageProductID`)
) ENGINE=InnoDB DEFAULT CHARSET=utf8;
/*!40101 SET character_set_client = @saved_cs_client */;

--
-- Dumping data for table `packagesessionproductdetail`
--

LOCK TABLES `packagesessionproductdetail` WRITE;
/*!40000 ALTER TABLE `packagesessionproductdetail` DISABLE KEYS */;
/*!40000 ALTER TABLE `packagesessionproductdetail` ENABLE KEYS */;
UNLOCK TABLES;

--
-- Table structure for table `paybycreditmoney`
--

DROP TABLE IF EXISTS `paybycreditmoney`;
/*!40101 SET @saved_cs_client     = @@character_set_client */;
/*!40101 SET character_set_client = utf8 */;
CREATE TABLE `paybycreditmoney` (
  `PayID` int(11) NOT NULL DEFAULT '0',
  `CMTransactionID` int(11) NOT NULL DEFAULT '0',
  `CMComputerID` int(11) NOT NULL DEFAULT '0',
  `TransactionID` int(11) NOT NULL DEFAULT '0',
  `ComputerID` int(11) NOT NULL DEFAULT '0',
  `ShopID` int(11) NOT NULL DEFAULT '0',
  `MemberID` int(11) NOT NULL DEFAULT '0',
  `MemberOrStaff` tinyint(2) NOT NULL DEFAULT '0',
  `PaidStaffID` int(11) NOT NULL DEFAULT '0',
  `PreviousCreditMoney` decimal(18,4) NOT NULL DEFAULT '0.0000',
  `PayAmount` decimal(18,4) NOT NULL DEFAULT '0.0000',
  `InsertDate` datetime DEFAULT NULL,
  `UpdateDate` datetime DEFAULT NULL,
  `PayTypeID` tinyint(4) NOT NULL DEFAULT '0',
  `CreditCardNo` varchar(50) DEFAULT NULL,
  `ExpireMonth` tinyint(4) NOT NULL DEFAULT '0',
  `ExpireYear` smallint(6) NOT NULL DEFAULT '0',
  `BankName` int(11) NOT NULL DEFAULT '0',
  `CreditCardType` int(11) NOT NULL DEFAULT '0',
  `CreditCardApprovalCode` varchar(50) DEFAULT NULL,
  `BankBranch` varchar(50) DEFAULT NULL,
  `ChequeDate` date DEFAULT NULL,
  `PaymentVAT` decimal(18,4) NOT NULL DEFAULT '0.0000',
  `DocType` int(11) NOT NULL DEFAULT '0',
  `ReceiptYear` smallint(6) NOT NULL DEFAULT '0',
  `ReceiptMonth` tinyint(4) NOT NULL DEFAULT '0',
  `ReceiptID` int(11) NOT NULL DEFAULT '0',
  `SessionID` int(11) NOT NULL DEFAULT '0',
  `CloseComputerID` int(11) NOT NULL DEFAULT '0',
  `PayDate` date DEFAULT NULL,
  `CreditMoneyStatusID` tinyint(4) NOT NULL DEFAULT '0',
  `VoidStaffID` int(11) NOT NULL DEFAULT '0',
  `VoidReason` text,
  `VoidTime` datetime DEFAULT NULL,
  PRIMARY KEY (`PayID`,`CMTransactionID`,`CMComputerID`),
  KEY `ReceiptMonthYearIndex` (`ReceiptYear`,`ReceiptMonth`)
) ENGINE=InnoDB DEFAULT CHARSET=utf8;
/*!40101 SET character_set_client = @saved_cs_client */;

--
-- Dumping data for table `paybycreditmoney`
--

LOCK TABLES `paybycreditmoney` WRITE;
/*!40000 ALTER TABLE `paybycreditmoney` DISABLE KEYS */;
/*!40000 ALTER TABLE `paybycreditmoney` ENABLE KEYS */;
UNLOCK TABLES;

--
-- Table structure for table `paybyvoucher`
--

DROP TABLE IF EXISTS `paybyvoucher`;
/*!40101 SET @saved_cs_client     = @@character_set_client */;
/*!40101 SET character_set_client = utf8 */;
CREATE TABLE `paybyvoucher` (
  `TransactionID` int(11) NOT NULL DEFAULT '0',
  `ComputerID` int(11) NOT NULL DEFAULT '0',
  `VoucherID` int(11) NOT NULL DEFAULT '0',
  `VoucherTypeID` int(11) NOT NULL DEFAULT '0',
  `VoucherComputerID` int(11) NOT NULL DEFAULT '0',
  `CouponVoucherNo` varchar(30) DEFAULT NULL,
  `ReuseCoupon` tinyint(4) NOT NULL DEFAULT '0',
  `ReferenceNo` varchar(50) DEFAULT NULL,
  `AuthorizeStaffID` int(11) NOT NULL DEFAULT '0',
  `AuthorizeReason` varchar(255) DEFAULT NULL,
  `OriginalAmount` decimal(18,4) NOT NULL DEFAULT '0.0000',
  `UsedAmount` decimal(18,4) NOT NULL DEFAULT '0.0000',
  `IsSale` tinyint(2) NOT NULL DEFAULT '0',
  `PriceGroupID` int(11) NOT NULL DEFAULT '0',
  `TypeID` tinyint(4) NOT NULL DEFAULT '0',
  `AlreadyExportToHQ` tinyint(4) NOT NULL DEFAULT '0',
  PRIMARY KEY (`TransactionID`,`ComputerID`,`VoucherID`,`VoucherTypeID`,`VoucherComputerID`),
  KEY `PayByVoucherTransactionIndex` (`TransactionID`,`ComputerID`)
) ENGINE=InnoDB DEFAULT CHARSET=utf8;
/*!40101 SET character_set_client = @saved_cs_client */;

--
-- Dumping data for table `paybyvoucher`
--

LOCK TABLES `paybyvoucher` WRITE;
/*!40000 ALTER TABLE `paybyvoucher` DISABLE KEYS */;
/*!40000 ALTER TABLE `paybyvoucher` ENABLE KEYS */;
UNLOCK TABLES;

--
-- Table structure for table `paybyvoucherfront`
--

DROP TABLE IF EXISTS `paybyvoucherfront`;
/*!40101 SET @saved_cs_client     = @@character_set_client */;
/*!40101 SET character_set_client = utf8 */;
CREATE TABLE `paybyvoucherfront` (
  `TransactionID` int(11) NOT NULL DEFAULT '0',
  `ComputerID` int(11) NOT NULL DEFAULT '0',
  `VoucherID` int(11) NOT NULL DEFAULT '0',
  `VoucherTypeID` int(11) NOT NULL DEFAULT '0',
  `VoucherComputerID` int(11) NOT NULL DEFAULT '0',
  `CouponVoucherNo` varchar(30) DEFAULT NULL,
  `ReuseCoupon` tinyint(4) NOT NULL DEFAULT '0',
  `ReferenceNo` varchar(50) DEFAULT NULL,
  `AuthorizeStaffID` int(11) NOT NULL DEFAULT '0',
  `AuthorizeReason` varchar(255) DEFAULT NULL,
  `OriginalAmount` decimal(18,4) DEFAULT '0.0000',
  `UsedAmount` decimal(18,4) DEFAULT '0.0000',
  `IsSale` tinyint(2) NOT NULL DEFAULT '0',
  `PriceGroupID` int(11) NOT NULL DEFAULT '0',
  `TypeID` tinyint(4) NOT NULL DEFAULT '0',
  `AlreadyExportToHQ` tinyint(4) NOT NULL DEFAULT '0',
  `InputID` int(11) NOT NULL AUTO_INCREMENT,
  PRIMARY KEY (`TransactionID`,`ComputerID`,`VoucherID`,`VoucherTypeID`),
  KEY `InputKey` (`InputID`)
) ENGINE=InnoDB DEFAULT CHARSET=utf8;
/*!40101 SET character_set_client = @saved_cs_client */;

--
-- Dumping data for table `paybyvoucherfront`
--

LOCK TABLES `paybyvoucherfront` WRITE;
/*!40000 ALTER TABLE `paybyvoucherfront` DISABLE KEYS */;
/*!40000 ALTER TABLE `paybyvoucherfront` ENABLE KEYS */;
UNLOCK TABLES;

--
-- Table structure for table `paydetail`
--

DROP TABLE IF EXISTS `paydetail`;
/*!40101 SET @saved_cs_client     = @@character_set_client */;
/*!40101 SET character_set_client = utf8 */;
CREATE TABLE `paydetail` (
  `PayDetailID` int(11) NOT NULL DEFAULT '0',
  `TransactionID` int(11) NOT NULL DEFAULT '0',
  `ComputerID` int(11) NOT NULL DEFAULT '0',
  `PayTypeID` int(11) NOT NULL DEFAULT '0',
  `Amount` decimal(18,4) NOT NULL DEFAULT '0.0000',
  `SmartcardID` int(11) NOT NULL DEFAULT '0',
  `SmartcardType` int(11) NOT NULL DEFAULT '0',
  `CardProductLevelID` int(11) NOT NULL DEFAULT '0',
  `CreditCardNo` varchar(50) DEFAULT NULL,
  `CardHolderName` varchar(100) NOT NULL DEFAULT '',
  `ExpireMonth` tinyint(4) NOT NULL DEFAULT '0',
  `ExpireYear` smallint(6) NOT NULL DEFAULT '0',
  `ChequeNumber` varchar(20) DEFAULT NULL,
  `ChequeDate` date DEFAULT NULL,
  `BankName` int(11) NOT NULL DEFAULT '0',
  `CreditCardType` int(11) NOT NULL DEFAULT '0',
  `PaidByName` varchar(100) DEFAULT NULL,
  `Paid` tinyint(2) NOT NULL DEFAULT '0',
  `IsFromEVoucher` tinyint(4) NOT NULL DEFAULT '0',
  `PaymentVAT` decimal(18,4) NOT NULL DEFAULT '0.0000',
  `IsCalculateVAT` tinyint(4) NOT NULL DEFAULT '1',
  `PrepaidDiscountPercent` decimal(10,4) NOT NULL DEFAULT '0.0000',
  `IsFromEDC` tinyint(4) NOT NULL DEFAULT '0',
  `AuthorizeStaffID` int(11) NOT NULL DEFAULT '0',
  `AuthorizeReason` varchar(255) DEFAULT NULL,
  `FromCurrencyID` int(11) NOT NULL DEFAULT '0',
  `FromCurrencyPrice` decimal(18,4) NOT NULL DEFAULT '0.0000',
  `ExchangeRate` decimal(18,4) NOT NULL DEFAULT '0.0000',
  `MainCurrencyRatio` decimal(18,4) NOT NULL DEFAULT '0.0000',
  PRIMARY KEY (`PayDetailID`,`TransactionID`,`ComputerID`),
  KEY `PayDetailTransactionIndex` (`TransactionID`,`ComputerID`)
) ENGINE=InnoDB DEFAULT CHARSET=utf8;
/*!40101 SET character_set_client = @saved_cs_client */;

--
-- Dumping data for table `paydetail`
--

LOCK TABLES `paydetail` WRITE;
/*!40000 ALTER TABLE `paydetail` DISABLE KEYS */;
/*!40000 ALTER TABLE `paydetail` ENABLE KEYS */;
UNLOCK TABLES;

--
-- Table structure for table `paydetaildefaultpayamount`
--

DROP TABLE IF EXISTS `paydetaildefaultpayamount`;
/*!40101 SET @saved_cs_client     = @@character_set_client */;
/*!40101 SET character_set_client = utf8 */;
CREATE TABLE `paydetaildefaultpayamount` (
  `TransactionID` int(11) NOT NULL DEFAULT '0',
  `ComputerID` int(11) NOT NULL DEFAULT '0',
  `DefaultPayAmount` decimal(18,4) NOT NULL DEFAULT '0.0000',
  PRIMARY KEY (`TransactionID`,`ComputerID`)
) ENGINE=InnoDB DEFAULT CHARSET=utf8;
/*!40101 SET character_set_client = @saved_cs_client */;

--
-- Dumping data for table `paydetaildefaultpayamount`
--

LOCK TABLES `paydetaildefaultpayamount` WRITE;
/*!40000 ALTER TABLE `paydetaildefaultpayamount` DISABLE KEYS */;
/*!40000 ALTER TABLE `paydetaildefaultpayamount` ENABLE KEYS */;
UNLOCK TABLES;

--
-- Table structure for table `paydetailfromtabletlink`
--

DROP TABLE IF EXISTS `paydetailfromtabletlink`;
/*!40101 SET @saved_cs_client     = @@character_set_client */;
/*!40101 SET character_set_client = utf8 */;
CREATE TABLE `paydetailfromtabletlink` (
  `TransactionID` int(11) NOT NULL DEFAULT '0',
  `ComputerID` int(11) NOT NULL DEFAULT '0',
  `TabletComputerID` int(11) NOT NULL DEFAULT '0',
  `CashierComputerID` int(11) NOT NULL DEFAULT '0',
  PRIMARY KEY (`TransactionID`,`ComputerID`)
) ENGINE=InnoDB DEFAULT CHARSET=utf8;
/*!40101 SET character_set_client = @saved_cs_client */;

--
-- Dumping data for table `paydetailfromtabletlink`
--

LOCK TABLES `paydetailfromtabletlink` WRITE;
/*!40000 ALTER TABLE `paydetailfromtabletlink` DISABLE KEYS */;
/*!40000 ALTER TABLE `paydetailfromtabletlink` ENABLE KEYS */;
UNLOCK TABLES;

--
-- Table structure for table `paydetailfront`
--

DROP TABLE IF EXISTS `paydetailfront`;
/*!40101 SET @saved_cs_client     = @@character_set_client */;
/*!40101 SET character_set_client = utf8 */;
CREATE TABLE `paydetailfront` (
  `PayDetailID` int(11) NOT NULL DEFAULT '0',
  `TransactionID` int(11) NOT NULL DEFAULT '0',
  `ComputerID` int(11) NOT NULL DEFAULT '0',
  `PayTypeID` int(11) NOT NULL DEFAULT '0',
  `Amount` decimal(18,4) NOT NULL DEFAULT '0.0000',
  `SmartcardID` int(11) NOT NULL DEFAULT '0',
  `SmartcardType` int(11) NOT NULL DEFAULT '0',
  `CardProductLevelID` int(11) NOT NULL DEFAULT '0',
  `CreditCardNo` varchar(50) DEFAULT '',
  `CardHolderName` varchar(100) NOT NULL DEFAULT '',
  `ExpireMonth` tinyint(4) NOT NULL DEFAULT '0',
  `ExpireYear` smallint(6) NOT NULL DEFAULT '0',
  `ChequeNumber` varchar(20) DEFAULT NULL,
  `ChequeDate` date DEFAULT NULL,
  `BankName` int(11) NOT NULL DEFAULT '0',
  `CreditCardType` int(11) NOT NULL DEFAULT '0',
  `PaidByName` varchar(100) DEFAULT NULL,
  `Paid` tinyint(2) NOT NULL DEFAULT '0',
  `IsFromEVoucher` tinyint(4) NOT NULL DEFAULT '0',
  `PaymentVAT` decimal(18,4) NOT NULL DEFAULT '0.0000',
  `IsCalculateVAT` tinyint(4) NOT NULL DEFAULT '1',
  `PrepaidDiscountPercent` decimal(10,4) NOT NULL DEFAULT '0.0000',
  `IsFromEDC` tinyint(4) NOT NULL DEFAULT '0',
  `AuthorizeStaffID` int(11) NOT NULL DEFAULT '0',
  `AuthorizeReason` varchar(255) DEFAULT NULL,
  `FromCurrencyID` int(11) NOT NULL DEFAULT '0',
  `FromCurrencyPrice` decimal(18,4) NOT NULL DEFAULT '0.0000',
  `ExchangeRate` decimal(18,4) NOT NULL DEFAULT '0.0000',
  `MainCurrencyRatio` decimal(18,4) NOT NULL DEFAULT '0.0000',
  PRIMARY KEY (`PayDetailID`,`TransactionID`,`ComputerID`)
) ENGINE=InnoDB DEFAULT CHARSET=utf8;
/*!40101 SET character_set_client = @saved_cs_client */;

--
-- Dumping data for table `paydetailfront`
--

LOCK TABLES `paydetailfront` WRITE;
/*!40000 ALTER TABLE `paydetailfront` DISABLE KEYS */;
/*!40000 ALTER TABLE `paydetailfront` ENABLE KEYS */;
UNLOCK TABLES;

--
-- Table structure for table `paymentamountbutton`
--

DROP TABLE IF EXISTS `paymentamountbutton`;
/*!40101 SET @saved_cs_client     = @@character_set_client */;
/*!40101 SET character_set_client = utf8 */;
CREATE TABLE `paymentamountbutton` (
  `PaymentAmountID` int(11) NOT NULL DEFAULT '0',
  `PaymentAmount` decimal(18,4) NOT NULL DEFAULT '0.0000',
  `ImageName` varchar(50) DEFAULT NULL,
  `ButtonOrder` tinyint(4) NOT NULL DEFAULT '0',
  PRIMARY KEY (`PaymentAmountID`)
) ENGINE=InnoDB DEFAULT CHARSET=utf8;
/*!40101 SET character_set_client = @saved_cs_client */;

--
-- Dumping data for table `paymentamountbutton`
--

LOCK TABLES `paymentamountbutton` WRITE;
/*!40000 ALTER TABLE `paymentamountbutton` DISABLE KEYS */;
INSERT INTO `paymentamountbutton` VALUES (1,'1000.0000','bank1000.jpg',2),(2,'500.0000','bank500.jpg',4),(4,'100.0000','bank100.jpg',8),(5,'50.0000','bank50.jpg',10),(6,'20.0000','bank20.jpg',12);
/*!40000 ALTER TABLE `paymentamountbutton` ENABLE KEYS */;
UNLOCK TABLES;

--
-- Table structure for table `paymentstaffpermission`
--

DROP TABLE IF EXISTS `paymentstaffpermission`;
/*!40101 SET @saved_cs_client     = @@character_set_client */;
/*!40101 SET character_set_client = utf8 */;
CREATE TABLE `paymentstaffpermission` (
  `StaffRoleID` int(11) NOT NULL DEFAULT '0',
  `PayTypeID` int(11) NOT NULL DEFAULT '0',
  PRIMARY KEY (`StaffRoleID`,`PayTypeID`)
) ENGINE=InnoDB DEFAULT CHARSET=utf8;
/*!40101 SET character_set_client = @saved_cs_client */;

--
-- Dumping data for table `paymentstaffpermission`
--

LOCK TABLES `paymentstaffpermission` WRITE;
/*!40000 ALTER TABLE `paymentstaffpermission` DISABLE KEYS */;
/*!40000 ALTER TABLE `paymentstaffpermission` ENABLE KEYS */;
UNLOCK TABLES;

--
-- Table structure for table `paymenttypematerialdocument`
--

DROP TABLE IF EXISTS `paymenttypematerialdocument`;
/*!40101 SET @saved_cs_client     = @@character_set_client */;
/*!40101 SET character_set_client = utf8 */;
CREATE TABLE `paymenttypematerialdocument` (
  `PayTypeID` int(11) NOT NULL DEFAULT '0',
  `SaleDocumentTypeID` int(11) NOT NULL DEFAULT '20',
  `VoidDocumentTypeID` int(11) NOT NULL DEFAULT '21',
  PRIMARY KEY (`PayTypeID`)
) ENGINE=InnoDB DEFAULT CHARSET=utf8;
/*!40101 SET character_set_client = @saved_cs_client */;

--
-- Dumping data for table `paymenttypematerialdocument`
--

LOCK TABLES `paymenttypematerialdocument` WRITE;
/*!40000 ALTER TABLE `paymenttypematerialdocument` DISABLE KEYS */;
INSERT INTO `paymenttypematerialdocument` VALUES (103,104,105),(104,106,107),(106,108,109);
/*!40000 ALTER TABLE `paymenttypematerialdocument` ENABLE KEYS */;
UNLOCK TABLES;

--
-- Table structure for table `paytype`
--

DROP TABLE IF EXISTS `paytype`;
/*!40101 SET @saved_cs_client     = @@character_set_client */;
/*!40101 SET character_set_client = utf8 */;
CREATE TABLE `paytype` (
  `TypeID` int(11) NOT NULL DEFAULT '0',
  `PayType` varchar(50) DEFAULT NULL,
  `PayTypeCode` varchar(10) DEFAULT NULL,
  `DisplayName` varchar(20) DEFAULT NULL,
  `IsAvailable` tinyint(2) NOT NULL DEFAULT '0',
  `SetDefault` tinyint(2) NOT NULL DEFAULT '0',
  `Deleted` tinyint(2) NOT NULL DEFAULT '0',
  `ConvertPayTypeTo` int(11) NOT NULL DEFAULT '0',
  `AdjustAmountToPayType` int(11) NOT NULL DEFAULT '0',
  `IsDisplayNameByOriginalPayType` tinyint(4) NOT NULL DEFAULT '0',
  `EDCType` tinyint(4) NOT NULL DEFAULT '0',
  `IsSale` tinyint(2) NOT NULL DEFAULT '0',
  `IsVAT` tinyint(2) NOT NULL DEFAULT '0',
  `IsOtherReceipt` tinyint(2) NOT NULL DEFAULT '0',
  `IsPrintOtherReceipt` tinyint(4) NOT NULL DEFAULT '0',
  `IsPrepaid` tinyint(2) NOT NULL DEFAULT '0',
  `PrepaidDiscountPercent` decimal(10,4) NOT NULL DEFAULT '0.0000',
  `DefaultPayPrice` decimal(18,4) NOT NULL DEFAULT '0.0000',
  `MinimumCanPayPrice` decimal(18,4) NOT NULL DEFAULT '0.0000',
  `MaximumCanPayPrice` decimal(18,4) NOT NULL DEFAULT '0.0000',
  `DefaultCreditCardType` int(11) NOT NULL DEFAULT '0',
  `DefaultBankName` int(11) NOT NULL DEFAULT '0',
  `PayTypeGroupID` int(11) NOT NULL DEFAULT '0',
  `IsRequire` tinyint(2) NOT NULL DEFAULT '0',
  `RequireAuthorize` tinyint(4) NOT NULL DEFAULT '0',
  `IsFixPrice` tinyint(2) NOT NULL DEFAULT '0',
  `IsOpenDrawer` tinyint(4) NOT NULL DEFAULT '1',
  `IsDisplayCashChange` tinyint(4) NOT NULL DEFAULT '0',
  `IsVoidFromEDC` tinyint(4) NOT NULL DEFAULT '0',
  `IsManualEVoucher` tinyint(4) NOT NULL DEFAULT '0',
  `MaxNoPayInTransaction` tinyint(4) NOT NULL DEFAULT '0',
  `NoPrintReceiptCopy` tinyint(4) NOT NULL DEFAULT '0',
  `PrintSignatureInReceipt` tinyint(4) NOT NULL DEFAULT '0',
  `UseNoRoundingPrice` tinyint(4) NOT NULL DEFAULT '0',
  `PayTypeFunction` int(11) NOT NULL DEFAULT '0',
  `PayTypeProperty` varchar(200) DEFAULT NULL,
  `CanEditDeletePaymentInMultiple` tinyint(2) NOT NULL DEFAULT '0',
  `IncludeInMultiplePayment` tinyint(4) NOT NULL DEFAULT '1',
  `OtherReceiptSkipExcludeVATAndServicecharge` tinyint(4) NOT NULL DEFAULT '0',
  `OtherReceiptHasCashInProductID` int(11) NOT NULL DEFAULT '0',
  `OtherReceiptPrinterID` tinyint(4) NOT NULL DEFAULT '0',
  `NotAllProducts` tinyint(2) NOT NULL DEFAULT '0',
  `PayTypeOrdering` int(11) NOT NULL DEFAULT '0',
  `NotCheckSamePaymentDetail` tinyint(4) NOT NULL DEFAULT '0',
  PRIMARY KEY (`TypeID`)
) ENGINE=InnoDB DEFAULT CHARSET=utf8;
/*!40101 SET character_set_client = @saved_cs_client */;

--
-- Dumping data for table `paytype`
--

LOCK TABLES `paytype` WRITE;
/*!40000 ALTER TABLE `paytype` DISABLE KEYS */;
INSERT INTO `paytype` VALUES (1,'Cash','c','Cash',1,1,0,0,0,1,0,1,1,0,0,0,'0.0000','0.0000','0.0000','0.0000',0,0,0,0,0,0,1,0,0,0,0,0,0,0,0,NULL,1,1,0,0,0,0,20,1),(2,'Credit Card','cc','Credit Card',0,0,0,2,0,0,0,1,1,0,0,0,'0.0000','0.0000','0.0000','0.0000',0,0,0,0,0,0,0,0,0,0,0,0,0,0,0,'',1,1,0,0,0,0,2001,0),(3,'Smart Card','sc','Smart Card',0,0,1,0,0,1,0,0,1,0,0,1,'0.0000','0.0000','0.0000','0.0000',0,0,0,0,0,0,0,0,0,0,0,0,0,0,0,NULL,1,1,0,0,0,0,60,0),(4,'Cheque','ch','Cheque',0,0,1,0,0,1,0,1,1,0,0,0,'0.0000','0.0000','0.0000','0.0000',0,0,0,0,0,0,1,0,0,0,0,0,0,0,0,NULL,1,1,0,0,0,0,80,0),(5,'Credit Money','cm','Credit Money',1,0,1,0,0,1,0,0,0,0,0,0,'0.0000','0.0000','0.0000','0.0000',0,0,0,0,0,0,1,0,0,0,0,0,0,0,0,NULL,1,1,0,0,0,0,100,0),(6,'Redeem Point','RP','Redeem Point',1,0,1,0,0,1,0,0,1,0,0,0,'0.0000','0.0000','0.0000','0.0000',0,0,0,0,0,0,0,0,0,0,0,0,0,0,0,'',1,1,0,0,0,0,120,0),(7,'Money Coupon','mc','Money Coupon',1,0,1,0,0,1,0,0,0,0,0,0,'0.0000','0.0000','0.0000','0.0000',0,0,0,0,0,0,1,0,0,0,0,0,0,0,0,NULL,1,1,0,0,0,0,140,0),(8,'Multiple Payment','mp','Multiple Payment',1,0,1,0,0,1,0,1,1,0,0,0,'0.0000','0.0000','0.0000','0.0000',0,0,0,0,0,0,1,0,0,0,0,0,0,0,0,NULL,1,1,0,0,0,0,160,0),(9,'Prepaid','pp','Prepaid',1,0,1,0,0,1,0,0,0,0,0,1,'0.0000','0.0000','0.0000','0.0000',0,0,0,0,0,0,1,0,0,0,0,0,0,0,0,NULL,1,1,0,0,0,0,180,0),(100,'UP2ME','U2M','UP2ME',0,0,1,0,0,1,0,1,1,0,0,0,'0.0000','0.0000','0.0000','0.0000',0,0,0,0,0,0,0,0,0,0,0,0,0,0,0,'',0,1,0,0,0,0,1201,0),(101,'EDC SCB Ingenigo','scb1','EDC SCB Ingenigo',1,0,1,2,0,0,3,1,1,0,0,0,'0.0000','0.0000','0.0000','0.0000',0,0,0,0,0,0,0,0,0,0,0,0,0,0,0,'',0,0,0,0,0,0,1101,0),(102,'EDC SCB Hypercom','scb2','EDC SCB Hypercom',1,0,1,2,0,0,3,1,1,0,0,0,'0.0000','0.0000','0.0000','0.0000',0,0,0,0,0,0,0,0,0,0,0,0,0,0,0,'',0,0,0,0,0,0,1102,0),(103,'Finish Waste','FW','Finish Waste',0,0,0,0,0,1,0,1,0,1,1,0,'0.0000','0.0000','0.0000','0.0000',0,0,0,0,0,0,1,0,0,0,0,0,0,0,0,'1',0,1,0,0,0,0,2002,0),(104,'Expire','EX','Expire',0,0,1,0,0,1,0,1,1,1,0,0,'0.0000','0.0000','0.0000','0.0000',0,0,0,0,0,0,0,0,0,0,0,0,0,0,0,'',0,1,0,0,0,0,2003,0),(105,'test1','test1','test1',1,0,1,0,0,1,0,1,1,0,0,0,'0.0000','0.0000','0.0000','0.0000',0,0,2,0,0,0,1,0,0,0,0,0,0,0,0,'',0,1,0,0,0,0,9999,0),(106,'test2','test2','test2',1,0,1,0,0,1,0,1,1,1,0,0,'0.0000','0.0000','0.0000','0.0000',0,0,2,0,0,0,1,0,0,0,0,0,0,0,0,'',0,1,0,0,0,0,9999,0),(1001,'EDC Nera','edc1','EDC Nera',1,0,0,2,0,0,1,1,1,0,0,0,'0.0000','0.0000','0.0000','0.0000',0,0,0,0,0,0,0,0,0,0,0,0,0,0,0,'',0,0,0,0,0,0,1001,0),(1002,'EDC Posnet','edc2','EDC Posnet',1,0,0,2,0,0,2,1,1,0,0,0,'0.0000','0.0000','0.0000','0.0000',0,0,0,0,0,0,0,0,0,0,0,0,0,0,0,'',0,0,0,0,0,0,1002,0),(1003,'EDC Hypercom','edc3','EDC Hypercom',1,0,0,2,0,0,3,1,1,0,0,0,'0.0000','0.0000','0.0000','0.0000',0,0,0,0,0,0,0,0,0,0,0,0,0,0,0,'',0,0,0,0,0,0,1003,0),(1004,'Deposit','DP','Deposit',0,0,0,0,0,1,0,1,1,0,0,0,'0.0000','0.0000','0.0000','0.0000',0,0,0,0,0,0,0,0,0,0,0,0,0,0,0,NULL,1,1,0,0,0,0,1004,0),(1005,'EDC KTB','edc4','EDC KTB',1,0,0,2,0,0,4,1,1,0,0,0,'0.0000','0.0000','0.0000','0.0000',0,0,0,0,0,0,0,0,0,0,0,0,0,0,0,'',0,0,0,0,0,0,1005,0),(1120,'Charge To Room','PMS','Charge To Room',1,0,1,0,0,0,0,1,1,0,0,0,'0.0000','0.0000','0.0000','0.0000',0,0,0,0,0,0,0,0,0,0,0,0,0,0,0,NULL,0,1,0,0,0,0,1120,0),(1121,'Gift Card','GC','Gift Card',1,0,1,1121,0,0,10,1,1,0,0,0,'0.0000','0.0000','0.0000','0.0000',0,0,0,0,0,0,0,0,0,0,0,0,0,0,0,NULL,0,1,0,0,0,0,1121,0);
/*!40000 ALTER TABLE `paytype` ENABLE KEYS */;
UNLOCK TABLES;

--
-- Table structure for table `paytype_otherreceiptskippricedescription`
--

DROP TABLE IF EXISTS `paytype_otherreceiptskippricedescription`;
/*!40101 SET @saved_cs_client     = @@character_set_client */;
/*!40101 SET character_set_client = utf8 */;
CREATE TABLE `paytype_otherreceiptskippricedescription` (
  `OtherReceiptSkipID` tinyint(4) NOT NULL DEFAULT '0',
  `Description` varchar(100) DEFAULT NULL,
  PRIMARY KEY (`OtherReceiptSkipID`)
) ENGINE=InnoDB DEFAULT CHARSET=utf8;
/*!40101 SET character_set_client = @saved_cs_client */;

--
-- Dumping data for table `paytype_otherreceiptskippricedescription`
--

LOCK TABLES `paytype_otherreceiptskippricedescription` WRITE;
/*!40000 ALTER TABLE `paytype_otherreceiptskippricedescription` DISABLE KEYS */;
INSERT INTO `paytype_otherreceiptskippricedescription` VALUES (0,'No Skip Calculate'),(1,'Skip Calculate VAT and Servicecharge'),(2,'Skip Calculate Servicecharge'),(3,'Skip Calculate VAT');
/*!40000 ALTER TABLE `paytype_otherreceiptskippricedescription` ENABLE KEYS */;
UNLOCK TABLES;

--
-- Table structure for table `paytypegroup`
--

DROP TABLE IF EXISTS `paytypegroup`;
/*!40101 SET @saved_cs_client     = @@character_set_client */;
/*!40101 SET character_set_client = utf8 */;
CREATE TABLE `paytypegroup` (
  `PayTypeGroupID` int(11) NOT NULL DEFAULT '0',
  `LangID` int(11) NOT NULL DEFAULT '0',
  `PayTypeGroupName` varchar(20) DEFAULT NULL,
  PRIMARY KEY (`PayTypeGroupID`,`LangID`)
) ENGINE=InnoDB DEFAULT CHARSET=utf8;
/*!40101 SET character_set_client = @saved_cs_client */;

--
-- Dumping data for table `paytypegroup`
--

LOCK TABLES `paytypegroup` WRITE;
/*!40000 ALTER TABLE `paytypegroup` DISABLE KEYS */;
INSERT INTO `paytypegroup` VALUES (0,1,'Main'),(0,2,'Main'),(2,1,'Stock'),(2,2,'Stock');
/*!40000 ALTER TABLE `paytypegroup` ENABLE KEYS */;
UNLOCK TABLES;

--
-- Table structure for table `paytypereferencevalidatesetting`
--

DROP TABLE IF EXISTS `paytypereferencevalidatesetting`;
/*!40101 SET @saved_cs_client     = @@character_set_client */;
/*!40101 SET character_set_client = utf8 */;
CREATE TABLE `paytypereferencevalidatesetting` (
  `PayTypeID` int(11) NOT NULL DEFAULT '0',
  `FrontPart` varchar(20) DEFAULT NULL,
  `ReferenceValidLength` tinyint(4) NOT NULL DEFAULT '0',
  `ValidLengthIncludeFrontPart` tinyint(4) NOT NULL DEFAULT '0',
  `NumericOnlyForRearPart` tinyint(4) NOT NULL DEFAULT '0',
  PRIMARY KEY (`PayTypeID`)
) ENGINE=InnoDB DEFAULT CHARSET=utf8;
/*!40101 SET character_set_client = @saved_cs_client */;

--
-- Dumping data for table `paytypereferencevalidatesetting`
--

LOCK TABLES `paytypereferencevalidatesetting` WRITE;
/*!40000 ALTER TABLE `paytypereferencevalidatesetting` DISABLE KEYS */;
/*!40000 ALTER TABLE `paytypereferencevalidatesetting` ENABLE KEYS */;
UNLOCK TABLES;

--
-- Table structure for table `pcomponentgroup`
--

DROP TABLE IF EXISTS `pcomponentgroup`;
/*!40101 SET @saved_cs_client     = @@character_set_client */;
/*!40101 SET character_set_client = utf8 */;
CREATE TABLE `pcomponentgroup` (
  `PGroupID` int(11) NOT NULL DEFAULT '0',
  `ProductID` int(11) NOT NULL DEFAULT '0',
  `SaleMode` tinyint(4) NOT NULL DEFAULT '1',
  `StartDate` date DEFAULT NULL,
  `EndDate` date DEFAULT NULL,
  `AddingFromBranch` int(11) NOT NULL DEFAULT '0',
  `SetGroupNo` tinyint(4) NOT NULL DEFAULT '0',
  `SetGroupName` varchar(50) DEFAULT NULL,
  `RequireAddAmountForProduct` tinyint(4) NOT NULL DEFAULT '0',
  `RequireAddMinimumAmountForProduct` tinyint(4) NOT NULL DEFAULT '0',
  PRIMARY KEY (`PGroupID`,`ProductID`,`SaleMode`),
  KEY `PGroupProductID` (`ProductID`)
) ENGINE=InnoDB DEFAULT CHARSET=utf8;
/*!40101 SET character_set_client = @saved_cs_client */;

--
-- Dumping data for table `pcomponentgroup`
--

LOCK TABLES `pcomponentgroup` WRITE;
/*!40000 ALTER TABLE `pcomponentgroup` DISABLE KEYS */;
INSERT INTO `pcomponentgroup` VALUES (1,200005,1,'2013-09-18',NULL,0,0,NULL,0,0),(2,200007,1,'2013-09-18',NULL,0,0,NULL,0,0),(3,200007,1,'2000-01-01',NULL,0,1,'',1,0),(4,200003,1,'2013-09-18',NULL,0,0,NULL,0,0),(5,200004,1,'2013-09-18',NULL,0,0,NULL,0,0),(6,200006,1,'2013-09-18',NULL,0,0,NULL,0,0),(7,200010,1,'2013-09-18',NULL,0,0,NULL,0,0),(8,200011,1,'2013-09-18',NULL,0,0,NULL,0,0),(9,200013,1,'2013-09-18',NULL,0,1,'Soup',1,0),(10,200013,1,'2000-01-01',NULL,0,2,'Food',2,0),(11,200013,1,'2000-01-01',NULL,0,3,'Drink',1,0),(12,200009,1,'2013-11-06',NULL,0,0,NULL,0,0);
/*!40000 ALTER TABLE `pcomponentgroup` ENABLE KEYS */;
UNLOCK TABLES;

--
-- Table structure for table `pcomponentgroupoverwrite`
--

DROP TABLE IF EXISTS `pcomponentgroupoverwrite`;
/*!40101 SET @saved_cs_client     = @@character_set_client */;
/*!40101 SET character_set_client = utf8 */;
CREATE TABLE `pcomponentgroupoverwrite` (
  `ProductLevelID` int(11) NOT NULL DEFAULT '0',
  `PGroupID` int(11) NOT NULL DEFAULT '0',
  `ProductID` int(11) NOT NULL DEFAULT '0',
  `SaleMode` tinyint(4) NOT NULL DEFAULT '1',
  `StartDate` date DEFAULT NULL,
  `EndDate` date DEFAULT NULL,
  `AddingFromBranch` tinyint(4) NOT NULL DEFAULT '0',
  `SetGroupNo` tinyint(4) NOT NULL DEFAULT '0',
  `SetGroupName` varchar(50) DEFAULT NULL,
  `RequireAddAmountForProduct` tinyint(4) NOT NULL DEFAULT '0',
  `RequireAddMinimumAmountForProduct` tinyint(4) NOT NULL DEFAULT '0',
  PRIMARY KEY (`ProductLevelID`,`PGroupID`,`ProductID`,`SaleMode`)
) ENGINE=InnoDB DEFAULT CHARSET=utf8;
/*!40101 SET character_set_client = @saved_cs_client */;

--
-- Dumping data for table `pcomponentgroupoverwrite`
--

LOCK TABLES `pcomponentgroupoverwrite` WRITE;
/*!40000 ALTER TABLE `pcomponentgroupoverwrite` DISABLE KEYS */;
/*!40000 ALTER TABLE `pcomponentgroupoverwrite` ENABLE KEYS */;
UNLOCK TABLES;

--
-- Table structure for table `permissioncategory`
--

DROP TABLE IF EXISTS `permissioncategory`;
/*!40101 SET @saved_cs_client     = @@character_set_client */;
/*!40101 SET character_set_client = utf8 */;
CREATE TABLE `permissioncategory` (
  `PermissionCategoryID` int(11) NOT NULL DEFAULT '0',
  `PermissionCategoryOrder` int(11) NOT NULL DEFAULT '0',
  PRIMARY KEY (`PermissionCategoryID`)
) ENGINE=InnoDB DEFAULT CHARSET=utf8;
/*!40101 SET character_set_client = @saved_cs_client */;

--
-- Dumping data for table `permissioncategory`
--

LOCK TABLES `permissioncategory` WRITE;
/*!40000 ALTER TABLE `permissioncategory` DISABLE KEYS */;
INSERT INTO `permissioncategory` VALUES (5,50);
/*!40000 ALTER TABLE `permissioncategory` ENABLE KEYS */;
UNLOCK TABLES;

--
-- Table structure for table `permissioncategoryname`
--

DROP TABLE IF EXISTS `permissioncategoryname`;
/*!40101 SET @saved_cs_client     = @@character_set_client */;
/*!40101 SET character_set_client = utf8 */;
CREATE TABLE `permissioncategoryname` (
  `PermissionCategoryNameID` int(11) NOT NULL DEFAULT '0',
  `PermissionCategoryID` int(11) NOT NULL DEFAULT '0',
  `PermissionCategoryName` varchar(100) DEFAULT NULL,
  `LangID` int(11) NOT NULL DEFAULT '0',
  PRIMARY KEY (`PermissionCategoryNameID`)
) ENGINE=InnoDB DEFAULT CHARSET=utf8;
/*!40101 SET character_set_client = @saved_cs_client */;

--
-- Dumping data for table `permissioncategoryname`
--

LOCK TABLES `permissioncategoryname` WRITE;
/*!40000 ALTER TABLE `permissioncategoryname` DISABLE KEYS */;
INSERT INTO `permissioncategoryname` VALUES (7,5,'Inventory',1),(8,5,'ระบบสินค้าคงคลัง',2);
/*!40000 ALTER TABLE `permissioncategoryname` ENABLE KEYS */;
UNLOCK TABLES;

--
-- Table structure for table `permissionfavorites`
--

DROP TABLE IF EXISTS `permissionfavorites`;
/*!40101 SET @saved_cs_client     = @@character_set_client */;
/*!40101 SET character_set_client = utf8 */;
CREATE TABLE `permissionfavorites` (
  `StaffPermissionID` int(11) NOT NULL DEFAULT '0',
  `PermissionItemID` int(11) NOT NULL DEFAULT '0'
) ENGINE=InnoDB DEFAULT CHARSET=utf8;
/*!40101 SET character_set_client = @saved_cs_client */;

--
-- Dumping data for table `permissionfavorites`
--

LOCK TABLES `permissionfavorites` WRITE;
/*!40000 ALTER TABLE `permissionfavorites` DISABLE KEYS */;
/*!40000 ALTER TABLE `permissionfavorites` ENABLE KEYS */;
UNLOCK TABLES;

--
-- Table structure for table `permissionfeatureinfo`
--

DROP TABLE IF EXISTS `permissionfeatureinfo`;
/*!40101 SET @saved_cs_client     = @@character_set_client */;
/*!40101 SET character_set_client = utf8 */;
CREATE TABLE `permissionfeatureinfo` (
  `PermissionFeature` int(11) NOT NULL DEFAULT '0',
  `PermissionFeatureDesp` varchar(255) DEFAULT NULL,
  `Ordering` smallint(6) NOT NULL DEFAULT '0',
  PRIMARY KEY (`PermissionFeature`)
) ENGINE=InnoDB DEFAULT CHARSET=utf8;
/*!40101 SET character_set_client = @saved_cs_client */;

--
-- Dumping data for table `permissionfeatureinfo`
--

LOCK TABLES `permissionfeatureinfo` WRITE;
/*!40000 ALTER TABLE `permissionfeatureinfo` DISABLE KEYS */;
/*!40000 ALTER TABLE `permissionfeatureinfo` ENABLE KEYS */;
UNLOCK TABLES;

--
-- Table structure for table `permissiongroup`
--

DROP TABLE IF EXISTS `permissiongroup`;
/*!40101 SET @saved_cs_client     = @@character_set_client */;
/*!40101 SET character_set_client = utf8 */;
CREATE TABLE `permissiongroup` (
  `PermissionGroupID` int(11) NOT NULL DEFAULT '0',
  `PermissionCategoryID` int(11) NOT NULL DEFAULT '0',
  `PermissionGroupOrder` smallint(6) DEFAULT NULL,
  `Deleted` tinyint(2) NOT NULL DEFAULT '0',
  PRIMARY KEY (`PermissionGroupID`)
) ENGINE=InnoDB DEFAULT CHARSET=utf8;
/*!40101 SET character_set_client = @saved_cs_client */;

--
-- Dumping data for table `permissiongroup`
--

LOCK TABLES `permissiongroup` WRITE;
/*!40000 ALTER TABLE `permissiongroup` DISABLE KEYS */;
INSERT INTO `permissiongroup` VALUES (1,0,10,0),(2,0,20,0),(3,0,40,0),(4,0,60,0),(5,0,30,0),(6,0,70,0),(7,0,50,0),(8,0,75,0),(9,0,90,0),(11,0,55,1),(12,0,100,1),(13,0,85,0),(14,0,83,0),(15,0,58,0),(16,0,87,1),(17,0,82,0),(18,0,72,0),(19,0,81,0),(20,0,12,0),(21,0,110,0),(22,0,73,1),(24,5,120,0),(25,5,125,0),(26,5,130,0),(27,5,135,1),(28,0,15,0),(29,0,17,0),(30,0,74,1),(31,0,12,0),(40001,0,100,0);
/*!40000 ALTER TABLE `permissiongroup` ENABLE KEYS */;
UNLOCK TABLES;

--
-- Table structure for table `permissiongroupname`
--

DROP TABLE IF EXISTS `permissiongroupname`;
/*!40101 SET @saved_cs_client     = @@character_set_client */;
/*!40101 SET character_set_client = utf8 */;
CREATE TABLE `permissiongroupname` (
  `PermissionGroupNameID` int(11) NOT NULL DEFAULT '0',
  `PermissionGroupID` int(11) DEFAULT NULL,
  `PermissionGroupName` varchar(50) DEFAULT NULL,
  `LangID` int(11) DEFAULT NULL,
  PRIMARY KEY (`PermissionGroupNameID`)
) ENGINE=InnoDB DEFAULT CHARSET=utf8;
/*!40101 SET character_set_client = @saved_cs_client */;

--
-- Dumping data for table `permissiongroupname`
--

LOCK TABLES `permissiongroupname` WRITE;
/*!40000 ALTER TABLE `permissiongroupname` DISABLE KEYS */;
INSERT INTO `permissiongroupname` VALUES (1,1,'Administrator',1),(2,1,'ผู้จัดการระบบ',2),(3,2,'Manage Users',1),(4,2,'ระบบจัดการพนักงาน',2),(5,3,'Manage Master Data',1),(6,3,'ระบบควบคุมสินค้าคงคลัง',2),(7,4,'Purchase and Receive',1),(8,4,'รับ-จ่าย สินค้า',2),(9,5,'Manage Members',1),(10,5,'ระบบจัดการสมาชิก',2),(11,6,'POS',1),(12,6,'POS',2),(13,7,'Manage Promotions',1),(14,7,'ระบบโปรโมชั่น',2),(15,8,'Sale Reports',1),(16,8,'รายงานการขาย',2),(17,9,'Marketing Reports',1),(18,9,'รายงานการตลาด',2),(21,11,'Manage Commission',1),(22,11,'ระบบคอมมิชชั่น',2),(23,12,'Spa & Beauty Reports',1),(24,12,'รายงาน Spa',2),(25,13,'Profit & Loss Reports',1),(26,13,'รายงานต้นทุนกำไร',2),(27,14,'Prepaid Reports',1),(28,14,'รายงาน prepaid',2),(29,15,'Reward Point',1),(30,15,'ระบบสะสมแต้ม',2),(31,16,'Budgeting Report',1),(32,16,'รายงาน Budget',2),(33,17,'Inventory Report',1),(34,17,'รายงาน Inventory',2),(35,18,'Finger Print Property',1),(36,18,'ระบบลายนิ้วมือ',2),(37,19,'Promotion Report',1),(38,19,'รายงานโปรโมชั่น',2),(39,20,'Document Setting',1),(40,20,'ตั้งค่าเอกสาร',2),(41,21,'System Report',1),(42,21,'รายงานระบบ',2),(43,22,'QA Reports',1),(44,22,'รายงาน QA',2),(45,23,'Sale Reports 2',1),(46,23,'รายงานการขาย 2',2),(47,24,'Documents',1),(48,24,'กลุ่มเอกสาร',2),(49,25,'Stock',1),(50,25,'กลุ่มสต๊อกสินค้า',2),(51,26,'General',1),(52,26,'กลุ่มทั่วไป',2),(53,27,'System Config',1),(54,27,'กลุ่มตั้งค่าระบบ',2),(55,28,'News',1),(56,28,'กำหนดข่าวสาร',2),(57,29,'Question',1),(58,29,'กำหนดคำถามหน้าร้าน',2),(59,30,'Accounting Reports',1),(60,30,'Accounting Reports',2),(15000,31,'Exchange Rate',1),(40001,40001,'Loyalty Service',1),(40002,40001,'Loyalty Service',2);
/*!40000 ALTER TABLE `permissiongroupname` ENABLE KEYS */;
UNLOCK TABLES;

--
-- Table structure for table `permissionitem`
--

DROP TABLE IF EXISTS `permissionitem`;
/*!40101 SET @saved_cs_client     = @@character_set_client */;
/*!40101 SET character_set_client = utf8 */;
CREATE TABLE `permissionitem` (
  `PermissionItemID` int(11) NOT NULL DEFAULT '0',
  `PermissionGroupID` int(11) DEFAULT NULL,
  `PermissionItemParam` varchar(50) DEFAULT NULL,
  `PermissionItemUrl` varchar(255) DEFAULT NULL,
  `PermissionItemOrder` smallint(6) DEFAULT NULL,
  `PermissionItemIDParent` int(11) DEFAULT NULL,
  `PermissionItemAssign` int(11) DEFAULT NULL,
  `PermissionShopType` varchar(255) NOT NULL DEFAULT '0',
  `PermissionFeature` tinyint(4) NOT NULL DEFAULT '0',
  `Deleted` tinyint(2) NOT NULL DEFAULT '0',
  `Remark` varchar(100) DEFAULT NULL,
  `SystemEdition` tinyint(4) NOT NULL DEFAULT '0',
  `ProgramTypeID` tinyint(4) NOT NULL DEFAULT '0',
  PRIMARY KEY (`PermissionItemID`)
) ENGINE=InnoDB DEFAULT CHARSET=utf8;
/*!40101 SET character_set_client = @saved_cs_client */;

--
-- Dumping data for table `permissionitem`
--

LOCK TABLES `permissionitem` WRITE;
/*!40000 ALTER TABLE `permissionitem` DISABLE KEYS */;
INSERT INTO `permissionitem` VALUES (1,1,'Admin_Preference','Preferences/main.aspx',0,0,NULL,'0',0,0,NULL,0,0),(3,2,'User_UserRoles','ManageUsers/user_role.aspx',1,0,NULL,'0',0,0,NULL,0,0),(4,2,'User_ManageUsers','ManageUsers/user_manage.aspx',10,0,NULL,'0',0,0,NULL,0,0),(5,2,'User_ManageUsers_Add',NULL,11,4,NULL,'0',0,0,NULL,0,0),(6,2,'User_ManageUsers_Edit',NULL,12,4,NULL,'0',0,0,NULL,0,0),(7,2,'User_ManageUsers_Del',NULL,13,4,NULL,'0',0,0,NULL,0,0),(8,2,'User_EditMyProfile','ManageUsers/user_manage_details.aspx',20,0,NULL,'0',0,0,NULL,0,0),(9,2,'User_ManageUsers_Activation',NULL,14,4,NULL,'0',0,0,NULL,0,0),(10,2,'User_ManageUsers_Password',NULL,15,4,NULL,'0',0,0,NULL,0,0),(11,3,'Inv_Material_Category','Inventory/material_category.aspx',10,0,NULL,'0',8,0,NULL,0,0),(12,3,'Inv_Inventory_Category','Inventory/inv_category.aspx',20,0,NULL,'0',0,0,NULL,0,0),(13,3,'Inv_Product_Category','Inventory/product_category.aspx',30,0,NULL,'0',0,0,NULL,0,0),(15,1,'Admin_Company_Profile','Preferences/company_profile.aspx',20,0,NULL,'0',0,0,NULL,0,0),(16,24,'Inv_Vendor',NULL,10,0,NULL,'0',8,0,NULL,0,0),(17,24,'CreateDocument','',2,0,NULL,'0',8,0,NULL,0,0),(18,4,'Receive_Order',NULL,30,0,NULL,'0',8,1,NULL,0,0),(19,24,'Approve_Order',NULL,1,0,NULL,'0',8,0,NULL,0,0),(20,24,'Void_Order',NULL,5,0,NULL,'0',8,0,NULL,0,0),(21,4,'Inv_Withdraw',NULL,50,0,NULL,'0',8,1,NULL,0,0),(23,5,'Member_Group','Members/member_group.aspx',10,0,NULL,'0',0,0,NULL,0,0),(24,5,'Member_Info','Members/member_info.aspx',20,0,NULL,'0',0,0,NULL,0,0),(25,5,'Member_Info_Add',NULL,21,24,NULL,'0',0,0,NULL,0,0),(26,5,'Member_Info_Edit',NULL,22,24,NULL,'0',0,0,NULL,0,0),(27,5,'Member_Info_Del',NULL,23,24,NULL,'0',0,0,NULL,0,0),(28,5,'Member_Info_Activation',NULL,24,24,NULL,'0',0,0,NULL,0,0),(29,5,'Member_Info_Password',NULL,25,24,NULL,'0',0,0,NULL,0,0),(30,6,'Void_Order_Transaction','',130,0,NULL,'0',0,0,NULL,0,0),(31,6,'Void_Order_Item','',135,0,NULL,'0',0,0,NULL,0,0),(32,4,'Inv_Add',NULL,60,0,NULL,'0',8,1,NULL,0,0),(34,7,'Promotion_Setup','Promotions/promotion_setup.aspx',10,0,NULL,'0',0,0,NULL,0,0),(35,6,'Add_Money',NULL,40,0,NULL,'-1',1,1,NULL,0,0),(36,6,'POS_System','',10,0,NULL,'0',0,0,NULL,0,0),(39,7,'Promotion_Coupon','Promotions/promotion_voucher.aspx?type=4',20,0,NULL,'0',0,0,NULL,0,0),(40,7,'Promotion_Voucher','Promotions/promotion_voucher.aspx?type=5',30,0,NULL,'0',0,0,NULL,0,0),(41,4,'Inv_Stock',NULL,80,0,NULL,'0',8,1,NULL,0,0),(43,1,'Manage_Printer','Preferences/Printers.aspx',90,0,NULL,'0',7,0,NULL,0,0),(44,6,'Free_GolfBall',NULL,60,0,NULL,'-1',0,1,NULL,0,0),(50,8,'Report_Session','Reports/report_session.aspx',140,0,NULL,'0',0,0,NULL,0,0),(52,13,'Report_LossProfit','Reports/report_lossprofit.aspx',20,0,NULL,'0',0,0,NULL,0,0),(56,13,'Report_ListProducts','Reports/report_listproducts.aspx',15,0,NULL,'-1',0,1,NULL,0,0),(58,3,'Edit_OtherFood','Inventory/edit_otherfood.aspx',50,0,NULL,'-1',0,1,NULL,0,0),(61,9,'Report_TopSale','Reports/report_topsale.aspx',10,0,NULL,'0',0,0,NULL,0,0),(63,1,'Manage_Table','Preferences/manage_table.aspx',60,0,NULL,'0',0,0,NULL,0,0),(64,1,'Manage_Computer','Preferences/manage_computer.aspx',70,0,NULL,'0',0,0,NULL,0,0),(65,1,'Manage_Receipt','Preferences/manage_receipt.aspx',80,0,NULL,'0',0,0,NULL,0,0),(66,5,'Member_CreditMoney','Members/edit_creditmoney.aspx',30,0,NULL,'0',0,0,NULL,0,0),(74,1,'Manage_CreditCardType','Preferences/CreditCardType.aspx',40,0,NULL,'0',0,0,NULL,0,0),(75,1,'Manage_BankName','Preferences/BankName.aspx',50,0,NULL,'0',0,0,NULL,0,0),(76,3,'Select_Products','Inventory/select_products.aspx',40,0,NULL,'-1',0,1,NULL,0,0),(77,1,'Manage_Room','Preferences/manage_room.aspx',65,0,NULL,',3,',0,1,NULL,0,0),(78,11,'Manage_Commission','Commission/manage_commission.aspx',10,0,NULL,'0',0,0,NULL,0,0),(79,11,'Commission_Reports','Commission/comm_reports.aspx',20,0,NULL,'0',0,0,NULL,0,0),(80,5,'Member_Definedata','Preferences/DefineData.aspx?MemberOrStaff=1',1,0,NULL,'0',0,0,NULL,0,0),(81,2,'Staff_DefineData','Preferences/DefineData.aspx?MemberOrStaff=2',1,0,NULL,'-1',0,1,NULL,0,0),(82,8,'Report_Void','Reports/report_void.aspx',270,0,NULL,'0',0,0,NULL,0,0),(84,7,'Select_Promotion','Promotions/promotion_select.aspx',40,0,NULL,'0',0,0,NULL,0,0),(86,6,'POS_ChangeProductInPackage',NULL,1,0,NULL,',3,',0,1,NULL,0,0),(87,6,'Reserve_System',NULL,1,0,NULL,',1,3,',0,1,NULL,0,0),(88,6,'Prepaid_System',NULL,1,0,NULL,'0',2,1,NULL,0,0),(89,6,'MemberManagement_System','',20,0,NULL,'0',0,0,NULL,0,0),(90,6,'FullTaxInvoice_System','',40,0,NULL,'0',0,0,NULL,0,0),(91,6,'StaffInQueue_System','',50,0,NULL,'0',0,0,NULL,0,0),(92,6,'pRoMiSeBackup','',60,0,NULL,'0',0,0,NULL,0,0),(93,1,'Manage_FullTax','Preferences/manage_fulltax.aspx',85,0,NULL,'0',0,1,NULL,0,0),(94,14,'Report_Prepaid','Reports/report_prepaid.aspx',10,0,NULL,'0',2,1,NULL,0,0),(95,8,'Report_FullTax','Reports/report_fulltax.aspx',290,0,NULL,'0',0,1,NULL,0,0),(96,8,'Report_CreditCard','Reports/CreditCard/creditcard.aspx',300,0,NULL,'0',0,0,NULL,0,0),(97,5,'Member_Info_Favorite',NULL,26,24,NULL,'0',0,0,NULL,0,0),(98,5,'Member_Info_View_History',NULL,27,24,NULL,'0',0,0,NULL,0,0),(99,5,'Member_Info_Edit_History',NULL,28,24,NULL,'0',0,0,NULL,0,0),(100,5,'Member_Info_Del_History',NULL,29,24,NULL,'0',0,0,NULL,0,0),(101,14,'Report_SmartCard','Reports/report_smartcard.aspx',30,0,NULL,'-1',1,1,NULL,0,0),(102,12,'Report_Service','Reports/report_service.aspx',0,0,NULL,',3,',0,1,NULL,0,0),(104,14,'Report_FillSmartcard','Reports/report_refillsmartcard.aspx',40,0,NULL,'-1',1,1,NULL,0,0),(105,14,'Report_FillPrepaid','Reports/report_refillprepaid.aspx',20,0,NULL,'0',2,1,NULL,0,0),(106,12,'Report_PackageSummary','Reports/report_packagesummary.aspx',20,0,NULL,',3,',0,1,NULL,0,0),(107,19,'Report_Voucher','Reports/report_voucher.aspx',300,0,NULL,'0',0,0,NULL,0,0),(109,8,'Report_Sale_New','Reports/report_sale_new.aspx',30,0,NULL,'0',0,1,NULL,0,0),(110,4,'Request_Doc',NULL,4,0,NULL,'0',8,1,NULL,0,0),(111,4,'Search_Doc',NULL,72,0,NULL,'0',8,1,NULL,0,0),(112,4,'Daily_Stock',NULL,74,0,NULL,'0',8,1,NULL,0,0),(113,4,'Weekly_Stock',NULL,76,0,NULL,'0',8,1,NULL,0,0),(114,4,'Sel_Stock',NULL,82,0,NULL,'0',8,1,NULL,0,0),(115,4,'Stock_Card',NULL,84,0,NULL,'0',8,1,NULL,0,0),(116,24,'Pre_Finish',NULL,35,0,NULL,'0',8,0,NULL,0,0),(117,24,'Pre_Finish_Formular',NULL,40,0,NULL,'0',8,0,NULL,0,0),(118,4,'Min_Stock',NULL,86,0,NULL,'0',8,1,NULL,0,0),(119,24,'Doc_Alert',NULL,20,0,NULL,'0',8,0,NULL,0,0),(120,24,'Material_Cost',NULL,30,0,NULL,'0',8,0,NULL,0,0),(121,24,'Display_Formular',NULL,45,0,NULL,'0',8,0,NULL,0,0),(122,9,'Analyze_Member','Reports/Analyze_Member.aspx',30,0,NULL,'0',0,0,NULL,0,0),(123,9,'Member_Stat','Reports/report_member_stat.aspx',40,0,NULL,'0',0,1,NULL,0,0),(124,1,'Member_UDDFront','Preferences/MemberFrontUDD.aspx',100,0,NULL,'0',0,1,NULL,0,0),(125,6,'Print_ReceiptMorethanOnce',NULL,15,0,NULL,'0',0,0,NULL,0,0),(126,12,'Report_CancelReserve','Reports/Report_CancelReserve.aspx',100,0,NULL,',3,',0,1,NULL,0,0),(127,15,'Reward_Manage','RewardPoint/manage_reward.aspx',10,0,NULL,'-1',0,1,NULL,0,0),(129,8,'Report_SaleVAT','Reports/report_salevat.aspx',280,0,NULL,'0',0,1,NULL,0,0),(130,16,'Budget_Setup','Budget/budget_setup.aspx',10,0,NULL,'-1',0,1,NULL,0,0),(131,16,'Budget_Report','Budget/budget_report.aspx',20,0,NULL,'-1',0,1,NULL,0,0),(132,16,'Budget_Gen_Report','Budget/budget_gen_report.aspx',30,0,NULL,'-1',0,1,NULL,0,0),(133,6,'POS_ViewCurrentSaleAndSession','',70,0,NULL,'0',0,0,NULL,0,0),(134,6,'POS_AllowOtherDiscount','',80,0,NULL,'0',0,0,NULL,0,0),(137,17,'StockCard_Report','Reports/report_stockcard.aspx',310,0,NULL,'-1',0,1,NULL,0,0),(139,6,'StaffInQueue_WorkingTime','',90,0,NULL,'0',0,0,NULL,0,0),(140,9,'Report_Sharing','Reports/report_sharing.aspx',1,0,NULL,'0',0,1,NULL,0,0),(141,8,'Report_DelProduct','Reports/report_delproduct.aspx',320,0,NULL,'-1',0,1,NULL,0,0),(142,8,'Report_NumPrint','Reports/report_numprint.aspx',330,0,NULL,'0',0,0,NULL,0,0),(143,6,'POS_ChangeProductInPackageDuringUse',NULL,1,0,NULL,',3,',0,1,NULL,0,0),(144,1,'Manage_ReceiptBackEnd','Preferences/manage_receiptbackend.aspx',88,0,NULL,'-1',0,1,NULL,0,0),(145,6,'POS_ChangePackageBackOffice',NULL,1,0,NULL,',3,',0,1,NULL,0,0),(146,12,'Report_ChangePackage','Reports/report_changepackage.aspx',30,0,NULL,',3,',0,1,NULL,0,0),(147,1,'Manage_LongBill','Preferences/manage_longbill.aspx',82,0,NULL,'0',0,0,NULL,0,0),(150,18,'FingerPrintRegister_System',NULL,1,0,NULL,'0',4,0,NULL,0,0),(151,18,'FingerPrint_EditDeleteRegister_Staff',NULL,1,0,NULL,'0',4,0,NULL,0,0),(152,18,'FingerPrint_AddNewRegister_Staff',NULL,1,0,NULL,'0',4,0,NULL,0,0),(153,18,'FingerPrint_EditDeleteRegister_Member',NULL,1,0,NULL,'0',4,0,NULL,0,0),(154,18,'FingerPrint_AddNewRegister_Member',NULL,1,0,NULL,'0',4,0,NULL,0,0),(155,6,'POS_PocketPCAccess','',11,0,NULL,'1,2',3,0,NULL,0,0),(156,6,'POS_EditCreditMoneyBackOffice',NULL,1,0,NULL,'-1',0,1,NULL,0,0),(157,18,'POS_ManualConfirmMemberFingerPrint',NULL,1,0,NULL,'0',4,0,NULL,0,0),(158,13,'Set_Material_Cost','Inventory/Material_Cost.aspx',5,0,NULL,'-1',0,1,NULL,0,0),(159,13,'Report_Material_Cost','reports/report_productcost.aspx',10,0,NULL,'0',0,0,NULL,0,0),(160,3,'Export_Product','Inventory/Export_ProductData.aspx',35,0,NULL,'0',0,1,NULL,0,0),(161,6,'EditOutOfStockProduct','',100,0,NULL,'0',0,0,NULL,0,0),(162,8,'Report_ByDept','Reports/Report_ByDept.aspx',120,0,NULL,'0',0,0,NULL,0,0),(163,8,'Report_SessionStaff','Reports/report_session_staff.aspx',150,0,NULL,'0',0,0,NULL,0,0),(164,19,'Report_PromotionByProduct','Reports/report_promotion_byproduct.aspx',207,0,NULL,'0',0,0,NULL,0,0),(165,1,'Manage_PaymentType','Preferences/manage_paymenttype.aspx',95,0,NULL,'0',0,0,NULL,0,0),(166,1,'Manage_PaymentTypeGroup','Preferences/manage_paymenttype_group.aspx',94,0,NULL,'0',0,0,NULL,0,0),(167,8,'Report_SaleByGroup','Reports/report_sale_bygroup.aspx',15,0,NULL,'0',0,0,NULL,0,0),(168,7,'Promotion_Group','Promotions/promotion_group.aspx',5,0,NULL,'-1',0,1,NULL,0,0),(169,19,'Report_ByProductGroup','Reports/report_promo_byproductgroup.aspx',209,0,NULL,'0',0,0,NULL,0,0),(170,19,'Report_PromoByStaff','Reports/report_promo_bystaff.aspx',230,0,NULL,'0',0,0,NULL,0,0),(171,6,'POS_CloseSession','',115,0,NULL,'0',0,0,NULL,0,0),(172,3,'Export_Material','Inventory/Export_MaterialData.aspx',37,0,NULL,'0',8,1,NULL,0,0),(175,20,'Document_Group','Inventory/document_group.aspx',10,0,NULL,'0',0,0,NULL,0,0),(176,20,'Document_Info','Inventory/document_info.aspx',20,0,NULL,'0',0,0,NULL,0,0),(177,17,'Report_StockAll','Reports/report_stockall.aspx',20,0,NULL,'0',8,0,NULL,0,0),(178,17,'Report_StockByTypeGroup','Reports/report_docbytypegroup.aspx',10,0,NULL,'0',8,0,NULL,0,0),(179,6,'Manual_OpenCashDrawer',NULL,70,0,NULL,'0',0,0,NULL,0,1),(180,6,'MoveCombine_Table','',180,0,NULL,'0',0,0,NULL,0,0),(181,6,'POS_EndDay','',120,0,NULL,'0',0,0,NULL,0,0),(182,6,'CloneTransactionFromVoidTransaction','',182,0,NULL,'0',0,0,NULL,0,0),(183,6,'POS_CheckBill','',183,0,NULL,'0',0,0,NULL,0,0),(184,6,'Void_FullTaxInvoice','',140,0,NULL,'0',0,0,NULL,0,0),(185,3,'AddEditProductComponent',NULL,60,0,NULL,'0',0,1,NULL,0,0),(186,4,'Inventory_TransferFromPrepareApplication',NULL,66,0,NULL,'0',0,1,NULL,0,1),(187,6,'SetPrinterToKitchenStatus','',187,0,0,'0',0,0,NULL,0,0),(188,6,'IPad Ordering','',12,0,0,'0',0,0,NULL,0,0),(189,6,'POS_CashInOut',NULL,65,0,0,'0',0,0,NULL,0,0),(190,6,'POS_EditOpenSession',NULL,66,0,0,'0',0,0,NULL,0,0),(191,6,'Buffet_EditStartTime','',191,0,0,'0',0,0,NULL,0,0),(192,6,'ChangeProductFromCloseTransaction','',192,0,0,'0',0,0,NULL,0,0),(193,6,'Cancel_Current_Sale','',12,0,NULL,'0',0,0,NULL,0,0),(194,6,'ClearAccessTable','',69,0,NULL,'0',0,0,NULL,0,0),(195,6,'RedirectToOtherPrinter','',13,0,NULL,'0',0,0,NULL,0,0),(196,6,'AuthorizeDiscountPromotion','',14,0,NULL,'0',0,0,NULL,0,0),(197,6,'FrontReport_SummarySaleByTimeRange','',108,0,NULL,'0',0,0,NULL,0,0),(198,6,'ChangePrinterDevice','',193,0,NULL,'0',0,0,NULL,0,0),(199,6,'BackDateSaleAsEditVoidTransaction','',183,0,NULL,'0',0,0,NULL,0,0),(203,6,'EVoucher_AllowUseOffline','',203,0,NULL,'0',0,0,NULL,0,0),(204,6,'MergeTable','',180,0,NULL,'0',0,0,NULL,0,0),(205,6,'UnMergeTable','',180,0,NULL,'0',0,0,NULL,0,0),(206,6,'MoveOrderBetweenTable','',180,0,NULL,'0',0,0,NULL,0,0),(207,6,'AuthorizePaymentType','',15,0,NULL,'0',0,0,NULL,0,0),(208,6,'CRMEditMemberDetail','',18,0,NULL,'0',0,0,NULL,0,0),(209,6,'ManualKeyMember','',19,0,NULL,'0',0,0,NULL,0,0),(500,8,'Sale_Report_ByTime','Reports/sale_report_bytime.aspx',110,0,NULL,'0',0,0,NULL,0,0),(501,8,'Sale_Report_ByZone','Reports/sale_report_byzone.aspx',210,0,NULL,',1,',0,1,NULL,0,0),(502,8,'Sale_Report_ByTable','Reports/sale_report_bytable.aspx',220,0,NULL,',1,',0,0,NULL,0,0),(503,8,'Report_MoveData','Reports/report_movedata.aspx',340,0,NULL,'0',0,0,NULL,0,0),(504,8,'Report_SearchByTable','Reports/report_searchbytable.aspx',230,0,NULL,',1,',0,0,NULL,0,0),(505,8,'Report_SearchOrderNo','Reports/report_searchorderno.aspx',240,0,NULL,',1,',0,0,NULL,0,0),(506,6,'RePrintBillDetail',NULL,80,0,NULL,'0',0,0,NULL,0,0),(507,6,'RePrintOrderDetail',NULL,81,0,NULL,'0',0,0,NULL,0,0),(508,6,'FrontReport_OrderHistory',NULL,100,0,NULL,',1,',0,0,NULL,0,0),(509,6,'FrontReport_PrintBillDetail',NULL,101,0,NULL,'0',0,0,NULL,0,0),(510,6,'FrontReport_DisplaySession',NULL,102,0,NULL,'0',0,0,NULL,0,0),(511,6,'FrontReport_SaleReportBySession',NULL,103,0,NULL,'0',0,0,NULL,0,0),(512,6,'FrontReport_StockReport',NULL,104,0,NULL,'0',0,0,NULL,0,0),(513,6,'FrontReport_OrderBookRecord',NULL,105,0,NULL,',1,',0,0,NULL,0,0),(514,6,'FrontReport_ReturnProduct',NULL,106,0,NULL,'0',0,0,NULL,0,0),(515,6,'AllowEditDataAfterPrintBillDetail','',150,0,NULL,'1',0,0,NULL,0,0),(516,6,'POS_PayOtherReceipt','',145,0,NULL,'0',0,0,NULL,0,0),(517,6,'FrontReport_CanViewCurrentDate',NULL,107,0,NULL,'0',0,0,NULL,0,0),(518,24,'Inventory_EditDocDetailROFromTransferDocument',NULL,25,0,NULL,'0',8,0,NULL,0,0),(519,8,'Reports_SummarySession','Reports/report_session_summary.aspx',160,0,NULL,'0',0,0,NULL,0,0),(520,8,'Reports_SaleStockOnly','Reports/report_sale_stockonly.aspx',130,0,NULL,'0',0,0,NULL,0,0),(522,6,'FrontReport_PrintStockcard',NULL,65,0,NULL,'0',0,0,NULL,0,0),(523,13,'SetProductCost','Inventory/Product_Cost.aspx',2,0,NULL,'0',0,0,NULL,0,1),(524,13,'SetMaterialCostGroup','Inventory/Material_Cost_Group.aspx',3,0,NULL,'-1',0,1,NULL,0,0),(525,13,'Set_Material_Cost','Inventory/Material_Cost.aspx',4,0,NULL,'0',0,1,NULL,0,0),(526,6,'FrontReport_SaleByProduct','',108,0,NULL,'0',0,0,NULL,0,0),(527,1,'ManageDepositBank','Preferences/depositbank.aspx',150,0,0,'0',0,1,NULL,0,0),(528,1,'ManageDepositBankShop','Preferences/depositbankshop.aspx',160,0,0,'0',0,1,NULL,0,0),(600,22,'QAReportByProduct','Reports/report_QA_byproduct.aspx',10,0,NULL,'0',0,1,NULL,0,0),(601,22,'QAReportByProductDept','Reports/report_QA_byproductdept.aspx',20,0,NULL,'0',0,1,NULL,0,0),(602,22,'QAPaymentTypeReport','Reports/report_QA_paymenttype.aspx',30,0,NULL,'0',0,1,NULL,0,0),(603,17,'QAVarianceReport','Reports/report_QA_variancereport.aspx',1,0,NULL,'0',0,0,NULL,0,0),(604,23,'Report_Sale_New2','Reports/report_sale_new2.aspx',10,0,NULL,'0',0,0,NULL,0,0),(605,23,'Report_ByDept2','Reports/report_bydept2.aspx',20,0,NULL,'0',0,0,NULL,0,0),(606,23,'Sale_Report_ByTime2','Reports/sale_report_bytime2.aspx',30,0,NULL,'0',0,0,NULL,0,0),(607,23,'Report_Sharing2','Reports/report_sharing2.aspx',40,0,NULL,'0',0,0,NULL,0,0),(608,23,'Report_TopSale2','Reports/report_topsale2.aspx',50,0,NULL,'0',0,0,NULL,0,0),(610,1,'ReasonSetting','Preferences/ReasonText.aspx',93,0,NULL,'0',0,0,NULL,0,0),(613,2,'Report_ClockInOut','Reports/report_clockinout.aspx',50,0,NULL,'0',0,0,NULL,0,0),(614,1,'EndDayReceipt','Preferences/manage_enddayreceipt.aspx',87,0,NULL,'0',0,1,NULL,0,0),(615,1,'ShiftReceipt','Preferences/manage_shiftreceipt.aspx',88,0,NULL,'0',0,1,NULL,0,0),(616,8,'OrderStaffReport','Reports/report_orderstaff.aspx',190,0,NULL,'0',0,0,NULL,0,0),(617,8,'ReportSaleMode','Reports/report_bysalemode.aspx',50,0,0,'0',0,0,NULL,0,0),(618,1,'ManageCheckerBill','Preferences/manage_checkerbill.aspx',83,0,0,'0',0,0,NULL,0,0),(619,8,'DepositReport','Reports/report_depositbank.aspx',200,0,0,'0',0,1,NULL,0,0),(620,13,'RevenueReport','Reports/report_revenuesummary.aspx',40,0,0,'0',0,1,NULL,0,0),(621,8,'ERPInterface','Reports/ERP_InterfaceSUN.aspx',380,0,NULL,'0',0,1,NULL,0,0),(622,9,'RewardByShopReport','Reports/report_rewardbyshop.aspx',60,0,0,'0',0,0,NULL,0,0),(623,30,'SaleReportB','Reports/report_sale_new_b.aspx',10,0,0,'0',0,0,NULL,0,0),(624,30,'SaleVATReportB','Reports/report_salevat_b.aspx',20,0,0,'0',0,0,NULL,0,0),(625,30,'SessionReportB','Reports/report_session_b.aspx',30,0,0,'0',0,0,NULL,0,0),(626,8,'MonthlySummary2','Reports/report_monthlysummary2.aspx',90,0,0,'0',0,0,NULL,0,0),(627,19,'VoucherNumber','Reports/report_vouchernumber.aspx',320,0,0,'0',0,0,NULL,0,0),(628,1,'manage_cashinout','Preferences/manage_cashinout.aspx',83,0,0,'0',0,1,NULL,0,0),(629,30,'SaleReportB2','Reports/report_sale_new_b2.aspx',8,0,0,'0',0,0,NULL,0,0),(630,1,'ConfigHeaderFooter','Preferences/manage_headerfooter.aspx',89,0,0,'0',0,0,NULL,0,0),(635,8,'SaleSummaryAll','Reports/report_salesummary.aspx',60,0,0,'0',0,0,NULL,0,0),(642,8,'Report_Sale_New','Reports/report_sale_new_hq.aspx',10,0,0,'0',0,0,NULL,0,0),(646,19,'PromotionByBill','Reports/report_promotion_bybill.aspx',220,0,0,'0',0,0,NULL,0,0),(647,8,'Report_SaleVAT','Reports/report_salevat_format2.aspx',201,0,0,'0',0,0,NULL,0,0),(648,9,'Report_Sharing2','Reports/report_sharing_salemode.aspx',5,0,0,'0',0,0,NULL,0,0),(649,8,'Report_FullTax','Reports/report_fulltax_new.aspx',210,0,0,'0',0,1,NULL,0,0),(655,8,'Report_FullTax','Reports/report_fulltax_new2.aspx',210,0,0,'0',0,0,NULL,0,0),(659,19,'Report_Promotion','Reports/report_promotion.aspx',10,0,0,'0',0,0,NULL,0,0),(663,3,'ShopLicense','Inventory/inv_category_lic.aspx',5,0,0,'0',0,0,NULL,0,0),(664,8,'DailySalesStd','Reports/report_daily_summary_std.aspx',25,0,0,'0',0,0,NULL,0,0),(700,8,'Reports_Sale_PMSMealCode','Reports/report_sale_pmsmealcode.aspx',9,0,NULL,'0',0,1,NULL,0,0),(701,8,'Reports_CashInOut','Reports/report_cashincashout.aspx',701,0,NULL,'0',0,0,NULL,0,0),(702,19,'Reports_MemberDiscount','Reports/report_memberstaff_discount.aspx',702,0,NULL,'0',0,0,NULL,0,0),(703,19,'Reports_StaffDiscount','Reports/report_memberstaff_discount.aspx',703,0,NULL,'0',0,0,NULL,0,0),(704,8,'Reports_SessionConsolidate','Reports/report_session_consolidate.aspx',141,0,NULL,'0',0,0,NULL,0,0),(1000,8,'Sale_Report_Customer','Reports/sale_report_customer.aspx',40,0,NULL,'-1',0,1,NULL,0,0),(1001,4,'Inventory_RequestSummary',NULL,54,0,NULL,'-1',8,1,NULL,0,0),(1002,4,'Inventory_RequestBakerySummary',NULL,56,0,NULL,'-1',0,1,NULL,0,0),(1003,4,'Inventory_RequestSummary',NULL,83,0,NULL,'-1',8,1,NULL,0,0),(1004,4,'Inventory_BakeryRequest',NULL,10,0,NULL,'-1',8,1,NULL,0,0),(1005,4,'Inventory_DailyReport',NULL,10,0,NULL,'-1',8,1,NULL,0,0),(1007,8,'Report_ByNewGroup','Reports/report_bynewgroup.aspx',80,0,NULL,'-1',0,1,NULL,0,0),(1008,4,'Inventory_AccessHeadInven',NULL,220,0,NULL,'-1',8,1,NULL,0,0),(1009,4,'Inventory_AccessSetting',NULL,240,0,NULL,'-1',8,1,NULL,0,0),(1010,1,'Config_NewGroup','Preferences/config_newgroup.aspx',120,0,NULL,'-1',0,1,NULL,0,0),(1011,1,'Config_MaterialDefaultPrice','Preferences/set_defaultprice.aspx',130,0,NULL,'-1',0,1,NULL,0,0),(1012,4,'Inventory_ReceiveDirect',NULL,250,0,NULL,'0',8,1,NULL,0,0),(1013,4,'Inventory_ReceiveFromPO',NULL,260,0,NULL,'0',8,1,NULL,0,0),(1014,4,'Inventory_ReceiveFromTransfer',NULL,270,0,NULL,'0',8,1,NULL,0,0),(1015,4,'Inventory_ReceiveFromBakeryTransfer',NULL,280,0,NULL,'-1',8,1,NULL,0,0),(1016,4,'Multiple_RequestToTransfer',NULL,290,0,NULL,'-1',8,1,NULL,0,0),(1017,4,'Multiple_ApproveTransfer',NULL,300,0,NULL,'-1',8,1,NULL,0,0),(1018,4,'Multiple_RequestToTransferBakery',NULL,310,0,NULL,'-1',8,1,NULL,0,0),(1019,4,'Multiple_ApproveTransferBakery',NULL,320,0,NULL,'-1',8,1,NULL,0,0),(1020,17,'Reports_Bakery','Reports/report_bakery.aspx',30,0,NULL,'-1',0,1,NULL,0,0),(1021,17,'Reports_Products','Reports/report_products.aspx',40,0,NULL,'-1',0,1,NULL,0,0),(1022,17,'Reports_RequestDoc','Reports/report_requestdoc.aspx',50,0,NULL,'-1',8,1,NULL,0,0),(1023,17,'Reports_TransferDoc','Reports/report_transferdoc.aspx',60,0,NULL,'-1',8,1,NULL,0,0),(1024,8,'Reports_SummaryByNewGroup','Reports/report_summarybynewgroup.aspx',100,0,NULL,'-1',0,1,NULL,0,0),(1025,21,'Reports_ImportData','Reports/report_importdata.aspx',10,0,NULL,'0',6,0,NULL,0,0),(1027,4,'Internal_Transfer',NULL,57,0,NULL,'-1',8,1,NULL,0,0),(1028,4,'Report_Internal_Transfer',NULL,58,0,NULL,'-1',8,1,NULL,0,0),(1029,4,'Report_Inv_Withdraw',NULL,55,0,NULL,'-1',8,1,NULL,0,0),(1030,4,'Report_Internal_Transfer',NULL,280,0,NULL,'-1',8,1,NULL,0,0),(1031,6,'SaleByProductFront','',109,0,0,'0',0,0,NULL,0,0),(1032,6,'SaleByBillFront','',110,0,0,'0',0,0,NULL,0,0),(1500,13,'Reports_BranchCost','Reports/report_branchcost.aspx',50,0,NULL,'-1',0,1,NULL,0,1),(10000,8,'Report_Sale_GroupZone','Reports/report_sale_groupzone.aspx',70,0,NULL,',1,',0,1,NULL,0,0),(10001,8,'Report_SaleByGroupZone','Reports/report_sale_bygroupzone.aspx',180,0,NULL,',1,',0,1,NULL,0,1),(10002,8,'Report_CCByZone','Reports/report_creditcardbyzone.aspx',310,0,NULL,',1,',0,1,NULL,0,1),(15000,8,'ReportCheckerByProduct','Reports/Report_Checker_Products.aspx',360,0,NULL,',1,2,',0,0,NULL,0,0),(15001,8,'ReportChecker','Reports/Report_Checker.aspx',370,0,NULL,',1,2,',0,0,NULL,0,0),(15015,8,'ReceiptCompaerBill','Reports/ReportCompareReceipt.aspx',350,0,NULL,'0',0,0,NULL,0,0),(15045,24,'PurchaseDocument','Inventory/PurchaseDocument.aspx',10,0,3,'0',0,0,NULL,0,0),(15047,24,'TransferDocument','Inventory/TransferDocument.aspx',20,0,3,'0',0,0,NULL,0,0),(15048,24,'RequestDocument','Inventory/RequestDocument.aspx',30,0,3,'0',0,0,NULL,0,0),(15050,25,'DailyStock','Inventory/DailyStock.aspx',15,0,3,'0',0,0,NULL,0,0),(15051,25,'MonthlyStock','Inventory/MonthlyStock.aspx',17,0,3,'0',0,0,NULL,0,0),(15052,25,'MinimumStock','Inventory/MinimumStock.aspx',11,0,3,'0',0,0,NULL,0,0),(15053,25,'StockCard','Inventory/Stock.aspx',25,0,3,'0',0,0,NULL,0,0),(15054,25,'InOutStockReport','Inventory/InOutStockReport.aspx',26,0,3,'0',0,0,NULL,0,0),(15055,26,'Vendor','Inventory/Vendor.aspx',30,0,3,'0',0,0,NULL,0,0),(15056,25,'AdjustStock','Inventory/AddReduceStock.aspx',20,0,3,'0',0,0,NULL,0,0),(15057,24,'DocumentTemplate','Inventory/DocumentTemplate.aspx',40,0,3,'0',0,0,NULL,0,0),(15061,24,'ReceiveFromPO','Inventory/ReceiveFromPO.aspx',11,0,3,'0',0,0,NULL,0,0),(15062,24,'ReceiveFromOrder','Inventory/ReceiveFromOrder.aspx',15,0,3,'0',0,0,NULL,0,0),(15065,25,'CountWeeklyStock','Inventory/WeeklyStock.aspx',16,0,3,'0',0,0,NULL,0,0),(15067,25,'CountStockConfig','Inventory/CountStockConfig.aspx',10,0,3,'0',0,0,NULL,0,0),(15068,24,'Packing','Inventory/PackingManagement.aspx',35,0,3,'0',0,0,NULL,0,0),(15079,24,'ReceiveFromTransfer','Inventory/ReceiveFromTransfer.aspx?DocTrnasferTypeID=3&DocRequestTypeID=17&DocReceiveTypeId=25',21,0,3,'0',0,0,NULL,0,0),(15096,24,'Prefinish','Inventory/PrefinishDocument.aspx',45,0,3,'0',0,0,NULL,0,0),(15100,28,'NewsGroup','feed/News_AddGroup.aspx',10,0,0,'0',0,0,NULL,0,0),(15101,28,'News','feed/News.aspx',15,0,0,'0',0,0,NULL,0,0),(15102,29,'Questions','Questions/Question_Setup.aspx',10,0,0,'0',0,0,NULL,0,0),(15103,29,'Questions','Questions/Question_Report.aspx',15,0,0,'0',0,0,NULL,0,0),(15105,8,'Sale_Report_RealTime','SaleReports/SaleReportRealTime.aspx',5,0,0,'0',0,0,NULL,0,0),(15108,1,'TargetSale','SaleReports/TargetSale.aspx',313,0,0,'0',0,0,NULL,0,0),(15112,24,'CountStockAndRequestOrder','Inventory/CountStockAndRequestOrder.aspx',45,0,3,'0',0,0,NULL,0,0),(15119,24,'TransferWithCostDocument','Inventory/TransferWithCostDocument.aspx',25,0,3,'0',0,0,NULL,0,0),(15120,24,'ReceiveFromTransferWithCostDocument','Inventory/ReceiveFromTransferWithCostDocument.aspx',26,0,3,'0',0,0,NULL,0,0),(15121,3,'ExportData.aspx','ManageData/ExportData.aspx',65,0,0,'0',0,0,NULL,0,0),(15122,3,'ExportData.aspx','ManageData/ImportData.aspx',66,0,0,'0',0,0,NULL,0,0),(15123,1,'PrinterPropertySummaryByShop','Preferences/PrinterPropertySummaryByShop.aspx',91,0,0,'0',0,1,NULL,0,0),(15133,25,'AddReduceCost','Inventory/AddReduceStockAndCost_New.aspx',40,0,3,'0',0,0,NULL,0,0),(15140,24,'PurcahseRequest','Inventory/PurcahseRequest.aspx',1,0,3,'0',0,0,NULL,0,0),(15144,25,'AddReduceMonthlyStockAndCost_New','Inventory/AddReduceMonthlyStockAndCost_New.aspx',42,0,3,'0',0,0,NULL,0,0),(15145,3,'ListYield','Preferences/ListYield.aspx',1002,0,0,'0',0,0,NULL,0,0),(15146,31,'ExchangeRateCurrencyGroup','Preferences/ExchangeRateCurrencyGroup.aspx',15,0,0,'0',0,0,NULL,0,0),(15147,31,'ExchangeRateCurrency','Preferences/ExchangeRateCurrency.aspx',10,0,0,'0',0,0,NULL,0,0),(15148,31,'ExchangeRate','Preferences/ExchangeRate.aspx',20,0,0,'0',0,0,NULL,0,0),(20005,17,'Report_Frm_Stockcard','Reports/Frm_StockCard.aspx',300,0,NULL,'-1',0,1,NULL,0,0),(20006,17,'Report_Receive_transfer','Reports/Frm_Report_transfer_Receipt.aspx',300,0,NULL,'0',8,1,NULL,0,0),(20008,1,'Page_CashOut_Dept.aspx','CashOut/Page_CashOut_Dept.aspx',92,0,NULL,'0',0,0,NULL,0,0),(25016,1,'Expense Category','Expense/ExpenseCategory.aspx',315,0,NULL,'0',0,1,NULL,0,0),(25017,1,'Expense','Expense/Expense.aspx',317,0,NULL,'0',0,1,NULL,0,0),(25018,1,'ShopCategoryInfo','Preferences/ShopCategoryInfo.aspx',319,0,NULL,'0',0,1,NULL,0,0),(30001,7,'Redeem_Management','Redeem/RedeemManagement.aspx',50,0,NULL,'0',0,0,NULL,0,0),(30002,7,'Reward_Management','Reward/RewardManagement.aspx',60,0,NULL,'0',0,0,NULL,0,0),(30003,3,'Material_Management','MaterialByShop/MaterialByShopManagement.aspx',33,0,NULL,'0',0,1,NULL,0,0),(30004,5,'Report_MemberPoint','ReportPoints/PointReport.aspx',310,0,NULL,'0',0,0,NULL,0,0),(30007,1,'MenuGroupSetting','WelcomeImage/WelcomeImageSetting.aspx',0,0,0,'0',0,1,NULL,0,0),(30011,1,'settingbarcode','Preferences/MaterialBarcodeReadingSetting.aspx',311,0,NULL,'0',0,0,NULL,0,0),(30012,1,'PermissionItem','Preferences/listPermissionItem.aspx',400,0,NULL,'0',0,0,NULL,0,0),(30013,1,'PermissionGroup','Preferences/listPermissionGroup.aspx',399,0,NULL,'0',0,0,NULL,0,0),(40000,1,'WelcomeImage','WelcomeImage/WelcomeImageSetting.aspx',10,0,NULL,'0',0,0,NULL,0,0),(40001,17,'Compare_Transfer_Document','Reports/CompareTransferDocument.aspx',1000,0,NULL,'0',0,0,'0',0,0),(40002,8,'e_Journal_Report','EjournalReport/EjInvoiceList.aspx',1000,0,NULL,'0',0,0,NULL,0,0),(40005,40001,'Send_Redeem_to_LIM','SyncDataToLIM/SendRedeemToLIM.aspx',100,0,0,'0',0,0,NULL,0,0),(40006,40001,'Approve_Loyalty_Member','SyncDataToLIM/ApproveLoyaltyMember.aspx',100,0,0,'0',0,0,NULL,0,0),(40101,1,'CompareConfigurationData','Preferences/CompareConfigulationData.aspx',1000,0,NULL,'0',0,1,NULL,0,0),(40102,1,'ImportAndExportConfigulationData','Preferences/ImportAndExportConfigulationData.aspx',1001,0,NULL,'0',0,1,NULL,0,0),(40215,1,'KDSSetting','Preferences/settingKDS.aspx',1005,0,NULL,'0',0,0,NULL,0,0),(40216,1,'KDSSetting','Preferences/settingKDSSaleModeProperty.aspx',1006,0,NULL,'0',0,0,NULL,0,0),(40217,1,'DeliveryAddressAreaSetting','Preferences/settingDeliveryAddress.aspx',1007,0,NULL,'0',0,0,NULL,0,0),(40218,1,'OtherIncomeSetting','Preferences/settingOtherIncome.aspx',1008,0,NULL,'0',0,0,NULL,0,0),(40222,17,'NewTransferReceiveReport','Reports/newProductTransferReceiveReport.aspx',1009,0,NULL,'0',0,0,NULL,0,0),(40231,1,'KDSSettingTableZone','Preferences/settingKDSTableZone.aspx',1018,0,NULL,'0',0,0,NULL,0,0),(40500,8,'New_Sale_Report_by_Group','Reports/sale_byproductgroup_new.aspx',250,0,0,'0',0,0,NULL,0,0),(40501,8,'New_Sale_Report_by_Product','Reports/sale_byproduct_new.aspx',260,0,0,'0',0,0,NULL,0,0),(40502,1,'Import_and_Export_Configulation_Data','Preferences/ImportAndExportConfigulationData.aspx',100,0,0,'0',0,0,NULL,0,0),(40503,1,'Compare_Configulation_Data','Preferences/CompareConfigulationData.aspx',100,0,0,'0',0,0,NULL,0,0),(41001,3,'NewProductGroupPrice','Preferences/listNewProductGroupPrice.aspx',1000,0,NULL,'0',0,0,NULL,0,0),(41002,3,'NewProductGroupPriceDate','Preferences/listNewProductGroupPriceDate.aspx',1001,0,NULL,'0',0,0,NULL,0,0),(41003,3,'SetProductGroupPrice','Preferences/setNewProductGroupPrice.aspx',1002,0,NULL,'0',0,0,NULL,0,0);
/*!40000 ALTER TABLE `permissionitem` ENABLE KEYS */;
UNLOCK TABLES;

--
-- Table structure for table `permissionitemname`
--

DROP TABLE IF EXISTS `permissionitemname`;
/*!40101 SET @saved_cs_client     = @@character_set_client */;
/*!40101 SET character_set_client = utf8 */;
CREATE TABLE `permissionitemname` (
  `PermissionItemNameID` int(11) NOT NULL DEFAULT '0',
  `PermissionItemID` int(11) NOT NULL DEFAULT '0',
  `PermissionItemName` varchar(100) DEFAULT NULL,
  `LangID` smallint(6) DEFAULT NULL,
  PRIMARY KEY (`PermissionItemNameID`,`PermissionItemID`)
) ENGINE=InnoDB DEFAULT CHARSET=utf8;
/*!40101 SET character_set_client = @saved_cs_client */;

--
-- Dumping data for table `permissionitemname`
--

LOCK TABLES `permissionitemname` WRITE;
/*!40000 ALTER TABLE `permissionitemname` DISABLE KEYS */;
INSERT INTO `permissionitemname` VALUES (1,1,'Preferences',1),(1,179,'Manual Open Cash Drawer',1),(1,180,'Move Table',1),(1,182,'New Transaction From Void Transaction',1),(1,183,'Can Check Bill',1),(1,184,'Void FullTax Invoice',1),(1,185,'Add/Edit Product Component',1),(1,186,'Transfer Material From Prepare Document Application',1),(1,187,'Set Enable/Disable Printer To Kitchen',1),(1,188,'Access iPad Ordering',1),(1,189,'Cash In/ Out (Front)',1),(1,190,'Edit Open Session Amount',1),(1,191,'Edit Buffet Start Time',1),(1,192,'Change Product From Paid Receipt.',1),(1,194,'Clear Current Access Table',1),(1,195,'Redirect KDS/ Printer To Other Printer',1),(1,196,'Can Authorize Special Discount Promotion',1),(1,197,'Summary Sale By Time Range',1),(1,198,'Change Printer',1),(1,199,'Back date sale as edit void transaction',1),(1,203,'Allow use e-voucher offline',1),(1,204,'Merge Table',1),(1,205,'Cancel Merge Table',1),(1,206,'Move Order Between Table',1),(1,207,'Can Authorize Payment',1),(1,208,'CRM - Edit Member Detail',1),(1,209,'Manual search member',1),(1,524,'Set Costing Group',1),(1,525,'Set Costing',1),(1,526,'Sale By Product Report',1),(1,527,'Deposit Bank',1),(1,528,'Deposit Shop Bank',1),(1,600,'Report By Product',1),(1,601,'Report By Product Dept',1),(1,602,'Payment Type Report',1),(1,603,'Stock Card Report',1),(1,604,'Sale Report',1),(1,605,'Sale Report By Dept',1),(1,606,'Sale Report By Time',1),(1,607,'Sale Sharing Report',1),(1,608,'Top Sale Report',1),(1,610,'Manage Reason',1),(1,613,'Time Attandance Report',1),(1,614,'End Day Receipt',1),(1,615,'Shift Close Receipt',1),(1,616,'Order Staff Report',1),(1,617,'Report By Sale Mode',1),(1,618,'Manage Checker Bill',1),(1,619,'Deposit Bank Report',1),(1,620,'Revenue Summary Report',1),(1,621,'Export Sale to ERP',1),(1,622,'Reward Summary Report',1),(1,623,'Sale Report',1),(1,624,'Sale VAT Report',1),(1,625,'End Day Report',1),(1,626,'Monthly Financial Report',1),(1,627,'Coupon/Voucher Record',1),(1,628,'Cash In/Out Header Footer',1),(1,629,'Sale Report',1),(1,630,'Manager Header Footer',1),(1,635,'Consolidate Sale',1),(1,642,'Sale Report',1),(1,646,'Promotion By Bill',1),(1,647,'Sale VAT Report',1),(1,648,'Sharing Report',1),(1,649,'Full Tax Report 2',1),(1,655,'Full Tax Report',1),(1,659,'Promotion Report',1),(1,663,'Shop Licenses',1),(1,664,'Daily Sales Report',1),(1,1031,'Sale Report By Product at Front',1),(1,1032,'Sale Report By Bill at Front',1),(1,15105,'Sale Report RealTime',1),(1,15112,'Count Stock And Request Order',1),(1,15119,'Transfer With Cost Document',1),(1,15120,'Receive From Transfer With Cost Document',1),(1,15121,'Export Data',1),(1,15122,'Folder Exchange Data',1),(1,15123,'Setting Printer Summary',1),(1,15133,'Adjust Cost',1),(1,15140,'Purcahse Request',1),(1,15144,'Adjust Ending Stock And Cost',1),(1,15145,'Material Setting Yield',1),(1,15146,'Currency Group',1),(1,15147,'Currency',1),(1,15148,'Exchange Rate',1),(1,30007,'การจัดการรูป Welcome',2),(1,40001,'Compare Transfer Document',1),(1,40002,'e-Journal Report',1),(1,40101,'Compare Configuration Data',1),(1,40102,'Import And Export Configulation Data',1),(1,40215,'KDS Setting',1),(1,40216,'KDS Sale Mode Property Setting',1),(1,40217,'Delivery Address Area Setting',1),(1,40218,'Other Income Setting',1),(1,40222,'New Transfer Receive Report',1),(1,40231,'KDS Table Zone Setting',1),(1,40500,'Sale Report By Category',1),(1,40501,'Sale Report By Product',1),(1,40502,'Import and Export Configulation Data',1),(1,40503,'Compare Configulation Data',1),(2,1,'ตั้งค่าเริ่มต้น',2),(2,179,'เปิดลิ้นชักเก็บเงินจากโปรแกรม',2),(2,180,'ย้ายหรือรวมโต๊ะ',2),(2,182,'สร้างใบเสร็จจากใบเสร็จที่ยกเลิก',2),(2,183,'สามารถจ่ายเงินได้',2),(2,184,'ยกเลิกใบกำกับภาษี',2),(2,185,'เพิ่ม/แก้ไขสูตรสินค้า',2),(2,186,'โปรแกรมโอนสินค้าจากรอบการเตรียมสินค้า',2),(2,187,'เปลี่ยนสถานะเครื่องพิมพ์ไปที่ครัว',2),(2,188,'การสั่งงานผ่าน iPad Ordering',2),(2,189,'ทำรายการเงินเข้า/ออก',2),(2,190,'แก้ไขเงินตั้งต้นรอบ',2),(2,191,'แก้ไขเวลาเริ่มต้นของ Buffet',2),(2,192,'เปลี่ยนสินค้าจากใบเสร็จที่เก็บเงินแล้ว',2),(2,208,'แก้ไขข้อมูลสมาชิกระบบ CRM',2),(2,209,'มีสิทธิ์ในการค้นหาสมาชิกแบบ manual',2),(2,524,'ตั้งค่ากลุ่มต้นทุนวัตถุดิบ',2),(2,525,'ตั้งค่าต้นทุนวัตถุดิบ',2),(2,526,'รายงานยอดขายตามสินค้า',2),(2,527,'กำหนดธนาคารเงินฝาก',2),(2,528,'กำหนดสาขาเงินฝาก',2),(2,600,'รายงานตามสินค้า',2),(2,601,'รายงานตามกลุ่มสินค้า',2),(2,602,'รายงาน Payment Type',2),(2,603,'รายงานสต๊อกการ์ด',2),(2,604,'รายงานการขาย',2),(2,605,'รายงานการขายตามหมวด',2),(2,606,'รายงานการขายตามเวลา',2),(2,607,'รายงานตามกลุ่มสินค้า',2),(2,608,'ลำดับยอดขายสินค้า',2),(2,610,'กำหนดเหตุผล',2),(2,613,'รายงานการเข้างาน',2),(2,614,'กำหนดใบ End Day',2),(2,615,'กำหนดใบปิดกะ',2),(2,616,'รายงานตามพนักงานสั่ง',2),(2,617,'รายงานตามประเภทการขาย',2),(2,618,'กำหนดบิล checker',2),(2,619,'รายงานเงินฝาก',2),(2,620,'รายงานสรุปต้นทุนกำไร',2),(2,621,'Export Sale to ERP',2),(2,622,'รายงานสรุปการแลกแต้ม',2),(2,623,'รายงานการขาย',2),(2,624,'รายงานภาษีขาย',2),(2,625,'รายงานปิดสิ้นวัน',2),(2,626,'ยอดสรุปรายเดือน',2),(2,627,'รายงานคูปองระบบอื่น',2),(2,628,'กำหนดบิลเงินเข้าออก',2),(2,629,'รายงานการขาย',2),(2,630,'กำหนดหัวบิลหางบิล',2),(2,635,'รายงานยอดรวมสาขา',2),(2,642,'รายงานการขาย',2),(2,646,'รายงานส่วนลดตามบิล',2),(2,647,'รายงานภาษีขาย',2),(2,648,'รายงานตามกลุ่มสินค้า',2),(2,649,'รายงาน Full Tax',2),(2,655,'รายงาน Full Tax',2),(2,659,'รายงานโปรโมชั่น',2),(2,663,'Shop Licenses',2),(2,664,'Daily Sales Report',2),(2,1031,'Sale Report By Product at Front',2),(2,1032,'Sale Report By Bill at Front',2),(2,15105,'รายงานยอดขาย RealTime',2),(2,15112,'ใบขอสินค้าสำนักงานใหญ่',2),(2,15119,'เอกสารเบิกจ่ายสินค้าที่มีราคา',2),(2,15120,'เอกสารรับสินค้าจากการโอนที่มีราคา',2),(2,15121,'Export Data',2),(2,15122,'Folder Exchange Data',2),(2,15123,'กำหนด Printer Summary',2),(2,15133,'เอกสารปรับเพิ่ม-ลด ใบรับสินค้าที่มีราคา',2),(2,15140,'ใบเสนอขอซื้อ',2),(2,15144,'เอกสารปรับเพิ่ม-ลดใบยกยอดสินค้ารายเดือน',2),(2,30007,'Welcome Image Management',1),(2,40001,'เปรียบเทียบเอกสารโอน-รับ',2),(2,40002,'รายงาน e-Journal',2),(2,40101,'Compare Configuration Data',2),(2,40102,'Import And Export Configulation',2),(2,40222,'รายงานรับและโอนสินค้า',2),(2,40500,'รายงานการขายตามกลุ่มสินค้า',2),(2,40501,'รายงานการขายตามสินค้า',2),(2,40502,'นำเข้าและนำออกข้อมูลการติดตั้ง',2),(2,40503,'เปรียบเทียบข้อมูลการติดตั้ง',2),(3,3,'Manage User Roles',1),(4,3,'กำหนดหน้าที่พนักงาน',2),(5,4,'Manage Users',1),(6,4,'ระบบพนักงาน',2),(7,5,'Add User',1),(8,5,'เพิ่มข้อมูลพนักงาน',2),(9,6,'Edit User',1),(10,6,'แก้ไขข้อมูลพนักงาน',2),(11,7,'Delete User',1),(12,7,'ลบข้อมูลพนักงาน',2),(13,8,'Edit My Profile',1),(14,8,'แก้ไขข้อมูลส่วนตัว',2),(15,9,'Activation',1),(16,9,'การอนุญาตเข้าระบบ',2),(17,10,'Modify Password',1),(18,10,'การแก้ไขรหัสพนักงาน',2),(19,11,'Material Category',1),(20,11,'จัดหมวดหมู่ของวัตถุดิบ',2),(21,12,'Manage Shop Data',1),(22,12,'Manage Shop Data',2),(23,13,'Product Category',1),(24,13,'จัดหมวดหมู่สินค้า',2),(27,15,'Company Profile',1),(28,15,'ข้อมูลบริษัท',2),(29,16,'Vendors\' Info',1),(30,16,'ข้อมูลผู้จัดจำหน่าย',2),(31,17,'Create Document',1),(32,17,'Create Document',2),(33,18,'Receive Order',1),(34,18,'รับสินค้า',2),(35,19,'Approval',1),(36,19,'Approve เอกสาร',2),(37,20,'Void',1),(38,20,'ยกเลิกเอกสาร',2),(39,21,'Withdraw Order',1),(40,21,'เบิกจ่ายสินค้า',2),(41,22,'Modify Document',1),(42,22,'ปรัับลดใบรับสินค้า',2),(43,23,'Member Group',1),(44,23,'กลุ่มของสมาชิก',2),(45,24,'Member Info',1),(46,24,'ข้อมูลสมาชิก',2),(47,25,'Add Member',1),(48,25,'เพิ่มสมาชิก',2),(49,26,'Edit Member',1),(50,26,'แก้ไขข้อมูลสมาชิก',2),(51,27,'Del Member',1),(52,27,'ลบสมาชิก',2),(53,28,'Activate Member',1),(54,28,'การอนุญาต',2),(55,29,'Member Password',1),(56,29,'รหัสผ่านของสมาชิก',2),(57,30,'Void Order Transaction',1),(58,30,'ยกเลิกบิลใบเสร็จ',2),(59,31,'Void Order Item',1),(60,31,'ยกเลิกรายการ',2),(61,32,'Add/Reduce Stock',1),(62,32,'เอกสารปรับเพิ่ม/ลด สินค้า',2),(63,33,'Reduce Document',1),(64,33,'เอกสารปรับลดสินค้า',2),(65,34,'Promotion Management',1),(66,34,'ระบบจัดโปรโมชั่น',2),(67,35,'Add Money',1),(68,35,'ระบบเติมเงินสมาร์ทการ์ด',2),(69,36,'POS System',1),(70,36,'ระบบ POS',2),(75,39,'Manage Coupon Discount',1),(76,39,'ระบบ coupon discount',2),(77,40,'Manage Vouchers',1),(78,40,'ระบบ voucher',2),(79,41,'Monthly Stock',1),(80,41,'นับสต๊อกรายเดือน',2),(83,43,'Config Printers',1),(84,43,'กำหนด printers',2),(85,44,'Free Golf Balls',1),(86,44,'ฟรีลูกกอล์์ฟ',2),(97,50,'Session Report',1),(98,50,'รายงานกะ',2),(101,52,'Loss Profit Report',1),(102,52,'รายงานต้นทุนตามหมวด',2),(109,56,'Profit Loss By Products',1),(110,56,'รายงานต้นทุนตามสินค้า',2),(111,57,'Edit Receive Doc',1),(112,57,'แก้ไขใบรับสินค้า',2),(113,58,'Edit Other Food',1),(114,58,'แก้ไขอาหารนอกเมนู',2),(119,61,'Top Sale Report',1),(120,61,'ลำดับยอดขายสินค้า',2),(123,63,'Manage Tables',1),(124,63,'กำหนดโต๊ะ',2),(125,64,'Manage Computer',1),(126,64,'กำหนดเครื่อง',2),(127,65,'Config Receipt',1),(128,65,'กำหนดบิลใบเสร็จ',2),(129,66,'Manage Credit Money',1),(130,66,'รายงานเงินเชื่อ',2),(145,74,'Credit Card Type',1),(146,74,'ชนิดของเครดิตการ์ด',2),(147,75,'Credit Card Bank',1),(148,75,'บริษัทบัตรเครดิต',2),(149,76,'Select Products to POS',1),(150,76,'เลือกสินค้าไปหน้าร้าน',2),(151,77,'Manage Rooms',1),(152,77,'กำหนดห้อง',2),(153,78,'Manage Commission',1),(154,78,'กำหนดคอมมิชชั่น',2),(155,79,'Commission Reports',1),(156,79,'รายงานค่าคอมมิชชั่น',2),(157,80,'Member Defined Data',1),(158,80,'กำหนดข้อมูลเพิ่มเติม',2),(159,81,'Staff Defined Data',1),(160,81,'กำหนดข้อมูลเพิ่มเติม',2),(161,82,'Void Report',1),(162,82,'รายงาน Void',2),(165,84,'Select Promotion',1),(166,84,'เลือกโปรโมชั่นไปหน้าร้าน',2),(169,86,'Change Package Details',1),(170,86,'เปลี่ยนแปลงข้อมูลของ Package',2),(171,87,'Reservation',1),(172,87,'ระบบจอง',2),(173,88,'Prepaid System',1),(174,88,'ระบบ Prepaid',2),(175,89,'Member Management (Front)',1),(176,89,'ระบบสมาชิกสำหรับ Front',2),(177,90,'Full Tax Invoice',1),(178,90,'ออกใบกำกับภาษี',2),(179,91,'Staff Queueing',1),(180,91,'ระบบจัดเวลาพนักงาน',2),(181,92,'pRoMiSe Import/Export and Backup Data',1),(182,92,'ระบบ Import/Export และ สำรองฐานข้อมูล',2),(183,93,'Manage Full Tax',1),(184,93,'กำหนดใบกำกับภาษี',2),(185,94,'Prepaid Report',1),(186,94,'รายงาน prepaid',2),(187,95,'Full Tax Report',1),(188,95,'รายงาน Full Tax',2),(189,96,'Credit Card Report',1),(190,96,'รายงาน Credit Card',2),(191,97,'Member Favorites',1),(192,97,'ประวัติการซื้อของสมาชิก',2),(193,98,'Member History',1),(194,98,'ประวัติของสมาชิก',2),(195,99,'Edit Member History',1),(196,99,'แก้ไขประวัติของสมาชิก',2),(197,100,'Delete Member History',1),(198,100,'ลบประวัติของสมาชิก',2),(199,101,'Report Smart Card',1),(200,101,'รายงาน Smart Card',2),(201,102,'Service Report',1),(202,102,'รายงานการใช้บริการ',2),(205,104,'Refill Smartcard Report',1),(206,104,'รายงานการเติม Smart Card',2),(207,105,'Refill Prepaid Report',1),(208,105,'รายงานการเติมเงิน Prepaid',2),(209,106,'Package Summary Report',1),(210,106,'รายงานสรุปของ package',2),(211,107,'Voucher/Coupon Report',1),(212,107,'รายงาน voucher/coupon',2),(215,109,'Sale Report Old',1),(216,109,'รายงานยอดขาย Old',2),(217,110,'Request Document',1),(218,110,'เอกสาร Request',2),(219,111,'Search Document',1),(220,111,'ค้นหาเอกสาร',2),(221,112,'Daily Stock',1),(222,112,'นับสต๊อกรายวัน',2),(223,113,'Weekly Stock',1),(224,113,'นับสต๊อกรายสัปดาห์',2),(225,114,'Select Materials for Stock',1),(226,114,'เลือกสินค้าสำหรับการนับสต๊อก',2),(227,115,'Stock Card Report',1),(228,115,'รายงานสต๊อก',2),(229,116,'Pre-Finished Material',1),(230,116,'แปรรูปวัตถุดิบ',2),(231,117,'Pre-Finished Formular',1),(232,117,'คำนวณวัตถุดิบสำหรับการแปรรูปวัตถุดิบ',2),(233,118,'Check Minimum Stock',1),(234,118,'ตรวจสอบสินค้าที่ต่ำกว่าค่าต่ำสุดที่ตั้งไว้',2),(235,119,'Document Alert',1),(236,119,'แสดงเอกสารที่รอการจัดการอัตโนมัติเมื่อเข้าระบบ',2),(237,120,'Display Material Cost',1),(238,120,'แสดงต้นทุนของวัตถุดิบ',2),(239,121,'Display Material Formular in Pre-Finished',1),(240,121,'แสดงสูตรของ Pre-Finished',2),(241,122,'Analyze Member Data',1),(242,122,'ระบบวิเคราะห์สมาชิก',2),(243,123,'Member Statistics',1),(244,123,'ประวัติการใช้ของสมาชิก',2),(245,124,'Member Front UDD',1),(246,124,'ข้อมูลสมาชิก (Front)',2),(247,125,'Print receipt more than once',1),(248,125,'พิมพ์ใบลองบิลซ้ำ',2),(249,126,'Cancel Reservation Report',1),(250,126,'รายงานยกเลิกการจอง',2),(251,127,'Manage Reward',1),(252,127,'กำหนดการสะสมแต้ม',2),(255,129,'Report Sale VAT',1),(256,129,'รายงานภาษีขาย',2),(257,130,'Budgeting Set up',1),(258,130,'กำหนด Budget',2),(259,131,'Budget Report',1),(260,131,'รายงาน Budget',2),(261,132,'Budget Gen Report',1),(262,132,'สร้างข้อมูล Budget',2),(263,133,'View Current Sale and Session',1),(264,133,'แสดงปุ่มยอดขายประจำวัน และยอดกะ',2),(265,134,'Allow Other Discount',1),(266,134,'สามารถให้ส่วนลดอื่นๆ ได้',2),(271,137,'Stock Card Report',1),(272,137,'รายงานทะเบียนวัตถุดิบ',2),(275,139,'Display Working Time',1),(276,139,'แสดงปุ่มการเข้างาน',2),(277,140,'Product Group Reports',1),(278,140,'รายงานตามกลุ่มสินค้า',2),(279,141,'Del Product Reports',1),(280,141,'รายงานการลบสินค้า',2),(281,142,'# Print Bill Reports',1),(282,142,'รายงานการพิมพ์ซ้ำ',2),(283,143,'Edit Packages',1),(284,143,'สามารถแก้ไข course/package ที่ซื้อไปแล้ว',2),(285,144,'Back End Receipt',1),(286,144,'กำหนดบิลหลังร้าน',2),(287,145,'Edit Packages at Back Office',1),(288,145,'สามารถแก้ไข course/package ที่ซื้อไปแล้วที่ back office',2),(289,146,'Change Package History',1),(290,146,'การเปลียนแปลง package',2),(291,147,'Manage Long Bill',1),(292,147,'กำหนดใบลองบิล',2),(297,150,'Finger Print Register Program',1),(298,150,'สามารถเข้าระบบ Finger Print Register ได้',2),(299,151,'Edit/Del Staff\'s Finger Print Data',1),(300,151,'สามารถเพิ่มลบข้อมูลลายนิ้วมือของพนักงานในระบบ Finger Print Register ได้',2),(301,152,'Add New Staff\'s Finger Print Data',1),(302,152,'สามารถเพิ่มข้อมูลลายนิ้วมือของพนักงานใหม่ในระบบ Finger Print Register ได้',2),(303,153,'Edit/Del Member\'s Finger Print Data',1),(304,153,'สามารถเพิ่มลบข้อมูลลายนิ้วมือของสมาชิกในระบบ Finger Print Register ได้',2),(305,154,'Add New Member\'s inger Print Data',1),(306,154,'สามารถเพิ่มข้อมูลลายนิ้วมือของสมาชิกใหม่ในระบบ Finger Print Register ได้',2),(307,155,'Access Android Ordering',1),(308,155,'เข้าโปรแกรมหน้าร้านผ่าน Android ได้',2),(309,156,'Edit Credit Money at Back Office',1),(310,156,'สามารถแก้ไขรายการเงินเชื่อที่ back office ได้',2),(311,157,'Authorize to add member when activate finger print feature',1),(312,157,'อนุญาติให้เพิ่มสมาชิกแบบ manual ได้กรณีใช้ระบบ finger print',2),(313,158,'Set Material Cost',1),(314,158,'กำหนดต้นทุนวัตถุดิบ',2),(315,159,'Profit Loss By Product',1),(316,159,'รายงานต้นทุนตามสินค้า',2),(317,160,'Export Product Data',1),(318,160,'Export ข้อมูลสินค้า',2),(319,161,'Edit Out of Stock Products',1),(320,161,'สามารถเปลี่ยนสถานะของสินค้าหมดได้',2),(321,162,'Sale Report By Dept',1),(322,162,'รายงานการขายตามหมวด',2),(323,163,'Session Report By Staff',1),(324,163,'รายงานกะตามพนักงาน',2),(325,164,'Discount Report By Promotion',1),(326,164,'รายงานส่วนลดโปรโมชั่น',2),(327,165,'Manage Payment Type',1),(328,165,'เพิ่มเติมการชำระเงิน',2),(329,166,'Manage Payment Type Group',1),(330,166,'เพิ่มเติมกลุ่มชำระเงิน',2),(331,167,'Summary Sale Report',1),(332,167,'รายงานสรุปการขาย',2),(333,168,'Promotion Group',1),(334,168,'จัดกลุ่มโปรโมชั่น',2),(335,169,'Promotion By Product Group',1),(336,169,'โปรโมชั่นตามกลุ่มสินค้า',2),(337,170,'Promotion By Staff',1),(338,170,'ส่วนลดตามกะพนักงาน',2),(339,171,'Display Close Session Button',1),(340,171,'แสดงปุ่มปิดกะที่โปรแกรมหน้าร้าน',2),(341,172,'Export Material Data',1),(342,172,'Export ข้อมูลวัตถุดิบ',2),(347,175,'Document Group',1),(348,175,'กำหนดกลุ่มเอกสาร',2),(349,176,'Document Info',1),(350,176,'กำหนดเอกสาร',2),(351,177,'Stock Summary',1),(352,177,'รายงานสรุปสต๊อกสินค้า',2),(353,178,'Stock By Doc Type',1),(354,178,'รายงานตามกลุ่มเอกสาร',2),(401,181,'Close End Day',1),(402,181,'ปิดรอบวัน(End Day)',2),(700,700,'Sale Report By MealCode',1),(702,701,'Cash In/Out Report',1),(704,702,'Member Discount Report',1),(706,703,'Staff Discount Report',1),(708,704,'Session Consolidate Report',1),(1501,1500,'Report Branch Cost',1),(1502,1500,'รายงานต้นทุนสาขา',2),(5000,500,'Sale Report By Time',1),(5001,500,'รายงานการขายตามเวลา',2),(5002,501,'Sale Report By Zone',1),(5003,501,'รายงานการขายตามโซน',2),(5004,502,'Sale Report By Table',1),(5005,502,'รายงานการขายตามโต๊ะ',2),(5006,503,'Report Move Data',1),(5007,503,'รายงานการย้ายรายการ',2),(5008,504,'Search Bill by Table',1),(5009,504,'ค้นรายการตามโต๊ะ',2),(5010,505,'Search Order Number',1),(5011,505,'ค้นรายการตามบิลสั่งอาหาร',2),(5012,506,'Reprint Bill',1),(5013,506,'พิมพ์ใบเสร็จซ้ำ',2),(5014,507,'Reprint Order',1),(5015,507,'พิมพ์รายการสินค้าซ้ำ',2),(5016,508,'POS FrontReport Move/Delete Order History',1),(5017,508,'รายงานการจัดการโต๊ะ/รายการ',2),(5018,509,'Print Bill Detail Report',1),(5019,509,'รายงานพิมพ์ใบเสร็จ',2),(5020,510,'Session Report',1),(5021,510,'รายงานรอบการขาย',2),(5022,511,'Sale Report By Session',1),(5023,511,'รายงานการขายตามวันจากรอบการขาย',2),(5024,512,'Stock Report',1),(5025,512,'รายงานตัดสต๊อกสินค้า',2),(5026,513,'Order Book Record Report',1),(5027,513,'รายงานใบรายการของโต๊ะ',2),(5028,514,'Return Product Report',1),(5029,514,'รายงานการคืนสินค้า',2),(5030,515,'Edit Order Data After Print Bill Detail',1),(5031,515,'แก้ไขรายการหลังจากพิมพ์ใบลองบิล',2),(5032,516,'Allow Payment For Stock Only',1),(5033,516,'จ่ายเงินแบบตัดสต๊อกอย่างเดียวไม่รวมกับยอดขาย',2),(5034,517,'Allow View Front Cerrent',1),(5035,517,'สามารถดูรายงานของวันที่ปัจจุบันได้',2),(5036,518,'Edit Document Detail For RO From Transfer Document',1),(5037,518,'แก้ไขรายการในเอกสารรับสินค้าจากการโอน',2),(5038,519,'Session Summary',1),(5039,519,'รายงานสรุปกะ',2),(5040,520,'Sale Stock Only Report',1),(5041,520,'รายงาน stock only',2),(5044,522,'Allow Print Stockcard Front Report',1),(5045,522,'อนุญาตให้พิมพ์รายงานสต๊อกสินค้าของโปรแกรม Front',2),(5046,523,'Product Cost',1),(5047,523,'ตั้งค่าต้นทุนสินค้า',2),(10000,1000,'Sale Report For Customer',1),(10000,10000,'Sale Report Group Zone',1),(10001,1000,'รายงานขายสำหรับลูกค้า',2),(10001,10000,'รายงานยอดขายกลุ่มโซน',2),(10002,1001,'Allow to View Summary Request',1),(10002,10001,'Check Summary By Zone',1),(10003,1001,'สามารถสรุปการขอสินค้าเพื่อเป็นใบเตรียมวัตถุดิบได้',2),(10003,10001,'Check Summary By Zone',2),(10004,1002,'Allow to View Summary Bakery Request',1),(10004,10002,'Credit Card By Zone',1),(10005,1002,'สามารถสรุปการขอสินค้าเบเกอรี่เพื่อเป็นใบเตรียมวัตถุดิบได้',2),(10005,10002,'Credit Card By Zone',2),(10006,1003,'Allow to See Stock at Counting Stock',1),(10007,1003,'สามารถเห็นสต๊อกคงเหลือในการนับสต๊อก',2),(10008,1004,'Allow Request Bakery',1),(10009,1004,'สามารถขอสินค้าเบเกอรี่ได้',2),(10010,1005,'Allow to View Daily Stock Reports',1),(10011,1005,'สามารถดูรายงานการนับสต๊อกรายวันได้',2),(10014,1007,'Sale Report By Product',1),(10015,1007,'รายงานการขายตามสินค้า',2),(10016,1008,'Allow Access Inventory HQ',1),(10017,1008,'สามารถเข้าโปรแกรม Inventory HQ ได้',2),(10018,1009,'Allow Access Inventory Setting',1),(10019,1009,'สามารถเข้าโปรแกรม Inventory Setting ได้',2),(10020,1010,'Set Product New Group',1),(10021,1010,'ตั้งค่ากลุ่มสินค้าพิเศษ',2),(10022,1011,'Set Bakery Price',1),(10023,1011,'ตั้งค่าต้นทุนเบเกอรี่',2),(10024,1012,'Allow Direct Receive',1),(10025,1012,'รับสินค้าตรงได้',2),(10026,1013,'Allow Receive From PO',1),(10027,1013,'รับสินค้าจากสั่งซื้อได้',2),(10028,1014,'Allow Receive From Transfer',1),(10029,1014,'รับสินค้าจากการโอนได้',2),(10030,1015,'Allow Receive From Bakery Transfer',1),(10031,1015,'รับสินค้าจากการโอนเบเกอรี่ได้',2),(10032,1016,'Allow Convert Request to Transfer Document',1),(10033,1016,'ทำใบโอนจากการขอสินค้าแบบหลายเอกสารพร้อมกันได้',2),(10034,1017,'Allow Approve Transfer Document for Multiple Document',1),(10035,1017,'Approve เอกสารโอนสินค้าแบบหลายเอกสารพร้อมกันได้',2),(10036,1018,'Allow Convert Request to Transfer Bakery Document',1),(10037,1018,'ทำใบโอนจากการขอสินค้าเบเกอรี่แบบหลายเอกสารพร้อมกันได้',2),(10038,1019,'Allow Approve Transfer Bakery Document for Multiple Document',1),(10039,1019,'Approve เอกสารโอนสินค้าเบเกอรี่แบบหลายเอกสารพร้อมกันได้',2),(10040,1020,'Report Bakery',1),(10041,1020,'รายงานเบเกอรี่',2),(10042,1021,'Report Products',1),(10043,1021,'รายงานสินค้าซื้อมา-ขายไป',2),(10044,1022,'Request Doc Reports',1),(10045,1022,'รายงานสรุปใบขอสินค้า',2),(10046,1023,'Transfer Doc Reports',1),(10047,1023,'รายงานสรุปใบเบิกสินค้า',2),(10048,1024,'Summary By New Group',1),(10049,1024,'สรุปการขายตามสินค้า',2),(10054,1027,'Internal Transfer',1),(10055,1027,'เบิกจ่ายสินค้าภายในคลังที่ร้านเดียวกัน',2),(10056,1028,'Internal Transfer Report',1),(10057,1028,'รายงานการเบิกจ่ายสินค้าภายในคลังที่ร้านเดียวกัน',2),(10058,1029,'Transfer Report',1),(10059,1029,'รายงานเบิกจ่ายสินค้าระหว่างคลัง',2),(10060,1030,'Receive From Other Branches',1),(10061,1030,'รับการโอนระหว่างสาขา',2),(15000,15000,'Report Checker By Products',1),(15001,15000,'รายงาน Checker ตามสินค้า',2),(15002,15001,'Report Checker',1),(15003,15001,'รายงานเวลาการทำอาหาร',2),(15028,15015,'ReceipCompareBill',1),(15029,15015,'รายงานเปรียบเทียบใบเสร็จ',2),(15093,15045,'Purchase Document',1),(15094,15045,'เอกสารสั่งซื้อ',2),(15097,15047,'Transfer Document',1),(15098,15047,'เอกสารการโอน',2),(15099,15048,'Request Document',1),(15100,15048,'เอกสารการขอสินค้า',2),(15103,15050,'Daily Stock',1),(15104,15050,'นับสต๊อกรายวัน',2),(15105,15051,'Monthly Stock',1),(15106,15051,'นับสต๊อกรายเดือน',2),(15107,15052,'Mininum Stock',1),(15108,15052,'ค่าต่ำสุดสต๊อก',2),(15108,15053,'Stock Card',1),(15109,15053,'สต๊อกการ์ด',2),(15110,15054,'In-Out Stock Report',1),(15111,15054,'รายงานสินค้าเข้าออก',2),(15112,15055,'Vendor',1),(15113,15055,'ผู้จัดจำหน่าย',2),(15114,15056,'Add/Reduce Stock',1),(15115,15056,'ปรับเพิ่ม-ปรับลด สต๊อก',2),(15116,15057,'Document Template',1),(15117,15057,'เอกสารเทมเพลท',2),(15124,15061,'Receive From PO',1),(15125,15061,'เอกสารรับจากสั่งซื้อ',2),(15126,15062,'Receive From Order',1),(15127,15062,'เอกสารการรับตรง',2),(15132,15065,'Count Stock Weekly',1),(15133,15065,'นับสต๊อกรายสัปดาห์',2),(15136,15067,'Count Stock Config',1),(15137,15067,'ตั้งค่าการนับสต๊อก',2),(15138,15068,'Packing Management',1),(15139,15068,'สร้างรอบการโอนสินค้า',2),(15160,15079,'Receive From Transfer',1),(15161,15079,'รับสินค้าจากการโอน',2),(15184,15096,'PrefinishDocument',1),(15185,15096,'เอกสารแปรรูปสินค้า',2),(15191,15100,'News Group',1),(15192,15100,'สร้างกลุ่มข่าว',2),(15193,15101,'News',1),(15194,15101,'สร้างข่าวสาร',2),(15195,15102,'Question',1),(15196,15102,'สร้างคำถามหน้าร้าน',2),(15197,15103,'Question Report',1),(15198,15103,'รายงานคำถามหน้าร้าน',2),(15207,15108,'Target Sale',1),(15208,15108,'กำหนดเป้าการขาย',2),(20010,20005,'Stock Card Report',1),(20011,20005,'รายงานทะเบียนวัตถุดิบ',2),(20012,20006,'Document Report',1),(20013,20006,'รายงานรับและโอนสินค้า',2),(20016,20008,'Cash out',1),(20017,20008,'กำหนด Cash Out',2),(25027,25016,'Manage Expense Category',1),(25028,25016,'จัดหมวดหมู่ค่าใช้จ่าย',2),(25029,25017,'Manage Expense',1),(25030,25017,'จัดการค่าใช้จ่าย',2),(25031,25018,'Manage Shop Category',1),(25032,25018,'จัดหมวดหมู่ร้าน',2),(30001,30001,'Redeem Point Setting',1),(30002,30001,'ตั้งค่าการแลกแต้มสะสม',2),(30003,30002,'Reward Point Setting',1),(30004,30002,'ตั้งค่าการให้แต้มสะสม',2),(30005,30003,'Inventory Select Material Setting',1),(30006,30003,'กำหนดวัตถุดิบสำหรับเอกสารต่าง ๆ',2),(30006,30004,'รายงาน แต้มสมสะสมสมาชิก',2),(30007,193,'Cancel Current Sale Order',1),(30007,30004,'Report Memberpoint',1),(30021,30011,'Barcode Setup',1),(30022,30011,'ตั้งค่าบาร์โค้ด',2),(30023,30012,'Add Link URL',1),(30024,30012,'เพิ่ม Link URL',2),(30025,30013,'Add Group of Link URL',1),(30026,30013,'เพิ่มกลุ่ม Link URL',2),(30027,30014,'Deposit Bank',1),(30028,30014,'กำหนดธนาคารฝากเงิน',2),(40001,40000,'Welcome Image',1),(40002,40000,'การจัดการรูป Welcome',2),(40007,40005,'Send redemtion to LIM',1),(40008,40005,'Send redemtion to LIM',2),(40009,40006,'Member Authentication',1),(40010,40006,'Member Authentication',2),(41001,41001,'New Product Group Price',1),(41002,41001,'เพิ่มกลุ่มราคาสินค้า',2),(41003,41002,'New Product Group Price Date',1),(41004,41002,'เพิ่มช่วงกลุ่มราคาสินค้า',2),(41005,41003,'Set Product Group Price',1),(41006,41003,'กำหนดกลุ่มราคาสินค้า',2);
/*!40000 ALTER TABLE `permissionitemname` ENABLE KEYS */;
UNLOCK TABLES;

--
-- Table structure for table `picktransactiondetail`
--

DROP TABLE IF EXISTS `picktransactiondetail`;
/*!40101 SET @saved_cs_client     = @@character_set_client */;
/*!40101 SET character_set_client = utf8 */;
CREATE TABLE `picktransactiondetail` (
  `TransactionID` int(11) NOT NULL DEFAULT '0',
  `ComputerID` int(11) NOT NULL DEFAULT '0',
  `BatchID` int(11) NOT NULL DEFAULT '0',
  `ProductLevelID` int(11) NOT NULL DEFAULT '0',
  `SaleDate` date DEFAULT NULL,
  `DocType` int(11) NOT NULL DEFAULT '8',
  `ReceiptYear` smallint(6) NOT NULL DEFAULT '0',
  `ReceiptMonth` tinyint(4) NOT NULL DEFAULT '0',
  `ReceiptID` int(11) DEFAULT NULL,
  `ReceiptNumber` varchar(50) DEFAULT NULL,
  `AlreadySyncData` tinyint(4) NOT NULL DEFAULT '0',
  `CloseComputerID` int(11) NOT NULL DEFAULT '0',
  PRIMARY KEY (`TransactionID`,`ComputerID`),
  KEY `BatchPickTransactionIndex` (`BatchID`,`ProductLevelID`),
  KEY `ReceiptIDIndex` (`DocType`,`ReceiptYear`,`ReceiptMonth`,`CloseComputerID`)
) ENGINE=InnoDB DEFAULT CHARSET=utf8;
/*!40101 SET character_set_client = @saved_cs_client */;

--
-- Dumping data for table `picktransactiondetail`
--

LOCK TABLES `picktransactiondetail` WRITE;
/*!40000 ALTER TABLE `picktransactiondetail` DISABLE KEYS */;
/*!40000 ALTER TABLE `picktransactiondetail` ENABLE KEYS */;
UNLOCK TABLES;

--
-- Table structure for table `picktransactionexcludeproductsetting`
--

DROP TABLE IF EXISTS `picktransactionexcludeproductsetting`;
/*!40101 SET @saved_cs_client     = @@character_set_client */;
/*!40101 SET character_set_client = utf8 */;
CREATE TABLE `picktransactionexcludeproductsetting` (
  `ProductCode` varchar(50) NOT NULL DEFAULT '',
  `ProductLevelID` int(11) NOT NULL DEFAULT '0',
  PRIMARY KEY (`ProductCode`,`ProductLevelID`)
) ENGINE=InnoDB DEFAULT CHARSET=utf8;
/*!40101 SET character_set_client = @saved_cs_client */;

--
-- Dumping data for table `picktransactionexcludeproductsetting`
--

LOCK TABLES `picktransactionexcludeproductsetting` WRITE;
/*!40000 ALTER TABLE `picktransactionexcludeproductsetting` DISABLE KEYS */;
/*!40000 ALTER TABLE `picktransactionexcludeproductsetting` ENABLE KEYS */;
UNLOCK TABLES;

--
-- Table structure for table `picktransactionhistory`
--

DROP TABLE IF EXISTS `picktransactionhistory`;
/*!40101 SET @saved_cs_client     = @@character_set_client */;
/*!40101 SET character_set_client = utf8 */;
CREATE TABLE `picktransactionhistory` (
  `BatchID` int(11) NOT NULL DEFAULT '0',
  `ProductLevelID` int(11) NOT NULL DEFAULT '0',
  `SaleDate` date DEFAULT NULL,
  `CreateBatchDateTime` datetime DEFAULT NULL,
  `MinPriceFromRealSale` decimal(18,4) NOT NULL DEFAULT '0.0000',
  `MaxPriceFromRealSale` decimal(18,4) NOT NULL DEFAULT '0.0000',
  PRIMARY KEY (`BatchID`,`ProductLevelID`)
) ENGINE=InnoDB DEFAULT CHARSET=utf8;
/*!40101 SET character_set_client = @saved_cs_client */;

--
-- Dumping data for table `picktransactionhistory`
--

LOCK TABLES `picktransactionhistory` WRITE;
/*!40000 ALTER TABLE `picktransactionhistory` DISABLE KEYS */;
/*!40000 ALTER TABLE `picktransactionhistory` ENABLE KEYS */;
UNLOCK TABLES;

--
-- Table structure for table `picktransactionmaxreceiptid`
--

DROP TABLE IF EXISTS `picktransactionmaxreceiptid`;
/*!40101 SET @saved_cs_client     = @@character_set_client */;
/*!40101 SET character_set_client = utf8 */;
CREATE TABLE `picktransactionmaxreceiptid` (
  `ComputerID` int(11) NOT NULL DEFAULT '0',
  `DocType` int(11) NOT NULL DEFAULT '0',
  `ReceiptYear` int(11) NOT NULL DEFAULT '0',
  `ReceiptMonth` int(11) NOT NULL DEFAULT '0',
  `MaxReceiptID` int(11) NOT NULL DEFAULT '0',
  PRIMARY KEY (`ComputerID`,`DocType`,`ReceiptYear`,`ReceiptMonth`)
) ENGINE=InnoDB DEFAULT CHARSET=utf8;
/*!40101 SET character_set_client = @saved_cs_client */;

--
-- Dumping data for table `picktransactionmaxreceiptid`
--

LOCK TABLES `picktransactionmaxreceiptid` WRITE;
/*!40000 ALTER TABLE `picktransactionmaxreceiptid` DISABLE KEYS */;
/*!40000 ALTER TABLE `picktransactionmaxreceiptid` ENABLE KEYS */;
UNLOCK TABLES;

--
-- Table structure for table `picktransactionpaydetail`
--

DROP TABLE IF EXISTS `picktransactionpaydetail`;
/*!40101 SET @saved_cs_client     = @@character_set_client */;
/*!40101 SET character_set_client = utf8 */;
CREATE TABLE `picktransactionpaydetail` (
  `PayDetailID` int(11) NOT NULL DEFAULT '0',
  `TransactionID` int(11) NOT NULL DEFAULT '0',
  `ComputerID` int(11) NOT NULL DEFAULT '0',
  `PayTypeID` int(11) NOT NULL DEFAULT '0',
  `Amount` decimal(18,4) NOT NULL DEFAULT '0.0000',
  `SmartCardID` int(11) NOT NULL DEFAULT '0',
  `SmartCardType` int(11) NOT NULL DEFAULT '0',
  `CardProductLevelID` int(11) NOT NULL DEFAULT '0',
  `CreditCardNo` varchar(50) DEFAULT NULL,
  `ExpireMonth` tinyint(4) NOT NULL DEFAULT '0',
  `ExpireYear` smallint(6) NOT NULL DEFAULT '0',
  `ChequeNumber` varchar(20) DEFAULT NULL,
  `ChequeDate` date DEFAULT NULL,
  `BankName` int(11) NOT NULL DEFAULT '0',
  `CreditCardType` int(11) NOT NULL DEFAULT '0',
  `PaidByName` varchar(100) DEFAULT NULL,
  `Paid` tinyint(4) NOT NULL DEFAULT '0',
  `PaymentVAT` decimal(18,4) NOT NULL DEFAULT '0.0000',
  `PrepaidDiscountPercent` decimal(10,4) NOT NULL DEFAULT '0.0000',
  `IsFromEDC` tinyint(4) NOT NULL DEFAULT '0',
  PRIMARY KEY (`PayDetailID`,`TransactionID`,`ComputerID`)
) ENGINE=InnoDB DEFAULT CHARSET=tis620;
/*!40101 SET character_set_client = @saved_cs_client */;

--
-- Dumping data for table `picktransactionpaydetail`
--

LOCK TABLES `picktransactionpaydetail` WRITE;
/*!40000 ALTER TABLE `picktransactionpaydetail` DISABLE KEYS */;
/*!40000 ALTER TABLE `picktransactionpaydetail` ENABLE KEYS */;
UNLOCK TABLES;

--
-- Table structure for table `picktransactionpaymentsetting`
--

DROP TABLE IF EXISTS `picktransactionpaymentsetting`;
/*!40101 SET @saved_cs_client     = @@character_set_client */;
/*!40101 SET character_set_client = utf8 */;
CREATE TABLE `picktransactionpaymentsetting` (
  `PayTypeID` int(11) NOT NULL DEFAULT '0',
  `SettingType` tinyint(4) NOT NULL DEFAULT '1',
  `PickAmount` decimal(18,4) NOT NULL DEFAULT '0.0000',
  `PickAmountType` tinyint(4) NOT NULL DEFAULT '0',
  PRIMARY KEY (`PayTypeID`)
) ENGINE=InnoDB DEFAULT CHARSET=utf8;
/*!40101 SET character_set_client = @saved_cs_client */;

--
-- Dumping data for table `picktransactionpaymentsetting`
--

LOCK TABLES `picktransactionpaymentsetting` WRITE;
/*!40000 ALTER TABLE `picktransactionpaymentsetting` DISABLE KEYS */;
INSERT INTO `picktransactionpaymentsetting` VALUES (1,1,'0.0000',0),(2,2,'0.0000',0),(3,1,'0.0000',0),(4,2,'0.0000',0),(5,1,'0.0000',0),(6,1,'0.0000',0),(7,1,'0.0000',0),(9,1,'0.0000',0),(10,1,'0.0000',0),(11,1,'0.0000',0),(12,1,'0.0000',0),(13,1,'0.0000',0),(14,1,'0.0000',0),(15,1,'0.0000',0);
/*!40000 ALTER TABLE `picktransactionpaymentsetting` ENABLE KEYS */;
UNLOCK TABLES;

--
-- Table structure for table `pms_mappingcreditcardtype`
--

DROP TABLE IF EXISTS `pms_mappingcreditcardtype`;
/*!40101 SET @saved_cs_client     = @@character_set_client */;
/*!40101 SET character_set_client = utf8 */;
CREATE TABLE `pms_mappingcreditcardtype` (
  `CreditCardType` tinyint(4) NOT NULL DEFAULT '0',
  `PMSPayType` tinyint(4) NOT NULL DEFAULT '0',
  `PMSPayTypeName` varchar(50) DEFAULT NULL,
  PRIMARY KEY (`CreditCardType`,`PMSPayType`)
) ENGINE=InnoDB DEFAULT CHARSET=utf8;
/*!40101 SET character_set_client = @saved_cs_client */;

--
-- Dumping data for table `pms_mappingcreditcardtype`
--

LOCK TABLES `pms_mappingcreditcardtype` WRITE;
/*!40000 ALTER TABLE `pms_mappingcreditcardtype` DISABLE KEYS */;
INSERT INTO `pms_mappingcreditcardtype` VALUES (1,10,'Visa'),(2,9,'Master'),(3,6,'AMEX'),(5,8,'JCB');
/*!40000 ALTER TABLE `pms_mappingcreditcardtype` ENABLE KEYS */;
UNLOCK TABLES;

--
-- Table structure for table `pms_mappingmealcode`
--

DROP TABLE IF EXISTS `pms_mappingmealcode`;
/*!40101 SET @saved_cs_client     = @@character_set_client */;
/*!40101 SET character_set_client = utf8 */;
CREATE TABLE `pms_mappingmealcode` (
  `ProductLevelID` int(11) NOT NULL DEFAULT '0',
  `MealCode` varchar(10) NOT NULL DEFAULT '',
  `MealName` varchar(100) DEFAULT NULL,
  `StartMealTime` datetime DEFAULT NULL,
  `EndMealTime` datetime DEFAULT NULL,
  `Deleted` tinyint(4) NOT NULL DEFAULT '0',
  PRIMARY KEY (`ProductLevelID`,`MealCode`)
) ENGINE=InnoDB DEFAULT CHARSET=utf8;
/*!40101 SET character_set_client = @saved_cs_client */;

--
-- Dumping data for table `pms_mappingmealcode`
--

LOCK TABLES `pms_mappingmealcode` WRITE;
/*!40000 ALTER TABLE `pms_mappingmealcode` DISABLE KEYS */;
/*!40000 ALTER TABLE `pms_mappingmealcode` ENABLE KEYS */;
UNLOCK TABLES;

--
-- Table structure for table `pms_mappingproductgroupchargetype`
--

DROP TABLE IF EXISTS `pms_mappingproductgroupchargetype`;
/*!40101 SET @saved_cs_client     = @@character_set_client */;
/*!40101 SET character_set_client = utf8 */;
CREATE TABLE `pms_mappingproductgroupchargetype` (
  `ProductGroupCode` varchar(50) NOT NULL,
  `PMSChargeTypeCode` varchar(20) NOT NULL,
  PRIMARY KEY (`ProductGroupCode`)
) ENGINE=InnoDB DEFAULT CHARSET=utf8;
/*!40101 SET character_set_client = @saved_cs_client */;

--
-- Dumping data for table `pms_mappingproductgroupchargetype`
--

LOCK TABLES `pms_mappingproductgroupchargetype` WRITE;
/*!40000 ALTER TABLE `pms_mappingproductgroupchargetype` DISABLE KEYS */;
/*!40000 ALTER TABLE `pms_mappingproductgroupchargetype` ENABLE KEYS */;
UNLOCK TABLES;

--
-- Table structure for table `pms_outletsetting`
--

DROP TABLE IF EXISTS `pms_outletsetting`;
/*!40101 SET @saved_cs_client     = @@character_set_client */;
/*!40101 SET character_set_client = utf8 */;
CREATE TABLE `pms_outletsetting` (
  `ProductLevelID` int(11) NOT NULL DEFAULT '0',
  `OutletID` varchar(10) DEFAULT NULL,
  PRIMARY KEY (`ProductLevelID`)
) ENGINE=InnoDB DEFAULT CHARSET=utf8;
/*!40101 SET character_set_client = @saved_cs_client */;

--
-- Dumping data for table `pms_outletsetting`
--

LOCK TABLES `pms_outletsetting` WRITE;
/*!40000 ALTER TABLE `pms_outletsetting` DISABLE KEYS */;
/*!40000 ALTER TABLE `pms_outletsetting` ENABLE KEYS */;
UNLOCK TABLES;

--
-- Table structure for table `pms_paymentroominfo`
--

DROP TABLE IF EXISTS `pms_paymentroominfo`;
/*!40101 SET @saved_cs_client     = @@character_set_client */;
/*!40101 SET character_set_client = utf8 */;
CREATE TABLE `pms_paymentroominfo` (
  `TransactionID` int(11) NOT NULL DEFAULT '0',
  `ComputerID` int(11) NOT NULL DEFAULT '0',
  `ShopID` int(11) NOT NULL DEFAULT '0',
  `PaymentAmount` decimal(18,4) NOT NULL DEFAULT '0.0000',
  `ReferenceNo` varchar(100) DEFAULT NULL,
  `AccountNo` varchar(100) DEFAULT NULL,
  `GuestName` varchar(100) DEFAULT NULL,
  `RoomNo` varchar(100) DEFAULT NULL,
  `UpdateDate` datetime DEFAULT NULL,
  PRIMARY KEY (`TransactionID`,`ComputerID`)
) ENGINE=InnoDB DEFAULT CHARSET=utf8;
/*!40101 SET character_set_client = @saved_cs_client */;

--
-- Dumping data for table `pms_paymentroominfo`
--

LOCK TABLES `pms_paymentroominfo` WRITE;
/*!40000 ALTER TABLE `pms_paymentroominfo` DISABLE KEYS */;
/*!40000 ALTER TABLE `pms_paymentroominfo` ENABLE KEYS */;
UNLOCK TABLES;

--
-- Table structure for table `pms_paymenttopmssystem`
--

DROP TABLE IF EXISTS `pms_paymenttopmssystem`;
/*!40101 SET @saved_cs_client     = @@character_set_client */;
/*!40101 SET character_set_client = utf8 */;
CREATE TABLE `pms_paymenttopmssystem` (
  `PayTypeID` int(11) NOT NULL DEFAULT '0',
  `PMSPayType` int(11) NOT NULL DEFAULT '0',
  `IsChargeToRoom` tinyint(4) NOT NULL DEFAULT '0',
  PRIMARY KEY (`PayTypeID`)
) ENGINE=InnoDB DEFAULT CHARSET=utf8;
/*!40101 SET character_set_client = @saved_cs_client */;

--
-- Dumping data for table `pms_paymenttopmssystem`
--

LOCK TABLES `pms_paymenttopmssystem` WRITE;
/*!40000 ALTER TABLE `pms_paymenttopmssystem` DISABLE KEYS */;
INSERT INTO `pms_paymenttopmssystem` VALUES (1,5,0),(2,0,0),(1120,0,0);
/*!40000 ALTER TABLE `pms_paymenttopmssystem` ENABLE KEYS */;
UNLOCK TABLES;

--
-- Table structure for table `pms_transactioninfo`
--

DROP TABLE IF EXISTS `pms_transactioninfo`;
/*!40101 SET @saved_cs_client     = @@character_set_client */;
/*!40101 SET character_set_client = utf8 */;
CREATE TABLE `pms_transactioninfo` (
  `TransactionID` int(11) NOT NULL DEFAULT '0',
  `ComputerID` int(11) NOT NULL DEFAULT '0',
  `ShopID` int(11) NOT NULL DEFAULT '0',
  `OutletID` varchar(10) DEFAULT NULL,
  `ReceiptPayAmount` decimal(18,4) NOT NULL DEFAULT '0.0000',
  `MealCode` varchar(10) DEFAULT NULL,
  `UpdateDate` datetime DEFAULT NULL,
  PRIMARY KEY (`TransactionID`,`ComputerID`)
) ENGINE=InnoDB DEFAULT CHARSET=utf8;
/*!40101 SET character_set_client = @saved_cs_client */;

--
-- Dumping data for table `pms_transactioninfo`
--

LOCK TABLES `pms_transactioninfo` WRITE;
/*!40000 ALTER TABLE `pms_transactioninfo` DISABLE KEYS */;
/*!40000 ALTER TABLE `pms_transactioninfo` ENABLE KEYS */;
UNLOCK TABLES;

--
-- Table structure for table `precashbranch`
--

DROP TABLE IF EXISTS `precashbranch`;
/*!40101 SET @saved_cs_client     = @@character_set_client */;
/*!40101 SET character_set_client = utf8 */;
CREATE TABLE `precashbranch` (
  `BranchID` int(11) NOT NULL DEFAULT '0',
  `BranchCode` char(2) DEFAULT NULL,
  PRIMARY KEY (`BranchID`)
) ENGINE=InnoDB DEFAULT CHARSET=utf8;
/*!40101 SET character_set_client = @saved_cs_client */;

--
-- Dumping data for table `precashbranch`
--

LOCK TABLES `precashbranch` WRITE;
/*!40000 ALTER TABLE `precashbranch` DISABLE KEYS */;
/*!40000 ALTER TABLE `precashbranch` ENABLE KEYS */;
UNLOCK TABLES;

--
-- Table structure for table `precashheader`
--

DROP TABLE IF EXISTS `precashheader`;
/*!40101 SET @saved_cs_client     = @@character_set_client */;
/*!40101 SET character_set_client = utf8 */;
CREATE TABLE `precashheader` (
  `HeaderID` int(11) NOT NULL DEFAULT '0',
  `HeaderShopID` int(11) NOT NULL DEFAULT '0',
  `PreCashComputerID` int(11) NOT NULL DEFAULT '0',
  `ShopID` int(11) NOT NULL DEFAULT '0',
  `BatchDateTime` datetime DEFAULT NULL,
  `BatchNo` int(11) NOT NULL DEFAULT '0',
  `StaffID` int(11) NOT NULL DEFAULT '0',
  `PurseTotalDebit` decimal(18,4) NOT NULL DEFAULT '0.0000',
  `PurseTotalCredit` decimal(18,4) NOT NULL DEFAULT '0.0000',
  PRIMARY KEY (`HeaderID`,`HeaderShopID`)
) ENGINE=InnoDB DEFAULT CHARSET=utf8;
/*!40101 SET character_set_client = @saved_cs_client */;

--
-- Dumping data for table `precashheader`
--

LOCK TABLES `precashheader` WRITE;
/*!40000 ALTER TABLE `precashheader` DISABLE KEYS */;
/*!40000 ALTER TABLE `precashheader` ENABLE KEYS */;
UNLOCK TABLES;

--
-- Table structure for table `precashlocation`
--

DROP TABLE IF EXISTS `precashlocation`;
/*!40101 SET @saved_cs_client     = @@character_set_client */;
/*!40101 SET character_set_client = utf8 */;
CREATE TABLE `precashlocation` (
  `ProductLevelID` int(11) NOT NULL DEFAULT '0',
  `BranchID` int(11) NOT NULL DEFAULT '0',
  `LocationCode` char(3) DEFAULT NULL,
  PRIMARY KEY (`ProductLevelID`)
) ENGINE=InnoDB DEFAULT CHARSET=utf8;
/*!40101 SET character_set_client = @saved_cs_client */;

--
-- Dumping data for table `precashlocation`
--

LOCK TABLES `precashlocation` WRITE;
/*!40000 ALTER TABLE `precashlocation` DISABLE KEYS */;
/*!40000 ALTER TABLE `precashlocation` ENABLE KEYS */;
UNLOCK TABLES;

--
-- Table structure for table `precashoutlet`
--

DROP TABLE IF EXISTS `precashoutlet`;
/*!40101 SET @saved_cs_client     = @@character_set_client */;
/*!40101 SET character_set_client = utf8 */;
CREATE TABLE `precashoutlet` (
  `ProductLevelID` int(11) NOT NULL DEFAULT '0',
  `ComputerID` int(11) NOT NULL DEFAULT '0',
  `OutletCode` char(2) DEFAULT NULL,
  PRIMARY KEY (`ProductLevelID`,`ComputerID`)
) ENGINE=InnoDB DEFAULT CHARSET=utf8;
/*!40101 SET character_set_client = @saved_cs_client */;

--
-- Dumping data for table `precashoutlet`
--

LOCK TABLES `precashoutlet` WRITE;
/*!40000 ALTER TABLE `precashoutlet` DISABLE KEYS */;
/*!40000 ALTER TABLE `precashoutlet` ENABLE KEYS */;
UNLOCK TABLES;

--
-- Table structure for table `precashpaymentdetail`
--

DROP TABLE IF EXISTS `precashpaymentdetail`;
/*!40101 SET @saved_cs_client     = @@character_set_client */;
/*!40101 SET character_set_client = utf8 */;
CREATE TABLE `precashpaymentdetail` (
  `TransactionID` int(11) NOT NULL DEFAULT '0',
  `ComputerID` int(11) NOT NULL DEFAULT '0',
  `PrecashComputerID` int(11) NOT NULL DEFAULT '0',
  `ShopID` int(11) NOT NULL DEFAULT '0',
  `HeaderID` int(11) NOT NULL DEFAULT '0',
  `HeaderShopID` int(11) NOT NULL DEFAULT '0',
  `CardTransactionNo` varchar(5) DEFAULT NULL,
  `TransactionDateTime` datetime DEFAULT NULL,
  `PreviousBalance` decimal(18,4) NOT NULL DEFAULT '0.0000',
  `TransactionAmount` decimal(18,4) NOT NULL DEFAULT '0.0000',
  `CardMngNo` varchar(10) DEFAULT NULL,
  `CardIssuerID` char(2) DEFAULT NULL,
  `CardType` char(1) DEFAULT NULL,
  `CardReaderID` varchar(10) DEFAULT NULL,
  PRIMARY KEY (`TransactionID`,`ComputerID`)
) ENGINE=InnoDB DEFAULT CHARSET=utf8;
/*!40101 SET character_set_client = @saved_cs_client */;

--
-- Dumping data for table `precashpaymentdetail`
--

LOCK TABLES `precashpaymentdetail` WRITE;
/*!40000 ALTER TABLE `precashpaymentdetail` DISABLE KEYS */;
/*!40000 ALTER TABLE `precashpaymentdetail` ENABLE KEYS */;
UNLOCK TABLES;

--
-- Table structure for table `precashpaymentdetailfront`
--

DROP TABLE IF EXISTS `precashpaymentdetailfront`;
/*!40101 SET @saved_cs_client     = @@character_set_client */;
/*!40101 SET character_set_client = utf8 */;
CREATE TABLE `precashpaymentdetailfront` (
  `TransactionID` int(11) NOT NULL DEFAULT '0',
  `ComputerID` int(11) NOT NULL DEFAULT '0',
  `PrecashComputerID` int(11) NOT NULL DEFAULT '0',
  `ShopID` int(11) NOT NULL DEFAULT '0',
  `CardTransactionNo` varchar(5) DEFAULT NULL,
  `TransactionDateTime` datetime DEFAULT NULL,
  `PreviousBalance` decimal(18,4) NOT NULL DEFAULT '0.0000',
  `TransactionAmount` decimal(18,4) NOT NULL DEFAULT '0.0000',
  `CardMngNo` varchar(10) DEFAULT NULL,
  `CardIssuerID` char(2) DEFAULT NULL,
  `CardType` char(1) DEFAULT NULL,
  `CardReaderID` varchar(10) DEFAULT NULL,
  `AlreadyGenerateFile` tinyint(4) NOT NULL DEFAULT '0',
  PRIMARY KEY (`TransactionID`,`ComputerID`),
  KEY `PreCashPaymentDetailFrontComIndex` (`PrecashComputerID`,`ShopID`),
  KEY `PreCashPaymentDetailComIndex` (`PrecashComputerID`,`ShopID`)
) ENGINE=InnoDB DEFAULT CHARSET=utf8;
/*!40101 SET character_set_client = @saved_cs_client */;

--
-- Dumping data for table `precashpaymentdetailfront`
--

LOCK TABLES `precashpaymentdetailfront` WRITE;
/*!40000 ALTER TABLE `precashpaymentdetailfront` DISABLE KEYS */;
/*!40000 ALTER TABLE `precashpaymentdetailfront` ENABLE KEYS */;
UNLOCK TABLES;

--
-- Table structure for table `precashterminal`
--

DROP TABLE IF EXISTS `precashterminal`;
/*!40101 SET @saved_cs_client     = @@character_set_client */;
/*!40101 SET character_set_client = utf8 */;
CREATE TABLE `precashterminal` (
  `ComputerID` int(11) NOT NULL DEFAULT '0',
  `TerminalCode` char(3) DEFAULT NULL,
  `PrecashPortNo` int(11) NOT NULL DEFAULT '1',
  PRIMARY KEY (`ComputerID`)
) ENGINE=InnoDB DEFAULT CHARSET=utf8;
/*!40101 SET character_set_client = @saved_cs_client */;

--
-- Dumping data for table `precashterminal`
--

LOCK TABLES `precashterminal` WRITE;
/*!40000 ALTER TABLE `precashterminal` DISABLE KEYS */;
/*!40000 ALTER TABLE `precashterminal` ENABLE KEYS */;
UNLOCK TABLES;

--
-- Table structure for table `prepaidcardhistory`
--

DROP TABLE IF EXISTS `prepaidcardhistory`;
/*!40101 SET @saved_cs_client     = @@character_set_client */;
/*!40101 SET character_set_client = utf8 */;
CREATE TABLE `prepaidcardhistory` (
  `HistoryID` varchar(50) NOT NULL DEFAULT '',
  `HistoryComputerID` int(11) NOT NULL DEFAULT '0',
  `CardID` int(11) NOT NULL DEFAULT '0',
  `PayTypeID` int(11) NOT NULL DEFAULT '0',
  `ProductLevelID` int(11) NOT NULL DEFAULT '0',
  `PrepaidType` tinyint(4) NOT NULL DEFAULT '0',
  `Amount` decimal(18,4) NOT NULL DEFAULT '0.0000',
  `PreviousAmount` decimal(18,4) NOT NULL DEFAULT '0.0000',
  `PrepaidDate` date DEFAULT NULL,
  `ReceiptNumber` varchar(30) DEFAULT NULL,
  `HistoryDateTime` datetime DEFAULT NULL,
  `InsertAtHQDateTime` datetime DEFAULT NULL,
  `TransactionID` int(11) NOT NULL DEFAULT '0',
  `ComputerID` int(11) NOT NULL DEFAULT '0',
  `MemberID` int(11) NOT NULL DEFAULT '0',
  `OrderID` int(11) NOT NULL DEFAULT '0',
  `StaffID` int(11) NOT NULL DEFAULT '0',
  `PrepaidComment` varchar(50) DEFAULT NULL,
  `InsertProductLevelID` int(11) NOT NULL DEFAULT '0',
  `ShopCode` varchar(20) DEFAULT NULL,
  `ShopName` varchar(50) DEFAULT NULL,
  `BrandID` int(11) NOT NULL DEFAULT '0',
  `AlreadyExportToHQ` tinyint(4) NOT NULL DEFAULT '0',
  PRIMARY KEY (`HistoryID`,`HistoryComputerID`),
  KEY `CardIndex` (`CardID`,`ProductLevelID`),
  KEY `TransactionIndex` (`TransactionID`,`ComputerID`)
) ENGINE=InnoDB DEFAULT CHARSET=utf8;
/*!40101 SET character_set_client = @saved_cs_client */;

--
-- Dumping data for table `prepaidcardhistory`
--

LOCK TABLES `prepaidcardhistory` WRITE;
/*!40000 ALTER TABLE `prepaidcardhistory` DISABLE KEYS */;
/*!40000 ALTER TABLE `prepaidcardhistory` ENABLE KEYS */;
UNLOCK TABLES;

--
-- Table structure for table `prepaidcardinfo`
--

DROP TABLE IF EXISTS `prepaidcardinfo`;
/*!40101 SET @saved_cs_client     = @@character_set_client */;
/*!40101 SET character_set_client = utf8 */;
CREATE TABLE `prepaidcardinfo` (
  `CardID` int(11) NOT NULL DEFAULT '0',
  `PayTypeID` int(11) NOT NULL DEFAULT '0',
  `ProductLevelID` int(11) NOT NULL DEFAULT '0',
  `CardNo` varchar(30) DEFAULT NULL,
  `Activated` tinyint(2) NOT NULL DEFAULT '0',
  `Deleted` tinyint(2) NOT NULL DEFAULT '0',
  `CurrentAmountMoney` decimal(18,4) NOT NULL DEFAULT '0.0000',
  `DepositMoney` decimal(18,4) NOT NULL DEFAULT '0.0000',
  `MemberOrStaff` tinyint(2) NOT NULL DEFAULT '0',
  `MemberID` int(11) NOT NULL DEFAULT '0',
  `ExpireDate` datetime DEFAULT NULL,
  `CreateDate` datetime DEFAULT NULL,
  `UpdateDate` datetime DEFAULT NULL,
  `CreateStaffID` int(11) NOT NULL DEFAULT '0',
  PRIMARY KEY (`CardID`,`ProductLevelID`)
) ENGINE=InnoDB DEFAULT CHARSET=utf8;
/*!40101 SET character_set_client = @saved_cs_client */;

--
-- Dumping data for table `prepaidcardinfo`
--

LOCK TABLES `prepaidcardinfo` WRITE;
/*!40000 ALTER TABLE `prepaidcardinfo` DISABLE KEYS */;
/*!40000 ALTER TABLE `prepaidcardinfo` ENABLE KEYS */;
UNLOCK TABLES;

--
-- Table structure for table `prepaidtype`
--

DROP TABLE IF EXISTS `prepaidtype`;
/*!40101 SET @saved_cs_client     = @@character_set_client */;
/*!40101 SET character_set_client = utf8 */;
CREATE TABLE `prepaidtype` (
  `PrepaidType` tinyint(4) NOT NULL DEFAULT '0',
  `Description` varchar(50) DEFAULT NULL,
  PRIMARY KEY (`PrepaidType`)
) ENGINE=InnoDB DEFAULT CHARSET=utf8;
/*!40101 SET character_set_client = @saved_cs_client */;

--
-- Dumping data for table `prepaidtype`
--

LOCK TABLES `prepaidtype` WRITE;
/*!40000 ALTER TABLE `prepaidtype` DISABLE KEYS */;
INSERT INTO `prepaidtype` VALUES (1,'Topup Prepaid'),(2,'Prepaid Payment'),(3,'Void Topup Prepaid'),(4,'Void Prepaid Payment'),(5,'Manual Adjust');
/*!40000 ALTER TABLE `prepaidtype` ENABLE KEYS */;
UNLOCK TABLES;

--
-- Table structure for table `printerbytablezone`
--

DROP TABLE IF EXISTS `printerbytablezone`;
/*!40101 SET @saved_cs_client     = @@character_set_client */;
/*!40101 SET character_set_client = utf8 */;
CREATE TABLE `printerbytablezone` (
  `ZoneID` int(11) NOT NULL DEFAULT '0',
  `PrinterID` int(11) NOT NULL DEFAULT '0',
  `PrinterName` varchar(100) DEFAULT NULL,
  `PrinterDeviceName` varchar(255) DEFAULT NULL,
  `IsOPOSPrinter` tinyint(4) NOT NULL DEFAULT '0',
  `StockInvID` int(11) NOT NULL DEFAULT '0',
  `PrinterProperty` varchar(50) DEFAULT NULL,
  `PrinterStatus` tinyint(4) NOT NULL DEFAULT '1',
  PRIMARY KEY (`ZoneID`,`PrinterID`)
) ENGINE=InnoDB DEFAULT CHARSET=utf8;
/*!40101 SET character_set_client = @saved_cs_client */;

--
-- Dumping data for table `printerbytablezone`
--

LOCK TABLES `printerbytablezone` WRITE;
/*!40000 ALTER TABLE `printerbytablezone` DISABLE KEYS */;
/*!40000 ALTER TABLE `printerbytablezone` ENABLE KEYS */;
UNLOCK TABLES;

--
-- Table structure for table `printerbytablezoneforprinttemp`
--

DROP TABLE IF EXISTS `printerbytablezoneforprinttemp`;
/*!40101 SET @saved_cs_client     = @@character_set_client */;
/*!40101 SET character_set_client = utf8 */;
CREATE TABLE `printerbytablezoneforprinttemp` (
  `ComputerID` int(11) NOT NULL DEFAULT '0',
  `TableID` int(11) NOT NULL DEFAULT '0',
  `PrinterID` int(11) NOT NULL DEFAULT '0',
  `PrinterDeviceName` varchar(255) DEFAULT NULL,
  `PrinterProperty` varchar(50) DEFAULT NULL,
  `PrinterStatus` tinyint(4) NOT NULL DEFAULT '1',
  PRIMARY KEY (`ComputerID`,`TableID`,`PrinterID`)
) ENGINE=InnoDB DEFAULT CHARSET=utf8;
/*!40101 SET character_set_client = @saved_cs_client */;

--
-- Dumping data for table `printerbytablezoneforprinttemp`
--

LOCK TABLES `printerbytablezoneforprinttemp` WRITE;
/*!40000 ALTER TABLE `printerbytablezoneforprinttemp` DISABLE KEYS */;
/*!40000 ALTER TABLE `printerbytablezoneforprinttemp` ENABLE KEYS */;
UNLOCK TABLES;

--
-- Table structure for table `printerdetail`
--

DROP TABLE IF EXISTS `printerdetail`;
/*!40101 SET @saved_cs_client     = @@character_set_client */;
/*!40101 SET character_set_client = utf8 */;
CREATE TABLE `printerdetail` (
  `ComputerName` varchar(50) NOT NULL DEFAULT '',
  `PrinterName` varchar(200) NOT NULL DEFAULT '',
  PRIMARY KEY (`ComputerName`,`PrinterName`)
) ENGINE=InnoDB DEFAULT CHARSET=utf8;
/*!40101 SET character_set_client = @saved_cs_client */;

--
-- Dumping data for table `printerdetail`
--

LOCK TABLES `printerdetail` WRITE;
/*!40000 ALTER TABLE `printerdetail` DISABLE KEYS */;
/*!40000 ALTER TABLE `printerdetail` ENABLE KEYS */;
UNLOCK TABLES;

--
-- Table structure for table `printerforsummarybycomputer`
--

DROP TABLE IF EXISTS `printerforsummarybycomputer`;
/*!40101 SET @saved_cs_client     = @@character_set_client */;
/*!40101 SET character_set_client = utf8 */;
CREATE TABLE `printerforsummarybycomputer` (
  `ComputerID` int(11) NOT NULL DEFAULT '0',
  `IsForCustomerSummary` tinyint(4) NOT NULL DEFAULT '0',
  `PropertyPrinterDeviceName` varchar(100) NOT NULL DEFAULT '',
  `ComputerPrinterDeviceName` varchar(100) DEFAULT NULL,
  PRIMARY KEY (`ComputerID`,`IsForCustomerSummary`,`PropertyPrinterDeviceName`)
) ENGINE=InnoDB DEFAULT CHARSET=utf8;
/*!40101 SET character_set_client = @saved_cs_client */;

--
-- Dumping data for table `printerforsummarybycomputer`
--

LOCK TABLES `printerforsummarybycomputer` WRITE;
/*!40000 ALTER TABLE `printerforsummarybycomputer` DISABLE KEYS */;
/*!40000 ALTER TABLE `printerforsummarybycomputer` ENABLE KEYS */;
UNLOCK TABLES;

--
-- Table structure for table `printers`
--

DROP TABLE IF EXISTS `printers`;
/*!40101 SET @saved_cs_client     = @@character_set_client */;
/*!40101 SET character_set_client = utf8 */;
CREATE TABLE `printers` (
  `PrinterID` int(11) NOT NULL DEFAULT '0',
  `PrinterTypeID` tinyint(4) NOT NULL DEFAULT '1',
  `PrinterName` varchar(100) DEFAULT NULL,
  `Deleted` tinyint(2) NOT NULL DEFAULT '0',
  `PrinterDeviceName` varchar(255) DEFAULT NULL,
  `PrinterDeviceNameFor98` varchar(255) DEFAULT NULL,
  `BackupPrinterDeviceName` varchar(100) DEFAULT NULL,
  `IsOPOSPrinter` tinyint(4) NOT NULL DEFAULT '0',
  `PrinterStatus` tinyint(4) NOT NULL DEFAULT '1',
  PRIMARY KEY (`PrinterID`)
) ENGINE=InnoDB DEFAULT CHARSET=utf8;
/*!40101 SET character_set_client = @saved_cs_client */;

--
-- Dumping data for table `printers`
--

LOCK TABLES `printers` WRITE;
/*!40000 ALTER TABLE `printers` DISABLE KEYS */;
INSERT INTO `printers` VALUES (-99,1,'Select Printer When Print',0,'SelectPrinterWhenPrint','SelectPrinterWhenPrint',NULL,0,1),(-1,1,'No Printer',0,'NoPrinter','NoPrinter',NULL,0,1),(0,1,'From Client Printer',0,'FromClientPrinter','FromClientPrinter',NULL,0,1),(1,1,'Default Printer',0,'DefaultPrinter','DefaultPrinter',NULL,0,1),(2,1,'Kitchen',0,'cashier','70,5,0,0,Kitchen,0',NULL,0,1),(3,1,'Bar',0,'cashier','70,5,0,0,Bar,0',NULL,0,1),(4,1,'Checker',0,'cashier','70,5,0,0,Checker,0',NULL,0,1),(5,1,'Summary',0,'cashier','70,5,0,0,Summary,0',NULL,0,0);
/*!40000 ALTER TABLE `printers` ENABLE KEYS */;
UNLOCK TABLES;

--
-- Table structure for table `printertemporaryredirectto`
--

DROP TABLE IF EXISTS `printertemporaryredirectto`;
/*!40101 SET @saved_cs_client     = @@character_set_client */;
/*!40101 SET character_set_client = utf8 */;
CREATE TABLE `printertemporaryredirectto` (
  `ProductLevelID` int(11) NOT NULL DEFAULT '0',
  `IsForKDS` tinyint(4) NOT NULL DEFAULT '0',
  `FromPrinterID` int(11) NOT NULL DEFAULT '0',
  `ToPrinterID` int(11) NOT NULL DEFAULT '0',
  `StaffID` int(11) NOT NULL DEFAULT '0',
  `UpdateDate` datetime DEFAULT NULL,
  PRIMARY KEY (`ProductLevelID`,`IsForKDS`,`FromPrinterID`)
) ENGINE=InnoDB DEFAULT CHARSET=utf8;
/*!40101 SET character_set_client = @saved_cs_client */;

--
-- Dumping data for table `printertemporaryredirectto`
--

LOCK TABLES `printertemporaryredirectto` WRITE;
/*!40000 ALTER TABLE `printertemporaryredirectto` DISABLE KEYS */;
/*!40000 ALTER TABLE `printertemporaryredirectto` ENABLE KEYS */;
UNLOCK TABLES;

--
-- Table structure for table `printertemporaryredirectto_history`
--

DROP TABLE IF EXISTS `printertemporaryredirectto_history`;
/*!40101 SET @saved_cs_client     = @@character_set_client */;
/*!40101 SET character_set_client = utf8 */;
CREATE TABLE `printertemporaryredirectto_history` (
  `HistoryID` int(11) NOT NULL AUTO_INCREMENT,
  `ProductLevelID` int(11) NOT NULL DEFAULT '0',
  `IsForKDS` tinyint(4) NOT NULL DEFAULT '0',
  `FromPrinterID` int(11) NOT NULL DEFAULT '0',
  `ToPrinterID` int(11) NOT NULL DEFAULT '0',
  `IsRedirectToOtherPrinter` tinyint(4) NOT NULL DEFAULT '0',
  `StaffID` int(11) NOT NULL DEFAULT '0',
  `UpdateDate` datetime DEFAULT NULL,
  PRIMARY KEY (`HistoryID`,`ProductLevelID`)
) ENGINE=InnoDB DEFAULT CHARSET=utf8;
/*!40101 SET character_set_client = @saved_cs_client */;

--
-- Dumping data for table `printertemporaryredirectto_history`
--

LOCK TABLES `printertemporaryredirectto_history` WRITE;
/*!40000 ALTER TABLE `printertemporaryredirectto_history` DISABLE KEYS */;
/*!40000 ALTER TABLE `printertemporaryredirectto_history` ENABLE KEYS */;
UNLOCK TABLES;

--
-- Table structure for table `printertypedescription`
--

DROP TABLE IF EXISTS `printertypedescription`;
/*!40101 SET @saved_cs_client     = @@character_set_client */;
/*!40101 SET character_set_client = utf8 */;
CREATE TABLE `printertypedescription` (
  `PrinterTypeID` tinyint(4) NOT NULL DEFAULT '0',
  `Description` varchar(50) DEFAULT NULL,
  PRIMARY KEY (`PrinterTypeID`)
) ENGINE=InnoDB DEFAULT CHARSET=utf8;
/*!40101 SET character_set_client = @saved_cs_client */;

--
-- Dumping data for table `printertypedescription`
--

LOCK TABLES `printertypedescription` WRITE;
/*!40000 ALTER TABLE `printertypedescription` DISABLE KEYS */;
INSERT INTO `printertypedescription` VALUES (1,'Kitchen Printer'),(2,'Print Bill Detail From Pocket'),(3,'Printer For Queue System'),(4,'Other Receipt Printer');
/*!40000 ALTER TABLE `printertypedescription` ENABLE KEYS */;
UNLOCK TABLES;

--
-- Table structure for table `printjoborderdetail`
--

DROP TABLE IF EXISTS `printjoborderdetail`;
/*!40101 SET @saved_cs_client     = @@character_set_client */;
/*!40101 SET character_set_client = utf8 */;
CREATE TABLE `printjoborderdetail` (
  `TransactionID` int(11) NOT NULL DEFAULT '0',
  `ComputerID` int(11) NOT NULL DEFAULT '0',
  `OrderDetailID` int(11) NOT NULL DEFAULT '0',
  `PrintNo` int(11) NOT NULL DEFAULT '0',
  `IsPrintSummary` tinyint(4) NOT NULL DEFAULT '0',
  `InsertDateTime` datetime DEFAULT NULL,
  `PrintDateTime` datetime DEFAULT NULL,
  `FinishPrintDateTime` datetime DEFAULT NULL,
  `SaleDate` date DEFAULT NULL,
  `JobOrderFromComputerID` int(11) NOT NULL DEFAULT '0',
  `PrintFromComputerID` int(11) NOT NULL DEFAULT '0',
  `JobOrderStatus` tinyint(4) NOT NULL DEFAULT '1',
  PRIMARY KEY (`TransactionID`,`ComputerID`,`OrderDetailID`,`PrintNo`)
) ENGINE=InnoDB DEFAULT CHARSET=tis620;
/*!40101 SET character_set_client = @saved_cs_client */;

--
-- Dumping data for table `printjoborderdetail`
--

LOCK TABLES `printjoborderdetail` WRITE;
/*!40000 ALTER TABLE `printjoborderdetail` DISABLE KEYS */;
/*!40000 ALTER TABLE `printjoborderdetail` ENABLE KEYS */;
UNLOCK TABLES;

--
-- Table structure for table `printjoborderdetailfront`
--

DROP TABLE IF EXISTS `printjoborderdetailfront`;
/*!40101 SET @saved_cs_client     = @@character_set_client */;
/*!40101 SET character_set_client = utf8 */;
CREATE TABLE `printjoborderdetailfront` (
  `TransactionID` int(11) NOT NULL DEFAULT '0',
  `ComputerID` int(11) NOT NULL DEFAULT '0',
  `OrderDetailID` int(11) NOT NULL DEFAULT '0',
  `PrintNo` int(11) NOT NULL DEFAULT '0',
  `IsPrintSummary` tinyint(4) NOT NULL DEFAULT '0',
  `InsertDateTime` datetime DEFAULT NULL,
  `PrintDateTime` datetime DEFAULT NULL,
  `FinishPrintDateTime` datetime DEFAULT NULL,
  `SaleDate` date DEFAULT NULL,
  `JobOrderFromComputerID` int(11) NOT NULL DEFAULT '0',
  `PrintFromComputerID` int(11) NOT NULL DEFAULT '0',
  `JobOrderStatus` tinyint(4) NOT NULL DEFAULT '1',
  PRIMARY KEY (`TransactionID`,`ComputerID`,`OrderDetailID`,`PrintNo`)
) ENGINE=InnoDB DEFAULT CHARSET=tis620;
/*!40101 SET character_set_client = @saved_cs_client */;

--
-- Dumping data for table `printjoborderdetailfront`
--

LOCK TABLES `printjoborderdetailfront` WRITE;
/*!40000 ALTER TABLE `printjoborderdetailfront` DISABLE KEYS */;
/*!40000 ALTER TABLE `printjoborderdetailfront` ENABLE KEYS */;
UNLOCK TABLES;

--
-- Table structure for table `printjoborderlinedetail`
--

DROP TABLE IF EXISTS `printjoborderlinedetail`;
/*!40101 SET @saved_cs_client     = @@character_set_client */;
/*!40101 SET character_set_client = utf8 */;
CREATE TABLE `printjoborderlinedetail` (
  `TransactionID` int(11) NOT NULL DEFAULT '0',
  `ComputerID` int(11) NOT NULL DEFAULT '0',
  `PrintNo` int(11) NOT NULL DEFAULT '0',
  `LineOrder` int(11) NOT NULL DEFAULT '0',
  `LeftText` varchar(255) DEFAULT NULL,
  `CenterText` varchar(255) DEFAULT NULL,
  `RightText` varchar(255) DEFAULT NULL,
  `NameText` varchar(255) DEFAULT NULL,
  `JobOrderLineType` tinyint(4) NOT NULL DEFAULT '0',
  `UseFontType` tinyint(4) NOT NULL DEFAULT '0',
  `IsRedColor` tinyint(4) NOT NULL DEFAULT '0',
  `IsPrintSummary` tinyint(4) NOT NULL DEFAULT '0',
  `PrinterID` int(11) NOT NULL DEFAULT '0',
  `PrinterName` varchar(100) DEFAULT NULL,
  `PrinterProperty` varchar(255) DEFAULT NULL,
  `SaleDate` date DEFAULT NULL,
  PRIMARY KEY (`TransactionID`,`ComputerID`,`PrintNo`,`LineOrder`)
) ENGINE=InnoDB DEFAULT CHARSET=tis620;
/*!40101 SET character_set_client = @saved_cs_client */;

--
-- Dumping data for table `printjoborderlinedetail`
--

LOCK TABLES `printjoborderlinedetail` WRITE;
/*!40000 ALTER TABLE `printjoborderlinedetail` DISABLE KEYS */;
/*!40000 ALTER TABLE `printjoborderlinedetail` ENABLE KEYS */;
UNLOCK TABLES;

--
-- Table structure for table `printjoborderlinedetailfront`
--

DROP TABLE IF EXISTS `printjoborderlinedetailfront`;
/*!40101 SET @saved_cs_client     = @@character_set_client */;
/*!40101 SET character_set_client = utf8 */;
CREATE TABLE `printjoborderlinedetailfront` (
  `TransactionID` int(11) NOT NULL DEFAULT '0',
  `ComputerID` int(11) NOT NULL DEFAULT '0',
  `PrintNo` int(11) NOT NULL DEFAULT '0',
  `LineOrder` int(11) NOT NULL DEFAULT '0',
  `LeftText` varchar(255) DEFAULT NULL,
  `CenterText` varchar(255) DEFAULT NULL,
  `RightText` varchar(255) DEFAULT NULL,
  `NameText` varchar(255) DEFAULT NULL,
  `JobOrderLineType` tinyint(4) NOT NULL DEFAULT '0',
  `UseFontType` int(11) NOT NULL DEFAULT '0',
  `IsRedColor` tinyint(4) NOT NULL DEFAULT '0',
  `IsPrintSummary` tinyint(4) NOT NULL DEFAULT '0',
  `PrinterID` int(11) NOT NULL DEFAULT '0',
  `PrinterName` varchar(100) DEFAULT NULL,
  `PrinterProperty` varchar(255) DEFAULT NULL,
  `SaleDate` date DEFAULT NULL,
  PRIMARY KEY (`TransactionID`,`ComputerID`,`PrintNo`,`LineOrder`)
) ENGINE=InnoDB DEFAULT CHARSET=tis620;
/*!40101 SET character_set_client = @saved_cs_client */;

--
-- Dumping data for table `printjoborderlinedetailfront`
--

LOCK TABLES `printjoborderlinedetailfront` WRITE;
/*!40000 ALTER TABLE `printjoborderlinedetailfront` DISABLE KEYS */;
/*!40000 ALTER TABLE `printjoborderlinedetailfront` ENABLE KEYS */;
UNLOCK TABLES;

--
-- Table structure for table `printjoborderprintno`
--

DROP TABLE IF EXISTS `printjoborderprintno`;
/*!40101 SET @saved_cs_client     = @@character_set_client */;
/*!40101 SET character_set_client = utf8 */;
CREATE TABLE `printjoborderprintno` (
  `TransactionID` int(11) NOT NULL DEFAULT '0',
  `ComputerID` int(11) NOT NULL DEFAULT '0',
  `PrintNo` int(11) NOT NULL DEFAULT '0',
  `SaleDate` date DEFAULT NULL,
  PRIMARY KEY (`TransactionID`,`ComputerID`)
) ENGINE=InnoDB DEFAULT CHARSET=tis620;
/*!40101 SET character_set_client = @saved_cs_client */;

--
-- Dumping data for table `printjoborderprintno`
--

LOCK TABLES `printjoborderprintno` WRITE;
/*!40000 ALTER TABLE `printjoborderprintno` DISABLE KEYS */;
/*!40000 ALTER TABLE `printjoborderprintno` ENABLE KEYS */;
UNLOCK TABLES;

--
-- Table structure for table `printjoborderrecordlog`
--

DROP TABLE IF EXISTS `printjoborderrecordlog`;
/*!40101 SET @saved_cs_client     = @@character_set_client */;
/*!40101 SET character_set_client = utf8 */;
CREATE TABLE `printjoborderrecordlog` (
  `LogID` int(11) NOT NULL AUTO_INCREMENT,
  `TransactionID` int(11) NOT NULL DEFAULT '0',
  `ComputerID` int(11) NOT NULL DEFAULT '0',
  `OrderDetailID` int(11) NOT NULL DEFAULT '0',
  `PrintNo` int(11) NOT NULL DEFAULT '0',
  `IsPrintSummary` tinyint(4) NOT NULL DEFAULT '0',
  `PrintDateTime` datetime DEFAULT NULL,
  `PrintFromComputerID` int(11) NOT NULL DEFAULT '0',
  PRIMARY KEY (`LogID`)
) ENGINE=InnoDB DEFAULT CHARSET=tis620;
/*!40101 SET character_set_client = @saved_cs_client */;

--
-- Dumping data for table `printjoborderrecordlog`
--

LOCK TABLES `printjoborderrecordlog` WRITE;
/*!40000 ALTER TABLE `printjoborderrecordlog` DISABLE KEYS */;
/*!40000 ALTER TABLE `printjoborderrecordlog` ENABLE KEYS */;
UNLOCK TABLES;

--
-- Table structure for table `printjoborderstatus`
--

DROP TABLE IF EXISTS `printjoborderstatus`;
/*!40101 SET @saved_cs_client     = @@character_set_client */;
/*!40101 SET character_set_client = utf8 */;
CREATE TABLE `printjoborderstatus` (
  `JobOrderStatus` tinyint(4) NOT NULL DEFAULT '0',
  `Description` varchar(50) DEFAULT NULL,
  PRIMARY KEY (`JobOrderStatus`)
) ENGINE=InnoDB DEFAULT CHARSET=tis620;
/*!40101 SET character_set_client = @saved_cs_client */;

--
-- Dumping data for table `printjoborderstatus`
--

LOCK TABLES `printjoborderstatus` WRITE;
/*!40000 ALTER TABLE `printjoborderstatus` DISABLE KEYS */;
INSERT INTO `printjoborderstatus` VALUES (1,'Wait For Print.'),(2,'Print Success.'),(3,'Connect Printer Failed.'),(4,'Printing');
/*!40000 ALTER TABLE `printjoborderstatus` ENABLE KEYS */;
UNLOCK TABLES;

--
-- Table structure for table `productbuffetsetting`
--

DROP TABLE IF EXISTS `productbuffetsetting`;
/*!40101 SET @saved_cs_client     = @@character_set_client */;
/*!40101 SET character_set_client = utf8 */;
CREATE TABLE `productbuffetsetting` (
  `ProductBuffetID` int(11) NOT NULL DEFAULT '0',
  `ExtentTimeEvery` tinyint(4) NOT NULL DEFAULT '0',
  `ExtentTimeRoundUp` tinyint(4) NOT NULL DEFAULT '0',
  `ExtentProductID` int(11) NOT NULL DEFAULT '0',
  `ProductBuffetTime` int(11) NOT NULL DEFAULT '0',
  PRIMARY KEY (`ProductBuffetID`)
) ENGINE=InnoDB DEFAULT CHARSET=utf8;
/*!40101 SET character_set_client = @saved_cs_client */;

--
-- Dumping data for table `productbuffetsetting`
--

LOCK TABLES `productbuffetsetting` WRITE;
/*!40000 ALTER TABLE `productbuffetsetting` DISABLE KEYS */;
/*!40000 ALTER TABLE `productbuffetsetting` ENABLE KEYS */;
UNLOCK TABLES;

--
-- Table structure for table `productcomponent`
--

DROP TABLE IF EXISTS `productcomponent`;
/*!40101 SET @saved_cs_client     = @@character_set_client */;
/*!40101 SET character_set_client = utf8 */;
CREATE TABLE `productcomponent` (
  `PGroupID` int(11) NOT NULL DEFAULT '0',
  `ProductID` int(11) NOT NULL DEFAULT '0',
  `SaleMode` tinyint(4) NOT NULL DEFAULT '1',
  `MaterialID` int(11) NOT NULL DEFAULT '0',
  `MaterialAmount` decimal(18,4) NOT NULL DEFAULT '0.0000',
  `UnitSmallID` int(11) NOT NULL DEFAULT '0',
  `ShowOnOrder` tinyint(2) NOT NULL DEFAULT '0',
  `DataType` tinyint(4) NOT NULL DEFAULT '1',
  `FlexibleProductPrice` decimal(18,4) NOT NULL DEFAULT '0.0000',
  `Ordering` smallint(6) NOT NULL DEFAULT '0',
  `FlexibleProductIncludePrice` tinyint(4) NOT NULL DEFAULT '0',
  `AddingFromBranch` int(11) NOT NULL DEFAULT '0',
  PRIMARY KEY (`PGroupID`,`ProductID`,`SaleMode`,`MaterialID`),
  KEY `PGroupIndex` (`PGroupID`),
  KEY `PComMaterialID` (`MaterialID`)
) ENGINE=InnoDB DEFAULT CHARSET=utf8;
/*!40101 SET character_set_client = @saved_cs_client */;

--
-- Dumping data for table `productcomponent`
--

LOCK TABLES `productcomponent` WRITE;
/*!40000 ALTER TABLE `productcomponent` DISABLE KEYS */;
INSERT INTO `productcomponent` VALUES (1,200005,1,200011,'1.0000',0,0,1,'0.0000',1,0,0),(1,200005,1,200012,'1.0000',0,0,1,'0.0000',2,0,0),(2,200007,1,200006,'1.0000',0,0,1,'0.0000',1,0,0),(2,200007,1,200011,'1.0000',0,0,1,'0.0000',2,0,0),(3,200007,1,200003,'1.0000',0,0,1,'0.0000',1,0,0),(3,200007,1,200004,'1.0000',0,0,1,'0.0000',2,0,0),(3,200007,1,200009,'1.0000',0,0,1,'0.0000',3,0,0),(4,200003,1,1,'1.0000',1,0,1,'0.0000',1,0,0),(4,200003,2,1,'1.0000',1,0,1,'0.0000',1,0,0),(5,200004,1,2,'250.0000',2,0,1,'0.0000',1,0,0),(5,200004,2,2,'250.0000',2,0,1,'0.0000',1,0,0),(6,200006,1,3,'1.0000',3,0,1,'0.0000',1,0,0),(6,200006,2,3,'1.0000',3,0,1,'0.0000',1,0,0),(7,200010,1,4,'1.0000',4,0,1,'0.0000',1,0,0),(7,200010,2,4,'1.0000',4,0,1,'0.0000',1,0,0),(8,200011,1,3,'1.5000',3,0,1,'0.0000',1,0,0),(8,200011,2,3,'1.5000',3,0,1,'0.0000',1,0,0),(9,200013,1,3,'1.5000',3,0,1,'0.0000',1,0,0),(9,200013,1,200011,'1.0000',0,0,1,'0.0000',2,0,0),(9,200013,1,200012,'1.0000',0,0,1,'0.0000',3,0,0),(9,200013,2,3,'1.5000',3,0,1,'0.0000',1,0,0),(10,200013,1,200003,'1.0000',0,0,1,'0.0000',1,0,0),(10,200013,1,200004,'1.0000',0,0,1,'0.0000',2,0,0),(10,200013,1,200009,'1.0000',0,0,1,'0.0000',3,0,0),(11,200013,1,200006,'1.0000',0,0,1,'0.0000',1,0,0),(11,200013,1,200010,'1.0000',0,0,1,'5.0000',2,1,0),(12,200009,1,2,'100.0000',2,0,1,'0.0000',1,0,0),(12,200009,2,2,'100.0000',2,0,1,'0.0000',1,0,0);
/*!40000 ALTER TABLE `productcomponent` ENABLE KEYS */;
UNLOCK TABLES;

--
-- Table structure for table `productcomponentoverwrite`
--

DROP TABLE IF EXISTS `productcomponentoverwrite`;
/*!40101 SET @saved_cs_client     = @@character_set_client */;
/*!40101 SET character_set_client = utf8 */;
CREATE TABLE `productcomponentoverwrite` (
  `ProductLevelID` int(11) NOT NULL DEFAULT '0',
  `PGroupID` int(11) NOT NULL DEFAULT '0',
  `ProductID` int(11) NOT NULL DEFAULT '0',
  `SaleMode` tinyint(4) NOT NULL DEFAULT '1',
  `MaterialID` int(11) NOT NULL DEFAULT '0',
  `MaterialAmount` decimal(18,4) NOT NULL DEFAULT '0.0000',
  `UnitSmallID` int(11) NOT NULL DEFAULT '0',
  `ShowOnOrder` tinyint(4) NOT NULL DEFAULT '0',
  `DataType` tinyint(4) NOT NULL DEFAULT '1',
  `FlexibleProductIncludePrice` tinyint(4) NOT NULL DEFAULT '0',
  `FlexibleProductPrice` decimal(18,4) NOT NULL DEFAULT '0.0000',
  `Ordering` smallint(6) NOT NULL DEFAULT '0',
  `AddingFromBranch` tinyint(4) NOT NULL DEFAULT '0',
  PRIMARY KEY (`ProductLevelID`,`PGroupID`,`ProductID`,`SaleMode`,`MaterialID`)
) ENGINE=InnoDB DEFAULT CHARSET=utf8;
/*!40101 SET character_set_client = @saved_cs_client */;

--
-- Dumping data for table `productcomponentoverwrite`
--

LOCK TABLES `productcomponentoverwrite` WRITE;
/*!40000 ALTER TABLE `productcomponentoverwrite` DISABLE KEYS */;
/*!40000 ALTER TABLE `productcomponentoverwrite` ENABLE KEYS */;
UNLOCK TABLES;

--
-- Table structure for table `productcosttable`
--

DROP TABLE IF EXISTS `productcosttable`;
/*!40101 SET @saved_cs_client     = @@character_set_client */;
/*!40101 SET character_set_client = utf8 */;
CREATE TABLE `productcosttable` (
  `ProductCode` varchar(100) NOT NULL DEFAULT '',
  `ProductCost` decimal(18,4) NOT NULL DEFAULT '0.0000',
  PRIMARY KEY (`ProductCode`)
) ENGINE=InnoDB DEFAULT CHARSET=utf8;
/*!40101 SET character_set_client = @saved_cs_client */;

--
-- Dumping data for table `productcosttable`
--

LOCK TABLES `productcosttable` WRITE;
/*!40000 ALTER TABLE `productcosttable` DISABLE KEYS */;
INSERT INTO `productcosttable` VALUES ('ctest1','0.0000'),('ctest2','0.0000'),('ctest3','0.0000'),('test1101','100.0000'),('test1102','100.0000'),('test1103','100.0000'),('test1104','50.0000'),('test1105','50.0000'),('test1111','10.0000'),('test1112','10.0000'),('test1121','0.0000'),('test1122','10.0000'),('test1123','10.0000');
/*!40000 ALTER TABLE `productcosttable` ENABLE KEYS */;
UNLOCK TABLES;

--
-- Table structure for table `productdept`
--

DROP TABLE IF EXISTS `productdept`;
/*!40101 SET @saved_cs_client     = @@character_set_client */;
/*!40101 SET character_set_client = utf8 */;
CREATE TABLE `productdept` (
  `ProductDeptID` int(11) NOT NULL DEFAULT '0',
  `ProductGroupID` int(11) DEFAULT NULL,
  `ProductDeptCode` varchar(50) DEFAULT NULL,
  `ProductDeptName` varchar(50) DEFAULT NULL,
  `ProductDeptActivate` tinyint(2) NOT NULL DEFAULT '0',
  `ProductDeptTakeAway` tinyint(2) NOT NULL DEFAULT '0',
  `ProductDeptOrdering` smallint(6) NOT NULL DEFAULT '0',
  `Deleted` tinyint(2) NOT NULL DEFAULT '0',
  `PrintProductForSession` tinyint(2) NOT NULL DEFAULT '0',
  `PrintReceiptGroupingDept` tinyint(2) NOT NULL DEFAULT '0',
  `PocketPCDeptAvailable` tinyint(2) NOT NULL DEFAULT '0',
  `AddingFromBranch` int(11) NOT NULL DEFAULT '0',
  PRIMARY KEY (`ProductDeptID`),
  KEY `ProductGroupIndex` (`ProductGroupID`)
) ENGINE=InnoDB DEFAULT CHARSET=utf8;
/*!40101 SET character_set_client = @saved_cs_client */;

--
-- Dumping data for table `productdept`
--

LOCK TABLES `productdept` WRITE;
/*!40000 ALTER TABLE `productdept` DISABLE KEYS */;
INSERT INTO `productdept` VALUES (200001,1,'c1','Comment1',1,0,9999,0,0,0,1,0),(200002,200001,'aa','Food',1,0,9998,0,0,0,1,0),(200003,200001,'ab','Drink',1,0,9999,0,0,0,1,0);
/*!40000 ALTER TABLE `productdept` ENABLE KEYS */;
UNLOCK TABLES;

--
-- Table structure for table `productdeptoverwrite`
--

DROP TABLE IF EXISTS `productdeptoverwrite`;
/*!40101 SET @saved_cs_client     = @@character_set_client */;
/*!40101 SET character_set_client = utf8 */;
CREATE TABLE `productdeptoverwrite` (
  `ProductLevelID` int(11) NOT NULL DEFAULT '0',
  `ProductDeptID` int(11) NOT NULL DEFAULT '0',
  `ProductGroupID` int(11) NOT NULL DEFAULT '0',
  `ProductDeptCode` varchar(50) DEFAULT NULL,
  `ProductDeptName` varchar(50) DEFAULT NULL,
  `ProductDeptActivate` tinyint(4) NOT NULL DEFAULT '0',
  `ProductDeptTakeAway` tinyint(4) NOT NULL DEFAULT '0',
  `ProductDeptOrdering` smallint(6) NOT NULL DEFAULT '0',
  `Deleted` tinyint(4) NOT NULL DEFAULT '0',
  `PrintProductForSession` tinyint(4) NOT NULL DEFAULT '0',
  `PrintReceiptGroupingDept` tinyint(4) NOT NULL DEFAULT '0',
  `PocketPCDeptAvailable` tinyint(4) NOT NULL DEFAULT '0',
  `AddingFromBranch` int(11) NOT NULL DEFAULT '0',
  PRIMARY KEY (`ProductLevelID`,`ProductDeptID`)
) ENGINE=InnoDB DEFAULT CHARSET=utf8;
/*!40101 SET character_set_client = @saved_cs_client */;

--
-- Dumping data for table `productdeptoverwrite`
--

LOCK TABLES `productdeptoverwrite` WRITE;
/*!40000 ALTER TABLE `productdeptoverwrite` DISABLE KEYS */;
/*!40000 ALTER TABLE `productdeptoverwrite` ENABLE KEYS */;
UNLOCK TABLES;

--
-- Table structure for table `productendbilldetail`
--

DROP TABLE IF EXISTS `productendbilldetail`;
/*!40101 SET @saved_cs_client     = @@character_set_client */;
/*!40101 SET character_set_client = utf8 */;
CREATE TABLE `productendbilldetail` (
  `EndBillProductID` int(11) NOT NULL DEFAULT '0',
  `EndBillProductCode` varchar(20) DEFAULT NULL,
  `EndBillProductName` varchar(50) DEFAULT NULL,
  `Description` text,
  `EndBillPrice` decimal(18,4) NOT NULL DEFAULT '0.0000',
  `VATType` tinyint(4) NOT NULL DEFAULT '0',
  `IsCalculateVATInBill` tinyint(4) NOT NULL DEFAULT '1',
  PRIMARY KEY (`EndBillProductID`)
) ENGINE=InnoDB DEFAULT CHARSET=utf8;
/*!40101 SET character_set_client = @saved_cs_client */;

--
-- Dumping data for table `productendbilldetail`
--

LOCK TABLES `productendbilldetail` WRITE;
/*!40000 ALTER TABLE `productendbilldetail` DISABLE KEYS */;
/*!40000 ALTER TABLE `productendbilldetail` ENABLE KEYS */;
UNLOCK TABLES;

--
-- Table structure for table `productevouchersetting`
--

DROP TABLE IF EXISTS `productevouchersetting`;
/*!40101 SET @saved_cs_client     = @@character_set_client */;
/*!40101 SET character_set_client = utf8 */;
CREATE TABLE `productevouchersetting` (
  `ProductID` int(11) NOT NULL DEFAULT '0',
  `VoucherHeader` varchar(10) DEFAULT NULL,
  PRIMARY KEY (`ProductID`)
) ENGINE=InnoDB DEFAULT CHARSET=utf8;
/*!40101 SET character_set_client = @saved_cs_client */;

--
-- Dumping data for table `productevouchersetting`
--

LOCK TABLES `productevouchersetting` WRITE;
/*!40000 ALTER TABLE `productevouchersetting` DISABLE KEYS */;
/*!40000 ALTER TABLE `productevouchersetting` ENABLE KEYS */;
UNLOCK TABLES;

--
-- Table structure for table `productfixcommentdata`
--

DROP TABLE IF EXISTS `productfixcommentdata`;
/*!40101 SET @saved_cs_client     = @@character_set_client */;
/*!40101 SET character_set_client = utf8 */;
CREATE TABLE `productfixcommentdata` (
  `ProductCode` varchar(50) NOT NULL DEFAULT '',
  `CommentCode` varchar(50) NOT NULL DEFAULT '',
  PRIMARY KEY (`ProductCode`,`CommentCode`)
) ENGINE=InnoDB DEFAULT CHARSET=utf8;
/*!40101 SET character_set_client = @saved_cs_client */;

--
-- Dumping data for table `productfixcommentdata`
--

LOCK TABLES `productfixcommentdata` WRITE;
/*!40000 ALTER TABLE `productfixcommentdata` DISABLE KEYS */;
/*!40000 ALTER TABLE `productfixcommentdata` ENABLE KEYS */;
UNLOCK TABLES;

--
-- Table structure for table `productgroup`
--

DROP TABLE IF EXISTS `productgroup`;
/*!40101 SET @saved_cs_client     = @@character_set_client */;
/*!40101 SET character_set_client = utf8 */;
CREATE TABLE `productgroup` (
  `ProductGroupID` int(11) NOT NULL DEFAULT '0',
  `ProductLevelID` int(11) DEFAULT NULL,
  `ProductGroupCode` varchar(50) DEFAULT NULL,
  `ProductGroupName` varchar(50) DEFAULT NULL,
  `ProductGroupActivate` tinyint(2) NOT NULL DEFAULT '0',
  `ProductGroupTakeAway` tinyint(2) NOT NULL DEFAULT '0',
  `ProductGroupType` tinyint(2) NOT NULL DEFAULT '0',
  `ProductGroupOrdering` smallint(6) NOT NULL DEFAULT '0',
  `Deleted` tinyint(2) NOT NULL DEFAULT '0',
  `PrintDeptForSession` tinyint(2) NOT NULL DEFAULT '0',
  `PocketPCAvailable` tinyint(2) NOT NULL DEFAULT '0',
  `IsComment` tinyint(4) NOT NULL DEFAULT '0',
  `AddingFromBranch` int(11) NOT NULL DEFAULT '0',
  PRIMARY KEY (`ProductGroupID`),
  KEY `ProductLevelIndex` (`ProductLevelID`)
) ENGINE=InnoDB DEFAULT CHARSET=utf8;
/*!40101 SET character_set_client = @saved_cs_client */;

--
-- Dumping data for table `productgroup`
--

LOCK TABLES `productgroup` WRITE;
/*!40000 ALTER TABLE `productgroup` DISABLE KEYS */;
INSERT INTO `productgroup` VALUES (1,2,'C1','Comment Menu',1,0,0,0,0,1,0,1,0),(200001,2,'a','Menu Sample',1,0,0,9999,0,0,1,0,0);
/*!40000 ALTER TABLE `productgroup` ENABLE KEYS */;
UNLOCK TABLES;

--
-- Table structure for table `productgroupbycomputer`
--

DROP TABLE IF EXISTS `productgroupbycomputer`;
/*!40101 SET @saved_cs_client     = @@character_set_client */;
/*!40101 SET character_set_client = utf8 */;
CREATE TABLE `productgroupbycomputer` (
  `ComputerID` int(11) NOT NULL DEFAULT '0',
  `ProductGroupCode` varchar(50) NOT NULL DEFAULT '',
  PRIMARY KEY (`ComputerID`,`ProductGroupCode`)
) ENGINE=InnoDB DEFAULT CHARSET=utf8;
/*!40101 SET character_set_client = @saved_cs_client */;

--
-- Dumping data for table `productgroupbycomputer`
--

LOCK TABLES `productgroupbycomputer` WRITE;
/*!40000 ALTER TABLE `productgroupbycomputer` DISABLE KEYS */;
/*!40000 ALTER TABLE `productgroupbycomputer` ENABLE KEYS */;
UNLOCK TABLES;

--
-- Table structure for table `productgroupoverwrite`
--

DROP TABLE IF EXISTS `productgroupoverwrite`;
/*!40101 SET @saved_cs_client     = @@character_set_client */;
/*!40101 SET character_set_client = utf8 */;
CREATE TABLE `productgroupoverwrite` (
  `ProductGroupID` int(11) NOT NULL DEFAULT '0',
  `ProductLevelID` int(11) NOT NULL DEFAULT '0',
  `ProductGroupCode` varchar(50) DEFAULT NULL,
  `ProductGroupName` varchar(50) DEFAULT NULL,
  `ProductGroupActivate` tinyint(4) NOT NULL DEFAULT '0',
  `ProductGroupTakeAway` tinyint(4) NOT NULL DEFAULT '0',
  `ProductGroupOrdering` smallint(6) NOT NULL DEFAULT '0',
  `Deleted` tinyint(4) NOT NULL DEFAULT '0',
  `PrintDeptForSession` tinyint(4) NOT NULL DEFAULT '0',
  `PocketPCAvailable` tinyint(4) NOT NULL DEFAULT '0',
  `IsComment` tinyint(4) NOT NULL DEFAULT '0',
  `AddingFromBranch` int(11) NOT NULL DEFAULT '0',
  `ProductGroupType` tinyint(2) NOT NULL DEFAULT '0',
  PRIMARY KEY (`ProductLevelID`,`ProductGroupID`)
) ENGINE=InnoDB DEFAULT CHARSET=utf8;
/*!40101 SET character_set_client = @saved_cs_client */;

--
-- Dumping data for table `productgroupoverwrite`
--

LOCK TABLES `productgroupoverwrite` WRITE;
/*!40000 ALTER TABLE `productgroupoverwrite` DISABLE KEYS */;
/*!40000 ALTER TABLE `productgroupoverwrite` ENABLE KEYS */;
UNLOCK TABLES;

--
-- Table structure for table `productinshop`
--

DROP TABLE IF EXISTS `productinshop`;
/*!40101 SET @saved_cs_client     = @@character_set_client */;
/*!40101 SET character_set_client = utf8 */;
CREATE TABLE `productinshop` (
  `ProductID` int(11) NOT NULL,
  `Deleted` tinyint(4) DEFAULT NULL
) ENGINE=InnoDB DEFAULT CHARSET=utf8;
/*!40101 SET character_set_client = @saved_cs_client */;

--
-- Dumping data for table `productinshop`
--

LOCK TABLES `productinshop` WRITE;
/*!40000 ALTER TABLE `productinshop` DISABLE KEYS */;
/*!40000 ALTER TABLE `productinshop` ENABLE KEYS */;
UNLOCK TABLES;

--
-- Table structure for table `productlevel`
--

DROP TABLE IF EXISTS `productlevel`;
/*!40101 SET @saved_cs_client     = @@character_set_client */;
/*!40101 SET character_set_client = utf8 */;
CREATE TABLE `productlevel` (
  `ProductLevelID` int(11) NOT NULL DEFAULT '0',
  `ProductLevelCode` varchar(10) DEFAULT NULL,
  `ProductLevelName` varchar(50) DEFAULT NULL,
  `IsShop` tinyint(2) NOT NULL DEFAULT '0',
  `ShowInReport` tinyint(4) NOT NULL DEFAULT '1',
  `ShopTypeID` smallint(6) NOT NULL DEFAULT '0',
  `FastFoodType` tinyint(2) NOT NULL DEFAULT '0',
  `TableType` tinyint(2) NOT NULL DEFAULT '0',
  `AccountID` int(11) NOT NULL DEFAULT '0',
  `ProductLevelOrder` int(11) NOT NULL DEFAULT '1',
  `OpenHour` datetime DEFAULT NULL,
  `CloseHour` datetime DEFAULT NULL,
  `Deleted` tinyint(2) NOT NULL DEFAULT '0',
  `ShopType` tinyint(4) NOT NULL DEFAULT '1',
  `IsInv` tinyint(2) NOT NULL DEFAULT '0',
  `StockToInvID` int(11) NOT NULL DEFAULT '0',
  `IsStockAtRealTime` tinyint(4) NOT NULL DEFAULT '1',
  `IsBranch` tinyint(2) NOT NULL DEFAULT '0',
  `FranchiseType` tinyint(4) NOT NULL DEFAULT '0',
  `StockInventoryCode` varchar(50) DEFAULT NULL,
  `ShowInProfitLossReport` tinyint(2) NOT NULL DEFAULT '0',
  `PrintVATInReceipt` tinyint(2) NOT NULL DEFAULT '0',
  `DisplayReceiptVATableType` tinyint(4) NOT NULL DEFAULT '1',
  `PrintSummaryEachPromotionDetailInBill` tinyint(2) NOT NULL DEFAULT '0',
  `PrintSummaryProductGroupInBill` tinyint(2) NOT NULL DEFAULT '0',
  `PrintAveragePricePerCustomer` tinyint(4) NOT NULL DEFAULT '0',
  `PrintOpenTimeInReceipt` tinyint(4) NOT NULL DEFAULT '0',
  `PrintReferenceBarCodeInReceipt` tinyint(4) NOT NULL DEFAULT '0',
  `PrintBarCodeForCouponVoucherInReciept` tinyint(4) NOT NULL DEFAULT '0',
  `AllowEditPrintedOrder` tinyint(2) NOT NULL DEFAULT '0',
  `ServiceCharge` decimal(5,2) NOT NULL DEFAULT '0.00',
  `IsServiceChargeIncludeVAT` tinyint(2) NOT NULL DEFAULT '0',
  `ServiceChargeType` tinyint(4) NOT NULL DEFAULT '1',
  `CalculateServiceChargeWhenFreeBill` tinyint(4) NOT NULL DEFAULT '1',
  `FastFoodVoidOrder` tinyint(2) NOT NULL DEFAULT '0',
  `FastFoodAddCustomerDetailForNewTransaction` int(11) NOT NULL DEFAULT '1',
  `SpaIgnoreStaffWhenReserve` tinyint(2) NOT NULL DEFAULT '0',
  `SpaIgnoreRoomWhenReserve` tinyint(2) NOT NULL DEFAULT '0',
  `SpaIgnoreStaffAtFront` tinyint(2) NOT NULL DEFAULT '0',
  `SpaIgnoreRoomAtFront` tinyint(2) NOT NULL DEFAULT '0',
  `OrderSpaStaffByQueue` tinyint(2) NOT NULL DEFAULT '0',
  `bufferLateTime` int(11) NOT NULL DEFAULT '0',
  `DatabaseName` varchar(100) DEFAULT NULL,
  `IPAddress` varchar(50) DEFAULT NULL,
  `PrintFunction` int(11) NOT NULL DEFAULT '0',
  `CanCustomReceiptSelectPrinter` tinyint(2) NOT NULL DEFAULT '0',
  `PrintCustomerDetailInBill` tinyint(2) NOT NULL DEFAULT '0',
  `PrintProductComponentAmountToKitchen` tinyint(4) NOT NULL DEFAULT '0',
  `RefreshpRoMiSeFrontTransaction` int(11) NOT NULL DEFAULT '60',
  `DisplayTransactionTime` tinyint(2) NOT NULL DEFAULT '0',
  `InsertStaffWhenSubmitOrder` tinyint(2) NOT NULL DEFAULT '0',
  `PrintBillDetailBeforeCheckBill` tinyint(4) NOT NULL DEFAULT '0',
  `NoSlotInOneHour` tinyint(4) NOT NULL DEFAULT '6',
  `PrinterForPrintToKitchenCopy` tinyint(4) NOT NULL DEFAULT '-1',
  `BudgetType` tinyint(4) NOT NULL DEFAULT '1',
  `PrintFlexibleProductDetailInBill` tinyint(2) NOT NULL DEFAULT '0',
  `OrderingPrintBillDetailBy` smallint(6) NOT NULL DEFAULT '3',
  `PrintStockOnlyInSession` tinyint(4) NOT NULL DEFAULT '0',
  `NoDayForDeleteHoldTransaction` tinyint(4) NOT NULL DEFAULT '0',
  `AllowMemberPayByOtherCard` tinyint(2) NOT NULL DEFAULT '0',
  `CanVoidOnlyInOneDay` tinyint(4) NOT NULL DEFAULT '1',
  `VoidSearchTimeCondition` tinyint(4) NOT NULL DEFAULT '0',
  `VoidSearchComputerCondition` tinyint(4) NOT NULL DEFAULT '0',
  `ReprintSearchTimeCondition` tinyint(4) NOT NULL DEFAULT '1',
  `ReprintSearchComputerCondition` tinyint(4) NOT NULL DEFAULT '0',
  `CalculateCostType` int(11) NOT NULL DEFAULT '0',
  `AutoCloseSessionWhenLogOff` tinyint(2) NOT NULL DEFAULT '0',
  `StartHourForCheckingCloseSession` datetime DEFAULT NULL,
  `EndHourForCheckingCloseSession` datetime DEFAULT NULL,
  `ListMaterialSetByMonthlyStock` tinyint(2) NOT NULL DEFAULT '0',
  `VoidBillProduceProductOption` tinyint(4) NOT NULL DEFAULT '1',
  `AllowMoveOrderAfterPrintBillDetail` tinyint(2) NOT NULL DEFAULT '0',
  `LockEditOrderAfterPrintBillDetail` tinyint(4) NOT NULL DEFAULT '0',
  `AllowAddCommentInOrder` tinyint(4) NOT NULL DEFAULT '0',
  `RequiredNoteMoveTableAndOrder` tinyint(4) NOT NULL DEFAULT '0',
  `RequiredNoteForReprintTransaction` tinyint(4) NOT NULL DEFAULT '0',
  `RequiredNoteForVoidTransaction` tinyint(4) NOT NULL DEFAULT '0',
  `RequiredNoteForVoidOrder` tinyint(4) NOT NULL DEFAULT '0',
  `RequiredNoteForPrintBillDetail` tinyint(4) NOT NULL DEFAULT '0',
  `HasCheckerSystem` tinyint(4) NOT NULL DEFAULT '0',
  `NotPrintOrderWhenCreateOrderProcess` tinyint(4) NOT NULL DEFAULT '0',
  `PrintOrderAfterFinishOrderProcess` tinyint(4) NOT NULL DEFAULT '0',
  `HasBuffetFeature` tinyint(4) NOT NULL DEFAULT '0',
  `BuffetWarningTime` smallint(6) NOT NULL DEFAULT '0',
  `BuffetTime` smallint(6) NOT NULL DEFAULT '0',
  `HasReserveFeature` tinyint(4) NOT NULL DEFAULT '0',
  `ReleaseReserveTime` smallint(6) NOT NULL DEFAULT '0',
  `HasSplitTransactionFeature` tinyint(2) NOT NULL DEFAULT '0',
  `HasRedeemFeature` tinyint(4) NOT NULL DEFAULT '0',
  `HasBankAccountFeature` tinyint(4) NOT NULL DEFAULT '0',
  `SearchMemberOnline` tinyint(4) NOT NULL DEFAULT '0',
  `HasCallForCheckBillFeature` tinyint(4) NOT NULL DEFAULT '0',
  `DisplayOrderBookRecord` tinyint(2) NOT NULL DEFAULT '0',
  `DefaultAddProductButton` tinyint(4) NOT NULL DEFAULT '0',
  `InsertStaffWorkingTime` tinyint(4) NOT NULL DEFAULT '0',
  `MasterShop` smallint(4) NOT NULL DEFAULT '0',
  `MasterShopLink` smallint(4) NOT NULL DEFAULT '0',
  `SynchronizeMemberGroup` text,
  `SynchronizeStaffRole` text,
  PRIMARY KEY (`ProductLevelID`)
) ENGINE=InnoDB DEFAULT CHARSET=utf8;
/*!40101 SET character_set_client = @saved_cs_client */;

--
-- Dumping data for table `productlevel`
--

LOCK TABLES `productlevel` WRITE;
/*!40000 ALTER TABLE `productlevel` DISABLE KEYS */;
INSERT INTO `productlevel` VALUES (1,'HQ','HQ',0,0,1,1,1,0,0,NULL,NULL,0,1,1,1,1,0,0,NULL,1,1,1,1,0,0,0,0,0,1,'0.00',0,2,1,0,0,0,0,0,0,0,0,'promise6','127.0.0.1',0,0,0,0,60,0,0,1,6,-1,1,0,3,0,0,0,1,0,0,0,0,0,0,NULL,NULL,0,2,0,1,1,0,0,0,0,0,1,0,0,0,5,3,0,15,1,0,0,0,0,0,0,0,0,0,NULL,NULL),(2,'01','SHOP',1,1,1,2,1,0,2,'2003-01-01 05:00:00','2003-01-01 00:00:00',0,1,1,0,1,0,0,'02',1,1,1,1,0,0,0,0,0,1,'10.00',0,2,1,0,0,0,0,0,0,0,0,'promise6','127.0.0.1',0,0,0,0,60,0,0,1,6,-1,1,0,3,0,0,0,1,0,0,0,0,0,0,NULL,NULL,0,2,0,1,1,0,0,0,0,0,1,0,0,0,5,3,0,0,1,0,0,0,0,0,0,0,0,0,NULL,NULL);
/*!40000 ALTER TABLE `productlevel` ENABLE KEYS */;
UNLOCK TABLES;

--
-- Table structure for table `productlevellinkproductgroup`
--

DROP TABLE IF EXISTS `productlevellinkproductgroup`;
/*!40101 SET @saved_cs_client     = @@character_set_client */;
/*!40101 SET character_set_client = utf8 */;
CREATE TABLE `productlevellinkproductgroup` (
  `ProductLevelID` int(11) NOT NULL DEFAULT '0',
  `ProductGroupID` int(11) NOT NULL DEFAULT '0',
  PRIMARY KEY (`ProductLevelID`,`ProductGroupID`)
) ENGINE=InnoDB DEFAULT CHARSET=tis620;
/*!40101 SET character_set_client = @saved_cs_client */;

--
-- Dumping data for table `productlevellinkproductgroup`
--

LOCK TABLES `productlevellinkproductgroup` WRITE;
/*!40000 ALTER TABLE `productlevellinkproductgroup` DISABLE KEYS */;
/*!40000 ALTER TABLE `productlevellinkproductgroup` ENABLE KEYS */;
UNLOCK TABLES;

--
-- Table structure for table `productnewgroup`
--

DROP TABLE IF EXISTS `productnewgroup`;
/*!40101 SET @saved_cs_client     = @@character_set_client */;
/*!40101 SET character_set_client = utf8 */;
CREATE TABLE `productnewgroup` (
  `ProductNewGroupID` int(11) NOT NULL DEFAULT '0',
  `ProductNewGroupCode` varchar(50) DEFAULT NULL,
  `ProductNewGroupName` varchar(100) DEFAULT NULL,
  `ProductNewGroupType` smallint(6) NOT NULL DEFAULT '0',
  `ProductNewGroupOrdering` tinyint(4) NOT NULL DEFAULT '0',
  PRIMARY KEY (`ProductNewGroupID`)
) ENGINE=InnoDB DEFAULT CHARSET=utf8;
/*!40101 SET character_set_client = @saved_cs_client */;

--
-- Dumping data for table `productnewgroup`
--

LOCK TABLES `productnewgroup` WRITE;
/*!40000 ALTER TABLE `productnewgroup` DISABLE KEYS */;
/*!40000 ALTER TABLE `productnewgroup` ENABLE KEYS */;
UNLOCK TABLES;

--
-- Table structure for table `productnewgroupmapping`
--

DROP TABLE IF EXISTS `productnewgroupmapping`;
/*!40101 SET @saved_cs_client     = @@character_set_client */;
/*!40101 SET character_set_client = utf8 */;
CREATE TABLE `productnewgroupmapping` (
  `ProductNewGroupID` int(11) NOT NULL DEFAULT '0',
  `ProductDeptCode` varchar(50) NOT NULL DEFAULT '',
  PRIMARY KEY (`ProductNewGroupID`,`ProductDeptCode`)
) ENGINE=InnoDB DEFAULT CHARSET=utf8;
/*!40101 SET character_set_client = @saved_cs_client */;

--
-- Dumping data for table `productnewgroupmapping`
--

LOCK TABLES `productnewgroupmapping` WRITE;
/*!40000 ALTER TABLE `productnewgroupmapping` DISABLE KEYS */;
/*!40000 ALTER TABLE `productnewgroupmapping` ENABLE KEYS */;
UNLOCK TABLES;

--
-- Table structure for table `productnewgrouptype`
--

DROP TABLE IF EXISTS `productnewgrouptype`;
/*!40101 SET @saved_cs_client     = @@character_set_client */;
/*!40101 SET character_set_client = utf8 */;
CREATE TABLE `productnewgrouptype` (
  `ProductNewGroupType` int(11) NOT NULL DEFAULT '0',
  `ProductNewGroupTypeName` varchar(100) DEFAULT NULL,
  PRIMARY KEY (`ProductNewGroupType`)
) ENGINE=InnoDB DEFAULT CHARSET=utf8;
/*!40101 SET character_set_client = @saved_cs_client */;

--
-- Dumping data for table `productnewgrouptype`
--

LOCK TABLES `productnewgrouptype` WRITE;
/*!40000 ALTER TABLE `productnewgrouptype` DISABLE KEYS */;
/*!40000 ALTER TABLE `productnewgrouptype` ENABLE KEYS */;
UNLOCK TABLES;

--
-- Table structure for table `productnotinrevenuetype`
--

DROP TABLE IF EXISTS `productnotinrevenuetype`;
/*!40101 SET @saved_cs_client     = @@character_set_client */;
/*!40101 SET character_set_client = utf8 */;
CREATE TABLE `productnotinrevenuetype` (
  `NotInRevenueID` int(11) NOT NULL DEFAULT '0',
  `NotInRevenueName` varchar(50) DEFAULT NULL,
  `NotInRevenueDesp` text,
  PRIMARY KEY (`NotInRevenueID`)
) ENGINE=InnoDB DEFAULT CHARSET=utf8;
/*!40101 SET character_set_client = @saved_cs_client */;

--
-- Dumping data for table `productnotinrevenuetype`
--

LOCK TABLES `productnotinrevenuetype` WRITE;
/*!40000 ALTER TABLE `productnotinrevenuetype` DISABLE KEYS */;
INSERT INTO `productnotinrevenuetype` VALUES (1,'Package(s)','Product Course'),(2,'Prepaid','Product Prepaid');
/*!40000 ALTER TABLE `productnotinrevenuetype` ENABLE KEYS */;
UNLOCK TABLES;

--
-- Table structure for table `productprepaidsetting`
--

DROP TABLE IF EXISTS `productprepaidsetting`;
/*!40101 SET @saved_cs_client     = @@character_set_client */;
/*!40101 SET character_set_client = utf8 */;
CREATE TABLE `productprepaidsetting` (
  `ProductPrepaidID` int(11) NOT NULL DEFAULT '0',
  `AddPrepaidAmount` decimal(18,4) NOT NULL DEFAULT '0.0000',
  `ExpireDate` date DEFAULT NULL,
  `ExpireDateAfterCreate` int(11) NOT NULL DEFAULT '-1',
  `ForMemberOnly` tinyint(4) NOT NULL DEFAULT '0',
  `Updatedate` datetime DEFAULT NULL,
  PRIMARY KEY (`ProductPrepaidID`)
) ENGINE=InnoDB DEFAULT CHARSET=utf8;
/*!40101 SET character_set_client = @saved_cs_client */;

--
-- Dumping data for table `productprepaidsetting`
--

LOCK TABLES `productprepaidsetting` WRITE;
/*!40000 ALTER TABLE `productprepaidsetting` DISABLE KEYS */;
/*!40000 ALTER TABLE `productprepaidsetting` ENABLE KEYS */;
UNLOCK TABLES;

--
-- Table structure for table `productprice`
--

DROP TABLE IF EXISTS `productprice`;
/*!40101 SET @saved_cs_client     = @@character_set_client */;
/*!40101 SET character_set_client = utf8 */;
CREATE TABLE `productprice` (
  `ProductPriceID` int(11) NOT NULL DEFAULT '0',
  `ProductID` int(11) DEFAULT NULL,
  `ProductPrice` decimal(18,4) DEFAULT NULL,
  `MainPrice` int(11) NOT NULL DEFAULT '1',
  `SaleMode` tinyint(4) NOT NULL DEFAULT '1',
  `PriceRemark` varchar(100) DEFAULT NULL,
  `PrepaidPrice` decimal(18,4) NOT NULL DEFAULT '0.0000',
  `FromDate` datetime NOT NULL DEFAULT '2000-01-01 00:00:00',
  `ToDate` datetime NOT NULL DEFAULT '9999-01-01 00:00:00',
  `AddingFromBranch` int(11) NOT NULL DEFAULT '0',
  PRIMARY KEY (`ProductPriceID`,`FromDate`,`ToDate`),
  KEY `ProductPriceIndex` (`ProductID`)
) ENGINE=InnoDB DEFAULT CHARSET=utf8;
/*!40101 SET character_set_client = @saved_cs_client */;

--
-- Dumping data for table `productprice`
--

LOCK TABLES `productprice` WRITE;
/*!40000 ALTER TABLE `productprice` DISABLE KEYS */;
INSERT INTO `productprice` VALUES (200001,200002,'5.0000',1,1,NULL,'0.0000','2000-01-01 00:00:00','9999-01-01 00:00:00',0),(200002,200002,'5.0000',1,2,NULL,'0.0000','2000-01-01 00:00:00','9999-01-01 00:00:00',0),(200005,200006,'20.0000',1,1,NULL,'0.0000','2000-01-01 00:00:00','9999-01-01 00:00:00',0),(200006,200006,'25.0000',1,2,NULL,'0.0000','2000-01-01 00:00:00','9999-01-01 00:00:00',0),(200007,200007,'120.0000',1,1,NULL,'0.0000','2000-01-01 00:00:00','9999-01-01 00:00:00',0),(200008,200007,'105.0000',1,2,NULL,'0.0000','2000-01-01 00:00:00','9999-01-01 00:00:00',0),(200009,200003,'100.0000',1,1,NULL,'0.0000','2000-01-01 00:00:00','9999-01-01 00:00:00',0),(200010,200003,'105.0000',1,2,NULL,'0.0000','2000-01-01 00:00:00','9999-01-01 00:00:00',0),(200011,200004,'100.0000',1,1,NULL,'0.0000','2000-01-01 00:00:00','9999-01-01 00:00:00',0),(200012,200004,'105.0000',1,2,NULL,'0.0000','2000-01-01 00:00:00','9999-01-01 00:00:00',0),(200013,200008,'10.0000',1,1,NULL,'0.0000','2000-01-01 00:00:00','9999-01-01 00:00:00',0),(200014,200008,'10.0000',1,2,NULL,'0.0000','2000-01-01 00:00:00','9999-01-01 00:00:00',0),(200015,200009,'100.0000',1,1,NULL,'0.0000','2000-01-01 00:00:00','9999-01-01 00:00:00',0),(200016,200009,'105.0000',1,2,NULL,'0.0000','2000-01-01 00:00:00','9999-01-01 00:00:00',0),(200017,200010,'30.0000',1,1,NULL,'0.0000','2000-01-01 00:00:00','9999-01-01 00:00:00',0),(200018,200010,'35.0000',1,2,NULL,'0.0000','2000-01-01 00:00:00','9999-01-01 00:00:00',0),(200019,200011,'20.0000',1,1,NULL,'0.0000','2000-01-01 00:00:00','9999-01-01 00:00:00',0),(200020,200011,'25.0000',1,2,NULL,'0.0000','2000-01-01 00:00:00','9999-01-01 00:00:00',0),(200021,200012,'50.0000',1,1,NULL,'0.0000','2000-01-01 00:00:00','9999-01-01 00:00:00',0),(200022,200012,'55.0000',1,2,NULL,'0.0000','2000-01-01 00:00:00','9999-01-01 00:00:00',0),(200023,200013,'300.0000',1,1,NULL,'0.0000','2000-01-01 00:00:00','9999-01-01 00:00:00',0),(200024,200013,'305.0000',1,2,NULL,'0.0000','2000-01-01 00:00:00','9999-01-01 00:00:00',0);
/*!40000 ALTER TABLE `productprice` ENABLE KEYS */;
UNLOCK TABLES;

--
-- Table structure for table `productpricegroup`
--

DROP TABLE IF EXISTS `productpricegroup`;
/*!40101 SET @saved_cs_client     = @@character_set_client */;
/*!40101 SET character_set_client = utf8 */;
CREATE TABLE `productpricegroup` (
  `PriceGroupID` smallint(6) NOT NULL,
  `PriceGroupName` varchar(50) DEFAULT NULL,
  `Deleted` tinyint(4) NOT NULL DEFAULT '0',
  PRIMARY KEY (`PriceGroupID`)
) ENGINE=InnoDB DEFAULT CHARSET=tis620;
/*!40101 SET character_set_client = @saved_cs_client */;

--
-- Dumping data for table `productpricegroup`
--

LOCK TABLES `productpricegroup` WRITE;
/*!40000 ALTER TABLE `productpricegroup` DISABLE KEYS */;
/*!40000 ALTER TABLE `productpricegroup` ENABLE KEYS */;
UNLOCK TABLES;

--
-- Table structure for table `productpricegroupdata`
--

DROP TABLE IF EXISTS `productpricegroupdata`;
/*!40101 SET @saved_cs_client     = @@character_set_client */;
/*!40101 SET character_set_client = utf8 */;
CREATE TABLE `productpricegroupdata` (
  `PriceGroupDateID` smallint(6) NOT NULL,
  `PriceGroupID` smallint(6) NOT NULL,
  `ProductPriceID` int(11) NOT NULL DEFAULT '0',
  `ProductID` int(11) DEFAULT NULL,
  `ProductPrice` decimal(18,4) DEFAULT NULL,
  `MainPrice` int(11) NOT NULL DEFAULT '1',
  `SaleMode` tinyint(4) NOT NULL DEFAULT '1',
  `PriceRemark` varchar(100) DEFAULT NULL,
  `PrepaidPrice` decimal(18,4) NOT NULL DEFAULT '0.0000',
  `AddingFromBranch` int(11) NOT NULL DEFAULT '0',
  PRIMARY KEY (`PriceGroupDateID`,`PriceGroupID`,`ProductPriceID`),
  KEY `ProductPriceIndex` (`ProductID`),
  KEY `ProductPriceLinkIndex` (`PriceGroupID`,`PriceGroupDateID`)
) ENGINE=InnoDB DEFAULT CHARSET=tis620;
/*!40101 SET character_set_client = @saved_cs_client */;

--
-- Dumping data for table `productpricegroupdata`
--

LOCK TABLES `productpricegroupdata` WRITE;
/*!40000 ALTER TABLE `productpricegroupdata` DISABLE KEYS */;
/*!40000 ALTER TABLE `productpricegroupdata` ENABLE KEYS */;
UNLOCK TABLES;

--
-- Table structure for table `productpricegroupdate`
--

DROP TABLE IF EXISTS `productpricegroupdate`;
/*!40101 SET @saved_cs_client     = @@character_set_client */;
/*!40101 SET character_set_client = utf8 */;
CREATE TABLE `productpricegroupdate` (
  `PriceGroupDateID` smallint(6) NOT NULL,
  `PriceGroupID` smallint(6) NOT NULL,
  `FromDate` datetime NOT NULL DEFAULT '2000-01-01 00:00:00',
  `ToDate` datetime NOT NULL DEFAULT '2200-01-01 00:00:00',
  `Deleted` tinyint(4) NOT NULL DEFAULT '0',
  PRIMARY KEY (`PriceGroupDateID`,`PriceGroupID`)
) ENGINE=InnoDB DEFAULT CHARSET=tis620;
/*!40101 SET character_set_client = @saved_cs_client */;

--
-- Dumping data for table `productpricegroupdate`
--

LOCK TABLES `productpricegroupdate` WRITE;
/*!40000 ALTER TABLE `productpricegroupdate` DISABLE KEYS */;
/*!40000 ALTER TABLE `productpricegroupdate` ENABLE KEYS */;
UNLOCK TABLES;

--
-- Table structure for table `productpricegroupshop`
--

DROP TABLE IF EXISTS `productpricegroupshop`;
/*!40101 SET @saved_cs_client     = @@character_set_client */;
/*!40101 SET character_set_client = utf8 */;
CREATE TABLE `productpricegroupshop` (
  `PriceGroupID` smallint(6) NOT NULL,
  `ShopID` int(11) NOT NULL,
  PRIMARY KEY (`PriceGroupID`,`ShopID`)
) ENGINE=InnoDB DEFAULT CHARSET=tis620;
/*!40101 SET character_set_client = @saved_cs_client */;

--
-- Dumping data for table `productpricegroupshop`
--

LOCK TABLES `productpricegroupshop` WRITE;
/*!40000 ALTER TABLE `productpricegroupshop` DISABLE KEYS */;
/*!40000 ALTER TABLE `productpricegroupshop` ENABLE KEYS */;
UNLOCK TABLES;

--
-- Table structure for table `productpriceoverwrite`
--

DROP TABLE IF EXISTS `productpriceoverwrite`;
/*!40101 SET @saved_cs_client     = @@character_set_client */;
/*!40101 SET character_set_client = utf8 */;
CREATE TABLE `productpriceoverwrite` (
  `ProductLevelID` int(11) NOT NULL DEFAULT '0',
  `ProductPriceID` int(11) NOT NULL DEFAULT '0',
  `ProductID` int(11) NOT NULL DEFAULT '0',
  `ProductPrice` decimal(18,4) NOT NULL DEFAULT '0.0000',
  `MainPrice` tinyint(4) NOT NULL DEFAULT '0',
  `SaleMode` tinyint(4) NOT NULL DEFAULT '1',
  `PriceRemark` varchar(100) DEFAULT NULL,
  `PrepaidPrice` decimal(18,4) NOT NULL DEFAULT '0.0000',
  `FromDate` datetime NOT NULL DEFAULT '2000-01-01 00:00:00',
  `ToDate` datetime NOT NULL DEFAULT '2200-01-01 00:00:00',
  `AddingFromBranch` tinyint(4) NOT NULL DEFAULT '0',
  PRIMARY KEY (`ProductLevelID`,`ProductPriceID`)
) ENGINE=InnoDB DEFAULT CHARSET=utf8;
/*!40101 SET character_set_client = @saved_cs_client */;

--
-- Dumping data for table `productpriceoverwrite`
--

LOCK TABLES `productpriceoverwrite` WRITE;
/*!40000 ALTER TABLE `productpriceoverwrite` DISABLE KEYS */;
/*!40000 ALTER TABLE `productpriceoverwrite` ENABLE KEYS */;
UNLOCK TABLES;

--
-- Table structure for table `productregion`
--

DROP TABLE IF EXISTS `productregion`;
/*!40101 SET @saved_cs_client     = @@character_set_client */;
/*!40101 SET character_set_client = utf8 */;
CREATE TABLE `productregion` (
  `RegionID` int(11) NOT NULL DEFAULT '0',
  `ProductLevelID` int(11) NOT NULL DEFAULT '0',
  `RegionName` varchar(100) DEFAULT NULL,
  `IP_Connection` varchar(50) DEFAULT NULL,
  `ConnectionType` tinyint(4) NOT NULL DEFAULT '0',
  `PhoneNumber` varchar(50) DEFAULT NULL,
  `AutoSend` tinyint(4) NOT NULL DEFAULT '0',
  `FTPUsername` varchar(100) DEFAULT NULL,
  `FTPPassword` varchar(100) DEFAULT NULL,
  `SuccessSynchronizeDataFrom` tinyint(4) NOT NULL DEFAULT '0',
  `LastSynchronizeDate` datetime DEFAULT NULL,
  PRIMARY KEY (`RegionID`,`ProductLevelID`)
) ENGINE=InnoDB DEFAULT CHARSET=utf8;
/*!40101 SET character_set_client = @saved_cs_client */;

--
-- Dumping data for table `productregion`
--

LOCK TABLES `productregion` WRITE;
/*!40000 ALTER TABLE `productregion` DISABLE KEYS */;
INSERT INTO `productregion` VALUES (1,1,'HQ','127.0.0.1',99,NULL,0,'ftpuser','123pwd',0,NULL);
/*!40000 ALTER TABLE `productregion` ENABLE KEYS */;
UNLOCK TABLES;

--
-- Table structure for table `products`
--

DROP TABLE IF EXISTS `products`;
/*!40101 SET @saved_cs_client     = @@character_set_client */;
/*!40101 SET character_set_client = utf8 */;
CREATE TABLE `products` (
  `ProductID` int(11) NOT NULL DEFAULT '0',
  `ProductDeptID` int(11) DEFAULT NULL,
  `ProductCode` varchar(50) DEFAULT NULL,
  `ProductBarCode` varchar(50) DEFAULT NULL,
  `ProductName` varchar(100) DEFAULT NULL,
  `ProductName1` varchar(100) DEFAULT NULL,
  `ProductPocketName` varchar(100) DEFAULT NULL,
  `ProductPictureServer` varchar(100) DEFAULT NULL,
  `ProductPictureClient` varchar(100) DEFAULT NULL,
  `DiscountAllow` tinyint(2) NOT NULL DEFAULT '0',
  `ZeroPriceAllow` tinyint(2) NOT NULL DEFAULT '0',
  `CommRate` tinyint(4) NOT NULL DEFAULT '0',
  `ProductActivate` tinyint(2) NOT NULL DEFAULT '0',
  `Deleted` tinyint(2) NOT NULL DEFAULT '0',
  `InsertDate` datetime DEFAULT NULL,
  `UpdateDate` datetime DEFAULT NULL,
  `GolfBall` tinyint(2) NOT NULL DEFAULT '0',
  `PrinterID` varchar(50) NOT NULL DEFAULT '-1',
  `PrintGroup` tinyint(2) NOT NULL DEFAULT '0',
  `ProductSet` tinyint(4) NOT NULL DEFAULT '0',
  `LimitDiscountAmount` decimal(10,4) NOT NULL DEFAULT '0.0000',
  `LimitDiscountPercent` decimal(10,4) NOT NULL DEFAULT '100.0000',
  `VATType` tinyint(4) NOT NULL DEFAULT '1',
  `DurationTime` int(11) NOT NULL DEFAULT '0',
  `ProductDesp` varchar(255) DEFAULT NULL,
  `HasServiceCharge` tinyint(2) NOT NULL DEFAULT '0',
  `RequireAddAmountForProduct` tinyint(4) NOT NULL DEFAULT '0',
  `PrintFlexibleProductFromItsOwnPrinter` tinyint(2) NOT NULL DEFAULT '0',
  `FlexibleProductIncludePrice` tinyint(2) NOT NULL DEFAULT '0',
  `TakeAway` int(11) NOT NULL DEFAULT '0',
  `ProductOrdering` smallint(6) NOT NULL DEFAULT '0',
  `PrintOrdering` smallint(6) NOT NULL DEFAULT '0',
  `IsOutOfStock` tinyint(2) NOT NULL DEFAULT '0',
  `IncreaseMaterialInStock` tinyint(2) NOT NULL DEFAULT '0',
  `CanReturnProduct` tinyint(2) NOT NULL DEFAULT '0',
  `DisplayAtCheckerSystem` tinyint(2) NOT NULL DEFAULT '0',
  `AddingFromBranch` int(11) NOT NULL DEFAULT '0',
  `ProductEnableDateTime` datetime DEFAULT NULL,
  `ProductExpireDateTime` datetime DEFAULT NULL,
  `ProductEnableDayString` varchar(100) DEFAULT NULL,
  `WarningTime` tinyint(4) NOT NULL DEFAULT '0',
  `CriticalTime` tinyint(4) NOT NULL DEFAULT '0',
  `SaleMode1` tinyint(4) NOT NULL DEFAULT '0',
  `SaleMode2` tinyint(4) NOT NULL DEFAULT '0',
  `SaleMode3` tinyint(4) NOT NULL DEFAULT '0',
  `SaleMode4` tinyint(4) NOT NULL DEFAULT '0',
  `SaleMode5` tinyint(4) NOT NULL DEFAULT '0',
  `ProductUnitName` varchar(50) DEFAULT NULL,
  PRIMARY KEY (`ProductID`),
  KEY `ProductDeptIndex` (`ProductDeptID`),
  KEY `ProductCodeIndex` (`ProductCode`)
) ENGINE=InnoDB DEFAULT CHARSET=utf8;
/*!40101 SET character_set_client = @saved_cs_client */;

--
-- Dumping data for table `products`
--

LOCK TABLES `products` WRITE;
/*!40000 ALTER TABLE `products` DISABLE KEYS */;
INSERT INTO `products` VALUES (200001,200001,'ctest1',NULL,'ทดสอบ','ทดสอบ EN','ทดสอบ PC',NULL,NULL,1,1,0,1,0,'2013-09-18 10:52:24','2013-09-18 10:53:26',0,'-1',0,14,'0.0000','100.0000',1,0,NULL,0,0,0,0,0,0,0,0,0,0,1,0,'2000-01-01 00:00:00','9999-01-01 00:00:00','',0,0,1,1,0,0,0,NULL),(200002,200001,'ctest2',NULL,'เพิ่ม5บาท','เพิ่ม5บาท EN','เพิ่ม5บาท PC',NULL,NULL,1,1,0,1,0,'2013-09-18 10:53:16','2013-09-18 10:53:16',0,'-1',0,15,'0.0000','100.0000',1,0,NULL,1,0,0,0,0,0,0,0,0,0,1,0,'2000-01-01 00:00:00','9999-01-01 00:00:00','',0,0,1,1,0,0,0,NULL),(200003,200002,'aa01','881101','Steak','Steak1','Steak2',NULL,NULL,1,1,0,1,0,'2013-09-18 10:55:00','2014-01-23 11:40:30',0,'2',1,0,'0.0000','100.0000',1,0,'Steak4',1,0,0,0,0,1,0,0,0,0,1,0,'2000-01-01 00:00:00','9999-01-01 00:00:00','',0,0,1,1,0,0,0,NULL),(200004,200002,'aa02','881102','Rice','Rice1','Rice2',NULL,NULL,1,1,0,1,0,'2013-09-18 10:57:10','2014-01-23 11:40:38',0,'2',1,0,'0.0000','100.0000',1,0,'Rice4',1,0,0,0,0,2,0,0,0,0,1,0,'2000-01-01 00:00:00','9999-01-01 00:00:00','',0,0,1,1,0,0,0,NULL),(200005,200002,'aa21','881121','Soup','Soup1','Soup2',NULL,NULL,1,1,0,1,0,'2013-09-18 10:59:10','2014-01-23 11:41:00',0,'2',1,2,'0.0000','100.0000',1,0,'Soup4',1,0,0,0,0,21,0,0,0,0,1,0,'2000-01-01 00:00:00','9999-01-01 00:00:00','',0,0,1,1,0,0,0,NULL),(200006,200003,'ab11','881111','Coke','Coke1','Coke2',NULL,NULL,1,1,0,1,0,'2013-09-18 11:01:38','2014-01-23 11:41:26',0,'3',1,0,'0.0000','100.0000',1,0,'Coke4',1,0,0,0,0,11,0,0,0,0,1,0,'2000-01-01 00:00:00','9999-01-01 00:00:00','',0,0,1,1,0,0,0,NULL),(200007,200002,'aa22','881122','ComboSET A','ComboSET1 A','ComboSET2 A',NULL,NULL,1,1,0,1,0,'2013-09-18 11:31:26','2014-01-23 11:41:06',0,'2',1,7,'0.0000','100.0000',1,0,'ComboSET4 A',1,0,1,0,0,22,0,0,0,0,1,0,'2000-01-01 00:00:00','9999-01-01 00:00:00','',0,0,1,1,0,0,0,NULL),(200008,200001,'ctest3',NULL,'เพิ่ม10บาท','เพิ่ม10บาท EN','เพิ่ม10บาท PC',NULL,NULL,1,1,0,1,0,'2013-09-28 11:03:12','2013-09-28 11:03:12',0,'-1',0,15,'0.0000','100.0000',1,0,NULL,1,0,0,0,0,0,0,0,0,0,1,0,'2000-01-01 00:00:00','9999-01-01 00:00:00','',0,0,1,1,0,0,0,NULL),(200009,200002,'aa03','881103','Salad','Salad1','Salad2',NULL,NULL,1,1,0,1,0,'2013-09-28 11:45:06','2014-01-23 10:54:50',0,'2',1,0,'0.0000','100.0000',1,0,'Salad4',1,0,0,0,0,3,0,0,0,0,1,0,'2000-01-01 00:00:00','9999-01-01 00:00:00','',0,0,1,1,0,0,0,NULL),(200010,200003,'ab12',NULL,'Beer','Beer1','Beer2',NULL,NULL,1,1,0,1,0,'2013-09-28 11:50:12','2014-01-23 10:59:36',0,'3',1,0,'0.0000','100.0000',1,0,'Beer4',1,0,0,0,0,12,0,0,0,0,1,0,'2000-01-01 00:00:00','9999-01-01 00:00:00','',0,0,1,1,0,0,0,NULL),(200011,200002,'aa04',NULL,'Soup M','Soup1 M','Soup2 M',NULL,NULL,1,1,0,0,0,'2013-11-06 17:01:04','2014-01-23 10:56:24',0,'2',1,0,'0.0000','100.0000',1,0,'Soup4 M',1,0,0,0,0,4,0,0,0,0,1,0,'2000-01-01 00:00:00','9999-01-01 00:00:00','',0,0,1,1,0,0,0,NULL),(200012,200002,'aa05',NULL,'Soup XL','Soup1 XL','Soup2 XL',NULL,NULL,1,1,0,0,0,'2013-11-06 17:02:52','2014-01-23 10:57:15',0,'2',1,0,'0.0000','100.0000',1,0,'Soup4 XL',1,0,0,0,0,5,0,0,0,0,1,0,'2000-01-01 00:00:00','9999-01-01 00:00:00','',0,0,1,1,0,0,0,NULL),(200013,200002,'aa23','881123','ComboSET B','ComboSET1 B','ComboSET2 B',NULL,NULL,1,1,0,1,0,'2013-11-06 17:06:08','2014-01-23 10:58:36',0,'2',1,7,'0.0000','100.0000',1,0,'ComboSET4 B',1,0,1,0,0,24,0,0,0,0,1,0,'2000-01-01 00:00:00','9999-01-01 00:00:00','',0,0,1,1,0,0,0,NULL),(200014,200001,'ctest4',NULL,'ไม่ผงชูรส','',NULL,NULL,NULL,1,1,0,1,0,'2014-01-22 18:39:08','2014-01-22 18:40:32',0,'-1',0,14,'0.0000','100.0000',1,0,NULL,0,0,0,0,0,0,0,0,0,0,1,0,'2000-01-01 00:00:00','9999-01-01 00:00:00','',0,0,1,1,0,0,0,NULL),(200015,200001,'ctest5',NULL,'ไม่เผ็ด','',NULL,NULL,NULL,1,1,0,1,0,'2014-01-22 18:40:15','2014-01-22 18:40:15',0,'-1',0,14,'0.0000','100.0000',1,0,NULL,0,0,0,0,0,0,0,0,0,0,1,0,'2000-01-01 00:00:00','9999-01-01 00:00:00','',0,0,1,1,0,0,0,NULL);
/*!40000 ALTER TABLE `products` ENABLE KEYS */;
UNLOCK TABLES;

--
-- Table structure for table `productshopoverwrite`
--

DROP TABLE IF EXISTS `productshopoverwrite`;
/*!40101 SET @saved_cs_client     = @@character_set_client */;
/*!40101 SET character_set_client = utf8 */;
CREATE TABLE `productshopoverwrite` (
  `ProductLevelID` int(11) NOT NULL DEFAULT '0',
  `ProductID` int(11) NOT NULL DEFAULT '0',
  `ProductDeptID` int(11) NOT NULL DEFAULT '0',
  `ProductCode` varchar(50) DEFAULT NULL,
  `ProductBarCode` varchar(100) DEFAULT NULL,
  `ProductName` varchar(100) DEFAULT NULL,
  `ProductName1` varchar(100) DEFAULT NULL,
  `ProductPocketName` varchar(100) DEFAULT NULL,
  `ProductPictureServer` varchar(100) DEFAULT NULL,
  `ProductPictureClient` varchar(100) DEFAULT NULL,
  `DiscountAllow` tinyint(4) NOT NULL DEFAULT '0',
  `ZeroPriceAllow` tinyint(4) NOT NULL DEFAULT '0',
  `CommRate` tinyint(4) NOT NULL DEFAULT '0',
  `ProductActivate` tinyint(4) NOT NULL DEFAULT '1',
  `Deleted` tinyint(4) NOT NULL DEFAULT '0',
  `InsertDate` datetime DEFAULT NULL,
  `UpdateDate` datetime DEFAULT NULL,
  `GolfBall` tinyint(2) NOT NULL DEFAULT '0',
  `PrinterID` varchar(50) DEFAULT NULL,
  `PrintGroup` tinyint(4) NOT NULL DEFAULT '0',
  `ProductSet` tinyint(4) NOT NULL DEFAULT '0',
  `LimitDiscountAmount` decimal(10,4) NOT NULL DEFAULT '0.0000',
  `LimitDiscountPercent` decimal(10,4) NOT NULL DEFAULT '0.0000',
  `VATType` tinyint(4) NOT NULL DEFAULT '1',
  `DurationTime` int(11) NOT NULL DEFAULT '0',
  `ProductDesp` text,
  `HasServiceCharge` tinyint(4) NOT NULL DEFAULT '0',
  `RequireAddAmountForProduct` tinyint(4) NOT NULL DEFAULT '0',
  `PrintFlexibleProductFromItsOwnPrinter` tinyint(4) NOT NULL DEFAULT '0',
  `FlexibleProductIncludePrice` tinyint(4) NOT NULL DEFAULT '0',
  `TakeAway` int(11) NOT NULL DEFAULT '0',
  `ProductOrdering` smallint(6) NOT NULL DEFAULT '0',
  `PrintOrdering` smallint(6) NOT NULL DEFAULT '0',
  `IsOutOfStock` tinyint(4) NOT NULL DEFAULT '0',
  `IncreaseMaterialInStock` tinyint(4) NOT NULL DEFAULT '0',
  `CanReturnProduct` tinyint(4) NOT NULL DEFAULT '0',
  `DisplayAtCheckerSystem` tinyint(4) NOT NULL DEFAULT '0',
  `AddingFromBranch` int(11) NOT NULL DEFAULT '0',
  `ProductEnableDateTime` datetime DEFAULT NULL,
  `ProductExpireDateTime` datetime DEFAULT NULL,
  `ProductEnableDayString` varchar(100) DEFAULT NULL,
  `WarningTime` tinyint(4) NOT NULL DEFAULT '10',
  `CriticalTime` tinyint(4) NOT NULL DEFAULT '15',
  `SaleMode1` int(11) NOT NULL DEFAULT '0',
  `SaleMode2` int(11) NOT NULL DEFAULT '0',
  `SaleMode3` int(11) NOT NULL DEFAULT '0',
  `SaleMode4` int(11) NOT NULL DEFAULT '0',
  `SaleMode5` int(11) NOT NULL DEFAULT '0',
  `ProductUnitName` varchar(50) DEFAULT NULL,
  PRIMARY KEY (`ProductLevelID`,`ProductID`)
) ENGINE=InnoDB DEFAULT CHARSET=utf8;
/*!40101 SET character_set_client = @saved_cs_client */;

--
-- Dumping data for table `productshopoverwrite`
--

LOCK TABLES `productshopoverwrite` WRITE;
/*!40000 ALTER TABLE `productshopoverwrite` DISABLE KEYS */;
/*!40000 ALTER TABLE `productshopoverwrite` ENABLE KEYS */;
UNLOCK TABLES;

--
-- Table structure for table `productstocktoinvsetting`
--

DROP TABLE IF EXISTS `productstocktoinvsetting`;
/*!40101 SET @saved_cs_client     = @@character_set_client */;
/*!40101 SET character_set_client = utf8 */;
CREATE TABLE `productstocktoinvsetting` (
  `SettingID` int(11) NOT NULL AUTO_INCREMENT,
  `SettingTypeID` tinyint(4) NOT NULL DEFAULT '0',
  `StockInventoryCode` varchar(50) DEFAULT NULL,
  `StockInventoryID` int(11) NOT NULL DEFAULT '0',
  `ForGroupCode` varchar(50) DEFAULT NULL,
  `ForGroupID` int(11) NOT NULL DEFAULT '0',
  PRIMARY KEY (`SettingID`)
) ENGINE=InnoDB DEFAULT CHARSET=tis620;
/*!40101 SET character_set_client = @saved_cs_client */;

--
-- Dumping data for table `productstocktoinvsetting`
--

LOCK TABLES `productstocktoinvsetting` WRITE;
/*!40000 ALTER TABLE `productstocktoinvsetting` DISABLE KEYS */;
/*!40000 ALTER TABLE `productstocktoinvsetting` ENABLE KEYS */;
UNLOCK TABLES;

--
-- Table structure for table `productstocktoinvsettingtypedescription`
--

DROP TABLE IF EXISTS `productstocktoinvsettingtypedescription`;
/*!40101 SET @saved_cs_client     = @@character_set_client */;
/*!40101 SET character_set_client = utf8 */;
CREATE TABLE `productstocktoinvsettingtypedescription` (
  `SettingTypeID` tinyint(4) NOT NULL DEFAULT '0',
  `Description` varchar(50) DEFAULT NULL,
  PRIMARY KEY (`SettingTypeID`)
) ENGINE=InnoDB DEFAULT CHARSET=tis620;
/*!40101 SET character_set_client = @saved_cs_client */;

--
-- Dumping data for table `productstocktoinvsettingtypedescription`
--

LOCK TABLES `productstocktoinvsettingtypedescription` WRITE;
/*!40000 ALTER TABLE `productstocktoinvsettingtypedescription` DISABLE KEYS */;
INSERT INTO `productstocktoinvsettingtypedescription` VALUES (1,'ProductGroupCode To Stock Setting');
/*!40000 ALTER TABLE `productstocktoinvsettingtypedescription` ENABLE KEYS */;
UNLOCK TABLES;

--
-- Table structure for table `producttargetshop`
--

DROP TABLE IF EXISTS `producttargetshop`;
/*!40101 SET @saved_cs_client     = @@character_set_client */;
/*!40101 SET character_set_client = utf8 */;
CREATE TABLE `producttargetshop` (
  `ProductLevelID` int(11) NOT NULL DEFAULT '0',
  `TargetDate` datetime NOT NULL DEFAULT '0000-00-00 00:00:00',
  `Target` decimal(18,4) DEFAULT NULL,
  PRIMARY KEY (`ProductLevelID`,`TargetDate`)
) ENGINE=InnoDB DEFAULT CHARSET=utf8;
/*!40101 SET character_set_client = @saved_cs_client */;

--
-- Dumping data for table `producttargetshop`
--

LOCK TABLES `producttargetshop` WRITE;
/*!40000 ALTER TABLE `producttargetshop` DISABLE KEYS */;
/*!40000 ALTER TABLE `producttargetshop` ENABLE KEYS */;
UNLOCK TABLES;

--
-- Table structure for table `producttype`
--

DROP TABLE IF EXISTS `producttype`;
/*!40101 SET @saved_cs_client     = @@character_set_client */;
/*!40101 SET character_set_client = utf8 */;
CREATE TABLE `producttype` (
  `ProductTypeID` int(11) NOT NULL DEFAULT '0',
  `Description` varchar(50) DEFAULT NULL,
  `ProductType` tinyint(4) NOT NULL DEFAULT '0',
  `CalculateProfitLoss` tinyint(4) NOT NULL DEFAULT '0',
  `ComponentLevel` tinyint(4) NOT NULL DEFAULT '1',
  `ShowInFront` tinyint(2) NOT NULL DEFAULT '0',
  `CalculateCommissionInPackage` tinyint(2) NOT NULL DEFAULT '0',
  `NotInRevenue` tinyint(4) NOT NULL DEFAULT '0',
  `WeightPriceForRevenue` tinyint(2) NOT NULL DEFAULT '0',
  `CalculateSaleMaterialLevel` tinyint(4) NOT NULL DEFAULT '0',
  `CanSplitOrder` tinyint(2) NOT NULL DEFAULT '0',
  `ProductTotalPriceRoundingType` tinyint(4) NOT NULL DEFAULT '0',
  PRIMARY KEY (`ProductTypeID`)
) ENGINE=InnoDB DEFAULT CHARSET=utf8;
/*!40101 SET character_set_client = @saved_cs_client */;

--
-- Dumping data for table `producttype`
--

LOCK TABLES `producttype` WRITE;
/*!40000 ALTER TABLE `producttype` DISABLE KEYS */;
INSERT INTO `producttype` VALUES (-17,'Mirror For Product In Session Package',0,1,1,1,0,0,0,1,0,0),(-16,'Mirror For Product In ProductSet In Session Packag',0,1,1,1,0,0,0,0,0,0),(-15,'Mirror For ProductSet In Session Package',0,1,1,1,0,0,0,2,0,0),(-6,'Mirror For Product In Flexible ProductSet',0,0,1,0,0,0,0,1,0,0),(-4,'Mirror For Product In Package',0,1,1,1,0,0,1,1,1,0),(-3,'Mirror For Product In ProductSet In Package',0,0,1,0,0,0,0,0,0,0),(-2,'Mirror For Product Set In Package',0,1,1,1,0,0,1,2,1,0),(-1,'Mirror For Product In Product Set',0,0,1,0,0,0,0,0,0,0),(0,'Normal Product',1,1,1,1,0,0,0,1,1,0),(1,'ProductSet',1,1,2,1,1,0,0,2,1,0),(2,'ProductSize',2,0,2,0,0,0,0,0,0,0),(3,'Spa Product',3,1,1,1,1,0,0,1,1,0),(4,'Package Product',3,0,2,1,0,1,0,0,0,0),(5,'Amounted Product (Kg.)',2,1,1,0,0,0,0,1,1,0),(6,'Flexible ProductSet',2,1,2,1,0,0,0,0,1,0),(7,'Group Of Flexible ProductSet',2,1,2,1,0,0,0,0,1,0),(8,'Group Of Salon Product',0,1,1,1,0,0,0,0,0,0),(9,'Salon Product',0,1,1,1,0,0,0,1,0,0),(10,'Prepaid Product',0,1,1,1,0,0,0,0,0,0),(11,'Smartcard Product',0,1,1,1,0,0,0,0,0,0),(12,'Spa Product > 1 Staff',3,1,1,1,1,0,0,1,0,0),(14,'Normal Comment',4,0,1,0,0,0,0,0,0,0),(15,'Comment With Price',4,0,1,0,0,0,0,0,1,0),(16,'Transaction Comment',5,0,1,0,0,0,0,0,1,0),(17,'Session Package Product',0,1,2,1,0,0,0,0,0,0),(18,'Prepaid Package Product',0,1,2,1,0,0,0,0,0,0);
/*!40000 ALTER TABLE `producttype` ENABLE KEYS */;
UNLOCK TABLES;

--
-- Table structure for table `producttypename`
--

DROP TABLE IF EXISTS `producttypename`;
/*!40101 SET @saved_cs_client     = @@character_set_client */;
/*!40101 SET character_set_client = utf8 */;
CREATE TABLE `producttypename` (
  `ProductTypeID` int(11) NOT NULL DEFAULT '0',
  `LangID` int(11) NOT NULL DEFAULT '0',
  `ProductTypeName` varchar(50) DEFAULT NULL,
  `DisplayOrder` int(11) NOT NULL DEFAULT '0',
  PRIMARY KEY (`ProductTypeID`,`LangID`)
) ENGINE=InnoDB DEFAULT CHARSET=utf8;
/*!40101 SET character_set_client = @saved_cs_client */;

--
-- Dumping data for table `producttypename`
--

LOCK TABLES `producttypename` WRITE;
/*!40000 ALTER TABLE `producttypename` DISABLE KEYS */;
INSERT INTO `producttypename` VALUES (0,1,'Normal Product',0),(0,2,'เป็นสินค้า',0),(1,1,'Set of Product',1),(1,2,'ชุดสินค้า',1),(2,1,'Multiple Size Product',2),(2,2,'สินค้าหลายขนาด',2),(3,1,'Spa Product',4),(3,2,'สินค้าบริการ',4),(4,1,'Spa Package Product',5),(4,2,'Package สินค้าบริการ',5),(5,1,'Amounted Product',3),(5,2,'สินค้าที่ต้องใส่จำนวน',3),(6,1,'Set of Selectable Product',6),(6,2,'เป็นชุดสินค้าที่เลือกได้',6),(7,1,'Group of Selectable Product',7),(7,2,'เป็นกลุ่มสินค้าที่เลือกได้',7),(8,1,'Group Of Salon Product',8),(8,2,'กลุ่มสินค้า Salon',8),(9,1,'Salon Product',8),(9,2,'สินค้า Salon',8),(10,1,'Prepaid Barcode Product',9),(10,2,'บัตร Prepaid Barcode',9),(11,1,'Smarcard Product',10),(11,2,'บัตร Smartcard',10),(12,1,'Spa Product Use Staff > 1',10),(12,2,'สินค้าบริการที่ใช้พนักงานมากกว่า 1 คน',11),(14,1,'Product Comment',20),(14,2,'comment ของสินค้า',20),(15,1,'Product Comment with Price',25),(15,2,'comment ของสินค้าที่มีราคา',25),(16,1,'Transaction Comment',30),(16,2,'comment ของบิล',30),(17,1,'Spa Session Package Product',31),(17,2,'Package สินค้าบริการตัดแบบหน่วย',31),(18,1,'Spa Prepaid Package Product',32),(18,2,'Package สินค้าบริการตัดแบบจำนวนเงิน',32);
/*!40000 ALTER TABLE `producttypename` ENABLE KEYS */;
UNLOCK TABLES;

--
-- Table structure for table `productupsizedetail`
--

DROP TABLE IF EXISTS `productupsizedetail`;
/*!40101 SET @saved_cs_client     = @@character_set_client */;
/*!40101 SET character_set_client = utf8 */;
CREATE TABLE `productupsizedetail` (
  `UpSizeProductCode` varchar(50) NOT NULL DEFAULT '',
  `ChangeFromProductCode` varchar(50) NOT NULL DEFAULT '',
  `ChangeToProductCode` varchar(50) NOT NULL DEFAULT '',
  PRIMARY KEY (`UpSizeProductCode`,`ChangeFromProductCode`)
) ENGINE=InnoDB DEFAULT CHARSET=utf8;
/*!40101 SET character_set_client = @saved_cs_client */;

--
-- Dumping data for table `productupsizedetail`
--

LOCK TABLES `productupsizedetail` WRITE;
/*!40000 ALTER TABLE `productupsizedetail` DISABLE KEYS */;
/*!40000 ALTER TABLE `productupsizedetail` ENABLE KEYS */;
UNLOCK TABLES;

--
-- Table structure for table `profitlosscalculatetemp`
--

DROP TABLE IF EXISTS `profitlosscalculatetemp`;
/*!40101 SET @saved_cs_client     = @@character_set_client */;
/*!40101 SET character_set_client = utf8 */;
CREATE TABLE `profitlosscalculatetemp` (
  `DocumentMonth` smallint(6) NOT NULL DEFAULT '0',
  `DocumentYear` int(11) NOT NULL DEFAULT '0',
  `ShopID` int(11) NOT NULL DEFAULT '0',
  `MaterialID` int(11) NOT NULL DEFAULT '0',
  `TotalAmount` decimal(10,4) NOT NULL DEFAULT '0.0000',
  `PricePerSmallUnit` decimal(10,4) DEFAULT '0.0000',
  `PricePerSmallUnitBeforeWaste` decimal(10,4) DEFAULT '0.0000',
  `TotalAmountBeforeWaste` decimal(10,4) DEFAULT '0.0000',
  `TotalAllROPrice` decimal(10,4) NOT NULL DEFAULT '0.0000',
  `TotalROPrice` decimal(10,4) NOT NULL DEFAULT '0.0000',
  `TotalTransferStockThisMonthPrice` decimal(10,4) NOT NULL DEFAULT '0.0000',
  `TotalTransferToPrice` decimal(10,4) NOT NULL DEFAULT '0.0000',
  `TotalAddPrice` decimal(10,4) NOT NULL DEFAULT '0.0000',
  `TotalOWastePrice` decimal(10,4) NOT NULL DEFAULT '0.0000',
  `TotalTransferFromPrice` decimal(10,4) NOT NULL DEFAULT '0.0000',
  `TotalMWastePrice` decimal(10,4) NOT NULL DEFAULT '0.0000',
  `TotalTransferStockNextMonthPrice` decimal(10,4) NOT NULL DEFAULT '0.0000',
  `TotalPrice` decimal(18,4) DEFAULT NULL,
  PRIMARY KEY (`DocumentMonth`,`DocumentYear`,`ShopID`,`MaterialID`)
) ENGINE=InnoDB DEFAULT CHARSET=utf8;
/*!40101 SET character_set_client = @saved_cs_client */;

--
-- Dumping data for table `profitlosscalculatetemp`
--

LOCK TABLES `profitlosscalculatetemp` WRITE;
/*!40000 ALTER TABLE `profitlosscalculatetemp` DISABLE KEYS */;
/*!40000 ALTER TABLE `profitlosscalculatetemp` ENABLE KEYS */;
UNLOCK TABLES;

--
-- Table structure for table `profitlossproductcomponent`
--

DROP TABLE IF EXISTS `profitlossproductcomponent`;
/*!40101 SET @saved_cs_client     = @@character_set_client */;
/*!40101 SET character_set_client = utf8 */;
CREATE TABLE `profitlossproductcomponent` (
  `DocumentMonth` int(11) NOT NULL DEFAULT '0',
  `DocumentYear` int(11) NOT NULL DEFAULT '0',
  `ProductID` int(11) NOT NULL DEFAULT '0',
  `MaterialID` int(11) NOT NULL DEFAULT '0',
  `MaterialUseAmount` decimal(10,4) NOT NULL DEFAULT '0.0000',
  PRIMARY KEY (`DocumentMonth`,`DocumentYear`,`ProductID`,`MaterialID`)
) ENGINE=InnoDB DEFAULT CHARSET=utf8;
/*!40101 SET character_set_client = @saved_cs_client */;

--
-- Dumping data for table `profitlossproductcomponent`
--

LOCK TABLES `profitlossproductcomponent` WRITE;
/*!40000 ALTER TABLE `profitlossproductcomponent` DISABLE KEYS */;
/*!40000 ALTER TABLE `profitlossproductcomponent` ENABLE KEYS */;
UNLOCK TABLES;

--
-- Table structure for table `programproperty`
--

DROP TABLE IF EXISTS `programproperty`;
/*!40101 SET @saved_cs_client     = @@character_set_client */;
/*!40101 SET character_set_client = utf8 */;
CREATE TABLE `programproperty` (
  `ProgramTypeID` int(11) NOT NULL DEFAULT '0',
  `PropertyID` int(11) NOT NULL DEFAULT '0',
  `FunctionGroupID` smallint(6) NOT NULL DEFAULT '0',
  `PropertyTypeID` int(11) NOT NULL DEFAULT '0',
  `SystemEdition` tinyint(4) NOT NULL DEFAULT '0',
  `PropertyShopType` tinyint(4) NOT NULL DEFAULT '0',
  `PropertyFeature` tinyint(4) NOT NULL DEFAULT '0',
  `KeyTypeID` int(11) NOT NULL DEFAULT '0',
  `PropertyName` varchar(100) DEFAULT NULL,
  `Description` varchar(200) DEFAULT NULL,
  `ProgramPropArea` tinyint(4) NOT NULL DEFAULT '0',
  `Deleted` tinyint(2) NOT NULL DEFAULT '0',
  `IsFixProperty` tinyint(4) NOT NULL DEFAULT '0',
  `CanChangeAtBranch` tinyint(4) NOT NULL DEFAULT '0',
  PRIMARY KEY (`ProgramTypeID`,`PropertyID`)
) ENGINE=InnoDB DEFAULT CHARSET=utf8;
/*!40101 SET character_set_client = @saved_cs_client */;

--
-- Dumping data for table `programproperty`
--

LOCK TABLES `programproperty` WRITE;
/*!40000 ALTER TABLE `programproperty` DISABLE KEYS */;
INSERT INTO `programproperty` VALUES (1,1,16,0,0,0,0,2,'Print Receipt Format','Text Value Define Format of Receipt (Description I',0,0,1,0),(1,2,15,0,0,0,0,2,'Print Job Order Format','Text Value Define Format of Job Order (Description',0,0,1,0),(1,3,18,0,0,0,0,2,'Print Shift Close Property','Text Value Define Property of Session (Description',0,0,1,0),(1,4,16,0,0,0,0,2,'Not print receipt number in receipt','0 = Print (Default), 1 = Not Print',0,0,0,0),(1,5,18,0,0,0,0,1,'Print diff amount option in close shift report','1 = Print only when amount short/over is not 0, 2 = Always print short/over amount',0,0,0,0),(1,6,0,0,0,0,0,1,'Stock In Sale Front Report For Doro','Stock In Sale Front Report --> Order and Group By ',0,1,0,0),(1,7,18,0,0,0,0,1,'Default number of shift close printing copy','Value must be >=0 and <=15 copies',0,0,0,0),(1,8,18,0,0,0,0,1,'Lock number of printing copy of shift close','0 = Unlock, 1 = Lock number of print',0,0,0,0),(1,9,19,0,0,0,0,3,'Default Table Zone','0 = Default all zone, Value = ZoneID for default  table zone when load restaurant main form',0,0,0,0),(1,10,0,0,0,0,0,2,'Print To Kitchen by PrinterByComputer','Print To Kitchen use printer device name from PrinterByComputer',0,0,0,0),(1,11,16,0,0,0,0,2,'Print captain order in receipt','0 = Not print (Default), 1 = Print',0,0,0,0),(1,12,0,0,0,0,0,1,'Use Coupon/ Voucher Input Window','Use Coupon/ Voucher Input Window',0,1,0,0),(1,13,0,0,0,0,0,1,'Seperate Front part of Coupon/ Voucher In Input Wi','PropertyValue = No of Digit in Front Part, Propert',0,1,0,0),(1,14,0,0,0,0,0,1,'Reprint All Transaction In One Sale Date.','Reprint All Transaction In One Sale Date',0,1,0,0),(1,15,15,0,0,0,0,2,'Print comment menu in red color for kithchen (apply for dot printer with color only, EPSON TMU-220)','0 = Not print (Default), 1 = Print',0,0,0,0),(1,16,0,0,0,0,0,1,'Print Text After Take Away Product Name.','Use Text in PropertyTextValue',0,1,0,0),(1,17,16,0,0,0,0,2,'Print menu name in other language in receipt','-1 = Use log in language, 0 = Use default name (ProductName), 1 = Alternative menu name (ProductName1)',0,0,0,0),(1,18,0,0,0,0,0,1,'Number Of Month For Keep Slot Data In Database.','Value < 0 >> Keep All',0,1,0,0),(1,19,18,0,0,0,0,2,'Not include other shift close summary in shift close report','0 = Include (Default), 1 = Not include',0,0,0,0),(1,20,16,0,0,0,0,2,'Print table zone in receipt','0 = Not Print (Default), 1 = Print Table Zone, TextValue = ZoneID:NoPrintReceipt,ZoneID:NoPrintReceipt',0,1,0,0),(1,21,16,0,0,0,0,2,'Print item list format in receipt','0 = 3 columns;Name:Qty:Price (Default), 1 = 3 columns;Qty:Name:Price, 2 = 4 columns;Qty:Name:UnitPrice:Price',0,0,0,0),(1,22,15,0,0,0,0,2,'Print number of submit print to kitchen in kitchen bill','0 = Not print (Default), 1 = Record and print',0,0,0,0),(1,23,13,0,0,0,0,2,'Enable cash in/out feature','0 = Disable, 1 = Enable (Default)',0,0,0,0),(1,24,15,0,0,0,0,2,'Automatic split print menu to kitchen one by one even ordering qty is more than one','0 = Not auto split, 1 = Split to print one by one',0,0,0,0),(1,25,15,0,0,0,0,2,'Print menu price in kitchen bill','0 = Not print (Default), 1 = Print menu price',0,0,0,0),(1,26,15,0,0,0,0,2,'Print menu name in other language in kitchen bill','0 = Use default name (ProductName), 1 = Alternative menu name (ProductName1)',0,0,0,0),(1,27,19,0,0,0,0,2,'Ordering the way to show tables in table grid and table list','0 = Order by table number and then table name (Default), 1 = Order by start open table time',0,0,0,0),(1,28,20,0,0,0,0,2,'Calculate Exclude VAT Before Discount.','Calculate Exclude VAT Before Discount',0,1,0,0),(1,29,16,0,0,0,0,1,'Reset ReceiptID Type','0 = Reset By Month(Default), 1= By Day, 2 = By Year',0,0,0,0),(1,30,0,0,0,0,0,2,'Has Cash Receipt Feature (2 Account)','1 = Has Cash Receipt Feature',0,1,0,0),(1,31,15,0,0,0,0,2,'Print process number format when enable checker feature in kitchen bill','0 = Only process number, 1 = Process number and barcode, 2 = Only barcode, 3 = Not print',0,0,0,0),(1,32,16,0,0,0,0,2,'Print summary vatable format in receipt.','0 = VATAble(include) and VAT, 1 = Total before VAT,VAT,Total include VAT (Default)',0,0,0,0),(1,33,1,0,0,0,0,1,'Staff Can login Only 1 Computer at One Time.','1 = Each use can login to only 1 computer',0,0,0,0),(1,34,12,0,0,0,0,2,'Enable menu group to show when adding other menu data in front','0 = Not show (Default), 1 = Show menu group selection to choose',0,0,0,0),(1,35,0,0,0,0,0,2,'Save CreditCard Detail When Open Transaction.','1 = Save CreditCard Detail',0,1,0,0),(1,41,16,0,0,0,0,1,'Record transaction detail for comparing check bill and final receipt bill.','1 = Record Detail',0,0,0,0),(1,42,0,0,0,0,0,3,'Auto Import/Export Data Feature At Front','1 = Enable Auto Import/ Export Feature',0,0,0,0),(1,43,0,0,0,0,0,3,'AutoBackup And Clear Data After Close Session.','1 = AutoBackup & Clear Data, 2 = AutoBackup Data O',0,0,0,0),(1,44,15,0,0,0,0,2,'Print checker summary in kitchen','1 = Print summary with qty:name:price and summary price, 2 = Print summary in qty and name without price and summary, 3 = Print same format as kitchen bill. Use Text Value for printer name and printer',0,0,1,1),(1,45,0,0,0,0,0,2,'Manual Select Order For Calculate Discount.','1 = Manual Select Order For Calculate Discount.',0,0,1,0),(1,46,12,0,0,0,0,2,'When ordering, automatic split menu quantity by one. For example, if order menu 4 order, system will','0 = Not split (Default), 1 = Split qty by one',0,0,0,0),(1,47,0,0,0,0,0,2,'PocketPC Use Field ProductPocketName.','1 = Display ProductName In PocketPC using ProductP',0,1,0,0),(1,48,15,0,0,0,0,2,'Print same menu in one line in checker summary and customer summary.','0 = Not group (Default), 1 = Grouping by menu',0,0,0,0),(1,49,15,0,0,0,0,2,'Specify which column of mene name that would like to print in check summary and customer summary (pr','0 = Use default name (ProductName), 1 = Alternative menu name (ProductName1)',0,0,0,0),(1,50,0,0,0,0,0,1,'NetLinkClient Auto Send/ Receive Feature.','1 = Enable Auto Send/Receive Feature, KeyID = 2 Au',0,1,0,0),(1,52,12,0,0,0,0,1,'Fix comment for each menu.','0 = Global comment,1=Fix comment,2=Unselected Will Show all.',0,0,0,0),(1,54,12,0,0,0,0,2,'Specify the column when searching menu item','Use text value by specify column with comma delimeter. For example, \"ProductName,ProductName1,ProductBarcode,ProductCode\".',0,0,0,0),(1,55,1,0,0,0,0,2,'Method of staff login process in front application','0 = Both staff code and password (Default), 1 = Staff code only, 2 = Password only',0,0,0,0),(1,56,13,0,0,0,0,2,'Process after end day','0 = No additional function (Default), 1 = Do extra step based on DLL function',0,0,0,0),(1,57,12,0,0,0,0,2,'Process after submit order','0 = Do nothing (Default), 1 = Goto Main Screen , 2 = Goto main screen and log off user',0,0,0,0),(1,58,1,0,0,0,0,2,'Automatic authenticate current staff permission without asking the authentication','0 = Always ask the permission, 1 = Automatic authenticate',0,0,0,0),(1,59,15,0,0,0,0,2,'Print customer summary bill after submit menu','1 = Print summary with qty:name:price and summary price, 2 = Print summary in qty and name without price and summary, 3 = Print same format as kitchen bill. Use Text Value for printer name and printer',0,0,1,1),(1,60,12,0,0,0,0,2,'Process after save order without print to kitchen','0 = Do nothing (Default), 1 = Goto Main Screen , 2 = Goto main screen and log off user',0,0,0,0),(1,62,16,0,0,0,0,2,'Create reference number for transaction','0 = Not create (Default), 1 = Auto create reference number for transaction',0,0,0,0),(1,63,15,0,0,0,0,2,'Not print menu header name for menu flexible set','0 = Print (Default), 1 = Not print',0,0,0,0),(1,64,18,0,0,0,0,2,'Print open shift amount','0 = Not print, 1 = Print open shift amount (Default) if text value = 1, it means open amount must be greater than zero, otherwise not check the amount in input value',0,0,0,0),(1,65,0,0,0,0,0,2,'Diable Hold Order Feature','1 = Diable Hold Order (HoldOrder Button will be in',0,1,0,0),(1,66,14,0,0,0,0,2,'Hide service charge option for each transaction','0 = Show check box option whether calculating service charge or not, 1 = Hide check box option and always calculate service charge',0,0,0,0),(1,67,0,0,0,0,0,2,'Goto MemberDetail After Search Member','1 = Open MemberDetail form when search member.',0,1,0,0),(1,68,0,0,0,0,0,2,'Default Tab When Display Member Detail','0 = Favorite Product, 1 = Sale History, 2 = Favori',0,1,0,0),(1,69,16,0,0,0,0,2,'Print deleted menu in check bill and receipt','0 = Not print (Default), 1 = Print deleted menu',0,0,0,0),(1,70,18,0,0,0,0,2,'Print number of print bill detail in shift close report','0 = Not print (Default), 1 = Print',0,0,0,0),(1,71,16,0,0,0,0,2,'Print number of print bill detail in receipt','0 = Not print, 1 = Print (Default)',0,0,0,0),(1,72,16,0,0,0,0,2,'Print reason when printing check bill more than once in receipt','0 = Not print (Default), 1 = Print',0,0,0,0),(1,73,16,0,0,0,0,2,'Save receipt data for EJ (E-Journal)','0 = Not save (Default), 1 = Save data for EJ',0,0,0,0),(1,74,18,0,0,0,0,2,'Shift close and end day printing form format','0 = Default form, 1-98 = Custom form, 99 = Not print',0,0,0,0),(1,75,0,0,0,0,0,2,'Export Text File For KingPower','1 = Show Export Form and Export Sale To Text File For KingPower',0,0,0,0),(1,76,0,0,0,0,0,2,'Product Category Code For KingPower','Use Text Value For ProductCategory for KingPower',0,0,0,0),(1,77,18,0,0,0,0,2,'Not print receipt number range and VAT value in shift close and end day report','0 = Not print, 1 = Print',0,0,0,0),(1,78,2,0,0,0,0,3,'Print Buffet Warning Time To Printer','0 = Not Print, 1 = Print From This Computer',0,0,0,0),(1,79,12,0,0,0,0,2,'Enable add other menu feature','0 = Hide adding other menu, 1 = Enable adding other menu',0,0,0,0),(1,80,12,0,0,0,0,2,'Automatic calculate number of customers based on buffet menu','0 = Not auto calculate, 1 = Auto calculate based on menu buffet',0,0,0,0),(1,81,15,0,0,0,0,2,'Specify printer for printing the cancelled and moved menu','0 = Same as menu printing, 1 = Print to specify printerid in text value field. If print more than one printer, separated them by comma. ',0,0,0,0),(1,82,16,0,0,0,0,2,'Print reference check bill number in receipt','0 = Not print, 1 = Print (Default)',0,0,0,0),(1,83,0,0,0,0,0,2,'Add Product From Package Feature In Restaurant','1 = Enable Add Product From Package Feature',0,1,0,0),(1,85,18,0,0,0,0,2,'Include cash in/out data in shift close and end day report','0 = Not Include, 1 = Include cash in/out (Default)',0,0,0,0),(1,86,12,0,0,0,0,2,'Automatic add child menu for product set','0 = Not add child menu, 1 = Auto add child menu (Default)',0,0,0,0),(1,87,15,0,0,0,0,2,'Using print manager client for print to kitchen','0 = Not use print manager, 1 = Use print manager (Default)',0,0,0,0),(1,88,12,0,0,0,0,2,'Calculate price from child menu to parent menu (for productsettype=7)','0 = Display price in child menu, 1 = Display price in parent menu',0,0,0,0),(1,89,12,0,0,0,0,2,'Process after print bill detail','0 = Do nothing (Default), 1 = Goto Main Screen , 2 = Goto main screen and log off user',0,0,0,0),(1,90,1,0,0,0,0,1,'When login to front system, check staff access to each shop data before authenticating.','0 = No check, 1 = Check staff acess shop data',0,0,0,0),(1,91,18,0,0,0,0,1,'Display comment menu in shift close and sale by product report.','0 = Not display, 1 = Display comment menu in reports.',0,0,0,0),(1,92,4,0,0,0,0,2,'Enable read member from member card only (cannot input by staff)','0 = Not lock (Default), Value = millisecond: Recommended value is 200',0,0,0,0),(1,94,18,0,0,0,0,2,'Drop cash amount feature.','0 = Disable (Default), 1 = Enable. Use text value for properties. Format of text value is \"Deposit Amount|Number Transactions to be locked|Clear amount after shift close:recommended value is 1|Cash ou',0,0,0,0),(1,95,12,0,0,0,0,2,'Out of stock menu setting','0 = Normal setting (Default), 1 = Count down stock',0,0,0,0),(1,96,3,0,0,0,0,1,'Main flow system','0 = pRoMiSe default, 1 = CRG flow, 2 = PHD flow',0,0,0,0),(1,97,18,0,0,0,0,2,'End day validation feature','0 = No validate, 1 = Check physical count stock before end of day, 2 = Auto create stock count after end of day',0,0,0,0),(1,98,8,0,0,0,0,2,'Set default sale mode for calculating stock when system cannot find recipe on that sale mode','0 = Use dine in as default (Default), 1 = Dine In, 2 = Take Away, 3 = Delivery',0,0,0,0),(1,100,12,0,0,0,0,2,'Automatic change display menu in language based on staff log in','0 = Always use default menu name (Default), 1 = Automatic change',0,0,0,0),(1,101,12,0,0,0,0,2,'Assign seat number when ordering (Maximum 11 seats for each transaction)','0 = No assing seat feature, 1 = Enable assing seat feature',0,0,0,0),(1,102,12,0,0,0,0,2,'Display item list in ordering screen when add new menu','0 = Display added menu in top list (Default), 1 = Display added menu in bottom list',0,0,0,0),(1,103,13,0,0,0,0,2,'Calculate ordering, KDS, and sale mode time','0 = Not calculate, 1 = Calculate at end day process',0,0,0,0),(1,104,12,0,0,0,0,2,'Enable course ordering feature','0 = Disable, 1 = Enable',0,0,0,0),(1,105,0,0,0,0,0,1,'CRM At HQ Feature','1 = Use CRM Feature',0,0,0,0),(1,106,0,0,0,0,0,2,'Use Database at Each Terminal','1 = Use database at its terminal.',0,0,0,0),(1,107,0,0,0,0,0,1,'Void Reward Point < 0 Setting','0 = Not Allow Point < 0, 1 = Allow Point < 0, 2 = Reset Point = 0 When Point < 0.',0,0,0,0),(1,108,0,0,0,0,0,2,'Multi Currency Feature','0 = No, 1 = Has Multi Currency',0,0,0,0),(1,110,0,0,0,0,0,2,'Create Member\'s Transaction Text File for Indo','0=No, 1=Yes. Create Text File When Finish Payment',0,0,0,0),(1,111,0,0,0,0,0,2,'Hide Credit Card Number Text Box In Payment','0=No, 1=Yes.',0,0,0,0),(1,112,0,0,0,0,0,2,'Add Amounted Product From Scale (Hardware)','0=No, 1=Yes. TextValue = factor amount from scale (X 1000 For Kg to g.)',0,0,0,0),(1,113,0,0,0,0,0,2,'Print Stock Only Receipt as Normal Receipt','0=No, 1=Yes. TextValue = Stock Only PayType that need to print as Noral Receipt (Not Insert mean all stock only)',0,0,0,0),(1,114,0,0,0,0,0,2,'Print Short Receipt To Customer','0=No, 1=Yes with print normal receipt., 2=Yes with not print normal receipt',0,0,0,0),(1,115,0,0,0,0,0,2,'Check New Change When Print Another Bill Detail','0=No, 1=Yes. User can print another print bill detail when there is some change in order',0,0,0,0),(1,116,0,0,0,0,0,1,'Using 3rd party Reward Point System.','0=No, 1=Ponta System',0,0,0,0),(1,117,0,0,0,0,0,2,'Calculate Promotion Base On SubmitOrderDateTime','0=No, 1=Yes',0,0,0,0),(1,120,0,0,0,0,0,2,'Prepaid Card Feature','0=No, 1=Yes',0,1,0,0),(1,121,0,0,0,0,0,2,'PMS Hotel System Feature','0=No, 1=Yes',0,1,0,0),(1,122,0,0,0,0,0,2,'Redeem Point Discount To Current Transaction Feature','0=No, 1=Yes',0,1,0,0),(1,123,0,0,0,0,0,2,'Convert N Promotion Amount Discount To Bonus Product','0=No, 1=Yes',0,0,0,0),(1,124,0,0,0,0,0,2,'Multiple Payment For Stock Only','1 = Use multiple payment for Stock Only',0,0,0,0),(1,125,0,0,0,0,0,2,'iOrder Print Job Order Summary From its printer.','1 = Print Job Order Summary from iOrder printer',0,0,0,0),(1,126,0,0,0,0,0,2,'E Voucher Feature','1 = Use Feature',0,0,0,0),(1,127,0,0,0,0,0,2,'Display OrderDetail In Change/ Combine Table Report','1 = Display Detail',0,0,0,0),(1,128,0,0,0,0,0,2,'Buffet Add Order After Paid.','1 = Add Order and convert order link to buffet order',0,0,0,0),(1,129,0,0,0,0,0,2,'Auto Submit When Add Product With No Print.','1 = Auto Submit for product with no printer (PriterID = -1)',0,0,0,0),(1,130,0,0,0,0,0,2,'Order can send To first order display In KDS.','1 = Order can jump from current display to the first in KDS ',0,0,0,0),(1,131,0,0,0,0,0,2,'Auto Submit Order When Hold Order','1 = Order can jump from current display to the first in KDS ',0,0,0,0),(1,1001,3,0,0,0,0,2,'FastFood Shop Prototype','0=Default System (Default), 1=Full OrderType/No question, 2=Only DineIn and Question, 3=Lite Edition',0,0,0,0),(1,1002,4,0,0,0,0,2,'Display member tab in fast food interface','0 = Not show (Default), 1 = Display member tab',0,0,0,0),(1,1003,12,0,0,0,0,2,'Set default ordering tab','0 = Default to group/dept ordering, 1 = Favorite menu, 2 = Search menu, 3 = Favorite with picture',0,0,0,0),(1,1004,12,0,0,0,0,2,'Show/Hide Ask Sale Mode for configuration of property 1001 = 2 only','0=No Show, 1=Default Show',0,0,0,0),(1,1005,12,0,0,0,0,2,'Show/Hide Ask Question for configuration of property 1001 = 2 only','0=Default No Show, 1=Show',0,0,0,0),(1,1006,13,0,0,0,0,2,'Has feature satisfy','0=Default Not use this feature, 1=Use this feature',0,0,0,0),(1,1007,8,0,0,0,0,1,'Automatic forward monthly stock','0=Not auto, 1 = Auto forward stock (from front application)',0,0,0,0),(1,1008,3,0,0,0,0,1,'Enable news feed feature for fast food system only','0 = Disable, 1 = Enable',0,0,0,0),(1,1009,0,0,0,0,0,1,'Use TSC Feature','0=No use TSC, 1=Yes to use TSC feature',0,1,0,0),(1,1010,12,0,0,0,0,1,'Show/Hide change sale mode button for menu that already input.','0=Hide, 1=Show',0,0,0,0),(1,1011,1,0,0,0,0,3,'Enable feature staff working time and set staff authenticate method for staff working time','0=Not display staff working time, 1 = Use Staff Code and Password, 2 = Authen by finger print',0,0,0,0),(1,1012,4,0,0,0,0,3,'Show member information after search member','0=Not show, 1=Show Member Info',0,0,0,0),(1,1013,12,0,0,0,0,1,'Input table number method for fast food system','0=No lock, 1 = Lock 1st digit is number and 2nd digit is Alphabet',0,0,0,0),(1,1014,0,0,0,0,0,2,'Use Feature Member Promotion','0=Not use, 1=Use Member Promotion',0,1,0,0),(1,1015,13,0,0,0,0,2,'Use feature calculate stamp for buffet menu','0=Not use, 1=Calculate stamp',0,0,0,0),(1,1016,13,0,0,0,0,2,'Set Buffet Price/Stamp if property 1015 is set to 1','Buffet Price/Stamp (Default=500)',0,0,0,0),(1,1017,13,0,0,0,0,2,'Set A la carte Price/Stamp if property 1015 is set to 1','A la carte Price/Stamp (Default=300)',0,0,0,0),(1,1018,12,0,0,0,0,2,'Show/Hide Take Away Button (Fast Food)','0=Hide Take Away Button, 1=Show Take Away Button',0,0,0,0),(1,1019,12,0,0,0,0,2,'Show/Hide Delivery Button (Fast Food)','0 = Hide, 1 = Show',0,0,0,0),(1,1020,12,0,0,0,0,2,'Show/Hide Deposit Button (Fast Food)','0=Hide Deposit Button (Default), 1=Show Deposit Button',0,0,0,0),(1,1021,12,0,0,0,0,2,'Use Feature Set Auto Queue Index for Dine In Fast Food','0=Not use, 1=Use this feature',0,0,0,0),(1,1022,12,0,0,0,0,2,'Use Feature Set Auto Queue Index for Take Away Fast Food','0=Not use, 1=Use this feature',0,0,0,0),(1,1023,12,0,0,0,0,2,'Show/Hide Extra Program Button','0=Hide Button (Default), 1=Show Button',0,0,0,0),(1,1024,12,0,0,0,0,2,'Show/Hide Clone Bill Button','0=Hide Button, 1=Show Button (Default)',0,0,0,0),(1,1025,0,0,0,0,0,1,'Multi Bank Deposit','1=Enable,0=Disable (When disable system will show ',0,1,0,0),(1,1026,14,0,0,0,0,2,'Show Fast Bank Payment Button','0=Not show, 1=Show Fast Bank Payment (Maximum 4 buttons) (Default)',0,0,0,0),(1,1027,14,0,0,0,0,2,'Confirm Fast Bank Payment Button','0=No, 1=Confirm fast payment (Default)',0,0,0,0),(1,1028,4,0,0,0,0,2,'Set input member code to be asterisk symbol in order to cannot read member code by staff','0=Not set (Default), 1 = Set',0,0,0,0),(1,1029,12,0,0,0,0,2,'Open bill option for fast food','0=Auto generate running queue number, 1=Require to input name or number',0,0,0,0),(1,1030,12,0,0,0,0,2,'Default customer qty for fast food option','-1=Blank qty and must input, 0=Blank qty if not input default to 1, >0 is default qty to input box',0,0,0,0),(1,1031,0,0,0,0,0,3,'Auto set table status for Table list view','0=No auto set table status, 1=Auto set table status for Table list view (Default)',0,1,0,0),(1,1032,0,0,0,0,0,3,'Qty. of table for show all table in table listview','0=Show all table, xx>0 is number of tables (Integer)',0,1,0,0),(1,1033,12,0,0,0,0,2,'Get image method for image menu in front favorite big menu','0=Load image from local resource file (Default), 1=Load image from http web request from server',0,0,0,0),(1,1034,19,0,0,0,0,2,'Show/Hide extra table for table management','0=No show (Default), 1=Show Extra Table Button',0,0,0,0),(1,1035,13,0,0,0,0,2,'Auto Clock In-Out when close shift or end of day','0=No use, 1=Use auto clock in-out (Default)',0,0,0,0),(1,1036,19,0,0,0,0,2,'Alert table when over of specific time by changing table color','Value=Minutes for over time for tables',0,0,0,0),(1,1037,14,0,0,0,0,2,'Set void EDC before void bill','0=Not void EDC (Default), 1=Use void EDC before void bill',0,0,0,0),(1,1038,19,0,0,0,0,2,'Max char of merge table name','0=full table no.,  xx=Max char if exceed will be .',0,0,0,0),(1,1039,19,0,0,0,0,2,'Set merge table name to min-max table no.','0=Not set, 1=Set min-max table no',0,0,0,0),(1,1040,4,0,0,0,0,1,'Default member group for new member that applies from iPointz system','Specify MemberGroupID from pRoMiSe system. If not specify, system will default value to \"1\"',0,0,0,0),(1,1041,4,0,0,0,0,1,'Automatic approve member who applies from iPointz system','0 = No, 1 = Yes auto approve (Default)',0,0,0,0),(1,1042,4,0,0,0,0,2,'Auto Send RewardPoint To HQ After Paid (LIM Feature)','0 = No, 1 = Auto Send',0,0,0,0),(1,1045,4,0,0,0,0,2,'Set member group for create new member','0=No, 1=Use this feature and set text value to be MemberGroupID with comma',0,0,0,0),(1,1046,12,0,0,0,0,3,'Show/Hide fast discount button','0=Not show,  1=Show fast discount button',0,0,0,0),(1,1047,12,0,0,0,0,3,'Show/Hide other discount button','0=Not show, 1=Show all discount button',0,0,0,0),(1,1048,12,0,0,0,0,2,'Automatic print menu to kitchen when print bill detail','0=No (Default), 1=Yes',0,0,0,0),(1,1049,13,0,0,0,0,2,'Sale 24 Hour Feature','0=No, 1= 24 Hr. Allow End Day up to today, 2 = 24 ',0,0,0,0),(1,1050,0,0,0,0,0,1,'Use Feature Back Sale Mode (Manual End Day)','0=No use back sale mode (Auto end day when start n',0,1,0,0),(1,1051,19,0,0,0,0,3,'Show/Hide Tab TableLayout','0=Hide, 1=Show',0,0,0,0),(1,1052,19,0,0,0,0,3,'Show/Hide Tab TableLists','0=Hide, 1=Show',0,0,0,0),(1,1053,19,0,0,0,0,3,'Show/Hide Tab TableSimpleLists','0=Hide, 1=Show',0,0,0,0),(1,1054,19,0,0,0,0,3,'Show/Hide Tab Check Order','0=Hide, 1=Show',0,0,0,0),(1,1055,19,0,0,0,0,3,'Show/Hide Tab Check Printer','0=Hide, 1=Show',0,0,0,0),(1,1056,19,0,0,0,0,3,'Show/Hide Tab Search Table','0=Hide, 1=Show',0,1,0,0),(1,1057,19,0,0,0,0,3,'Show/Hide Tab Search Order','0=Hide, 1=Show',0,1,0,0),(1,1058,12,0,0,0,0,3,'Show Tab Order Favorite Menu Normal','0=Not show, 1=Show tab favorite menu normal (Defau',0,0,0,0),(1,1059,12,0,0,0,0,3,'Show Tab Order Favorite Menu Big','0=Not show (Default), 1=Show tab favorite menu big',0,0,0,0),(1,1060,0,0,0,0,0,3,'Show Tab Order Favorite Menu Custom','0=Not show (Default), 1=Show tab favorite menu cus',0,1,0,0),(1,1061,19,0,0,0,0,3,'Show Tab order by sale mode','0=Not show (Default), 1 = Show tab order by sale mode',0,0,0,0),(1,1062,19,0,0,0,0,3,'Show Tab TakeAway','0=Not show (Default), 1=Show tab Take Away',0,0,0,0),(1,1063,19,0,0,0,0,3,'Show Tab Delivery','0=Not show (Default), 1=Show tab Delivery',0,0,0,0),(1,1064,19,0,0,0,0,3,'Show Tab KDS Delay','0=Not show (Default), 1=Show tab KDS Delay',0,0,0,0),(1,1065,19,0,0,0,0,3,'Show Tab Table Grid','0=Not show (Default), 1=Show tab Table Grid',0,0,0,0),(1,1066,19,0,0,0,0,3,'Show Tab Table Transfer Out','0=Not show (Default), 1=Show tab Table Transfer Out',0,0,0,0),(1,1067,0,0,0,0,0,3,'Show Tab Deposit','0=Not show (Default), 1=Show tab Deposit',0,0,0,0),(1,1071,19,0,0,0,0,2,'Table : Show number of customers in main screen for table management','(0=Not show, 1=Show all customers qty, 2=Show qty customer is all/current & not paid, 3=Show qty customer is all/current & paid/current & not paid',0,0,0,0),(1,1072,12,0,0,0,0,2,'FastFood : Show hold orders for own computer','0=Show all hold orders to all computers, 1=Show hold orders only for its own computer',0,0,0,0),(1,1073,13,0,0,0,0,2,'FastFood : Show/Hide Other Utility Button','0=Hide button, 1=Show button other utility (Default)',0,0,0,0),(1,1074,13,0,0,0,0,2,'Order : Show/Hide Change Product Item Button','0=Hide button (Default), 1=Show button change product item',0,0,0,0),(1,1075,19,0,0,0,0,3,'Set option for open table dialog','0=Open table with select member, 1=Open table with question, 2=Open table with option count total customer',0,0,0,0),(1,1076,5,0,0,0,0,2,'Table : Set show/hide customer info dialog for payment of delivery mode','0=Show delivey customer dialog when payment, 1=Hide delivery customer dialog when payment',0,0,0,0),(1,1077,4,0,0,0,0,1,'New member expire date setting','0=Free user setting, 1=Expire end this year (Text value= lockedit=1;expiremonth=3;), 2=Expire next 1 year, 3=Expire end month of 1 year',0,0,0,0),(1,1078,13,0,0,0,0,2,'Enable Queue/PreOrder Feature','0=Disable Queue Feature, 1=Enable Queue Feature',0,0,0,0),(1,1079,19,0,0,0,0,3,'Set default tab table','0=First tab always, 1=Layout, 2=Simple List, 3=Table List, 4=Grid, 5=Sale Mode, 6=Check Order, 7= Printer Status, 8=Search Table, 9=Search Order, 10=Queue Waiting, 11=Take Away, 12=Delivery, 13=Transf',0,0,0,0),(1,1080,5,0,0,0,0,2,'Delivery QuoteTime (Minute)','Default 30 Minutes',0,0,0,0),(1,1081,5,0,0,0,0,2,'Staff Role for Delivery Rider','String with comma of Staff Role for Delivery Rider',0,0,0,0),(1,1082,12,0,0,0,0,2,'FastFood Auto go to ordering page after payment, not going to main screen','Fast Food 0=Normal main page, 1=Auto ordering page',0,0,0,0),(1,1083,1,0,0,0,0,3,'Login staff in front application method','0=Only Key Pad, 1=Only finger print, 2=Both Key pad and finger print',0,0,0,0),(1,1084,12,0,0,0,0,2,'Table - Show comment transaction feature','0=No show, 1=Show button',0,0,0,0),(1,1085,0,0,0,0,0,2,'KDS - Payment before Check out item','0=No use (Default), 1=Want payment before check out item',0,0,0,0),(1,1086,0,0,0,0,0,2,'Fast Food - Mapping TableID when Open Transaction','0=No use (Default), 1=Must map table id alway',0,0,0,0),(1,1088,0,0,0,0,0,2,'Check & Warning Count Stock Inventory when login','0=No use (Default), 1=Check and Warning',0,0,0,0),(1,1091,0,0,0,0,0,2,'Send Order to Print Manager Program Setting','0=Use Front Print Manager (Default), 1=Use Print Manager Server (Same Android)',0,0,0,0),(1,1092,0,0,0,0,0,2,'Skip customer info of SaleMode Delivery','0=Show customer info (Default), 1=Skip customer info of delivery mode',0,0,0,0),(1,1093,0,0,0,0,0,2,'Fast Food Generate Queue Mode Setting','0=Generate queue of each sales mode (Default), 1=Generate queue of all sales mode',0,0,0,0),(1,1094,0,0,0,0,0,2,'Input Customer Type in Delivery SalesMode for Table Mode','0=No input, auto queue , 1=Full customer same delivery fast food (Default), 2=Only Customer Name',0,0,0,0),(1,1095,0,0,0,0,0,2,'Auto Send E-mail when end day','0=No send e-mail (Default), 1=Auto Send E-mail',0,0,0,0),(1,1096,0,0,0,0,0,2,'Show cash change popup windows mode','0=No show cash change when cash change=0(Default), 1=Show cash change always',0,0,0,0),(1,1098,0,0,0,0,0,2,'Show/Hide Search Member Button','0=No show search member button, 1=Show search member button (Default)',0,0,0,0),(1,1100,0,0,0,0,0,2,'Enable iOrder can set finish order in kds','0=No use this feature (Default), 1=Use this feature for iOrder',0,0,0,0),(1,1101,0,0,0,0,0,2,'Send order with open multiple table','0=No use this feature (Default), 1=Use this feature for iOrder, 2=Auto merge table, 3=Auto merge table and print long bill',0,0,0,0),(1,1102,0,0,0,0,0,2,'Enable show last order process of table','0=No use this feature (Default), 1=Use this feature for iOrder',0,0,0,0),(2,1,0,0,0,0,0,1,' System Has Setting of Selected Unit Material in I',' System Has Setting of Selected Unit Material in I',0,1,0,0),(2,2,0,0,0,0,0,1,' System Has MAC4/5 Setting',' System Has MAC4/5 Setting',0,1,0,0),(2,3,0,0,0,0,0,1,'View Profit Loss Report','0 = Set Manual Product Cost, 1 Base On Inventory',0,1,0,0),(2,4,8,0,0,0,0,1,'Calculate Costing Type','-2=Calculate from material setting,-1=Calculate from product cost setting,0=Average Cost from its own inventory,>0=Average cost from specify inventory (ProductLevelID)',0,0,0,1),(2,5,0,0,0,0,0,1,'MySQL5 Report for HQ','1=Use MySQL5,0=Use MySQL4',0,1,0,0),(2,6,4,0,0,0,0,1,'Adding Dynamic Member Data','input number of number of data allowed. The value effects for standard version and this value will not effect enterprise version',0,0,0,0),(2,7,0,0,0,0,0,1,'Add/ Edit Unit In Material Interface','0 = Add/ Edit Unit In Material Old Version, 1 = 1 ',0,1,0,0),(2,8,17,0,0,0,0,1,'Show ProductName in Report','0=ProductName, 99 = LangID = 1 use ProductName1, 98 = LangID = 2 use ProductName1.',0,0,0,0),(2,9,12,0,0,0,0,1,'Resource Folder For Tablet Webservice.','Use TextValue For Folder',0,0,0,0),(2,10,11,0,0,0,0,2,'IPAD Ordering System','1 = Has IPAD Ordering System',0,0,0,0),(2,11,17,0,0,0,0,1,'Export clock in/out format for payroll system','0=DORO Format, 1=Solaria Format',0,0,0,0),(2,12,8,0,0,0,0,1,'Set product group to deduct to which stock inventory code','0 = Not show, 1 = Show in add/edit product group data',0,0,0,0),(2,13,12,0,0,0,0,1,'In same region, enable feature to show product group for each shop, not for all shops in region','0 = Disable, 1 = Enable',0,1,0,0),(2,14,10,0,0,0,0,1,'Enable group price for menu','0 = Normal, 1 = Group price for dine in only, 2 = Group price multiple sale mode',0,0,0,0),(2,17,0,0,0,0,0,1,'Edit Staff Detail at Branch database','1 = Can Edit Staff Detail and Password at Brach Database.',0,0,0,0),(2,9999,0,0,0,0,0,1,'Enable Shop Licenses','1 = Enable, 0 = Disable',0,0,0,0),(3,1,0,0,0,0,0,1,'Auto Create DRO From Transfer Bakery Document','Auto Create Direct RO When Transfer Bakery is appr',0,1,0,0),(3,2,0,0,0,0,0,1,'Request Only Date > Today','Request Document can set Document Date >= Today.',0,1,0,0),(3,3,8,0,0,0,0,1,'Enable template feature of inventory system','0 = Disable, 1 = Enable',0,0,0,0),(3,4,0,0,0,0,0,1,'Print Preview Function for Inventory','Print Preview = 0, Default Preview Form, = 1, use ',0,1,0,0),(3,5,0,0,0,0,0,1,'Limit Inventoryview For Request','Limit InventoryView For Request Document.',0,1,0,0),(3,6,0,0,0,0,0,1,'Limit Select VendorGroup For PO/DRO','Limit Select VendorGroup For PO/DRO',0,1,0,0),(3,7,8,0,0,0,0,1,'Set day of week for weekly stock count','-1 = Not specify, 0 = Sunday, 1 = Money ....6 = Saturday',0,0,0,0),(3,8,8,0,0,0,0,1,'When approve document, enable auto calculate average cost and update to document.','0 = Disable, 1 = Enable (Input documenttype in text value field. For multi documenttype, please use \",\" for delimeter)',0,0,0,0),(3,9,8,0,0,0,0,1,'Enable Prefinishe feature','0 = Disable, 1 = Enable',0,0,0,0),(3,10,8,0,0,0,0,1,'Display Receipt No In Stockcard InOut','1 = Can Display Sale Receipt In Stockcard Movement',0,1,0,0),(3,11,8,0,0,0,0,1,'RO From Transfer Form','0 = Default Form, 1 = Compare Form',0,1,0,0),(3,12,8,0,0,0,0,1,'Can Edit Amount When Insert Material','0 = Add/Edit by 1, 1 = Can Edit Amount',0,1,0,0),(3,13,8,0,0,0,0,1,'Display stock card report in inventory system','0 = Default stock card report, 1 = Doro custom report',0,0,0,0),(3,14,8,0,0,0,0,1,'Set ordering of display inventory in drop down list','0 = By Name, 1, = By Code And Name, 2 = By InventoryID',0,0,0,0),(3,15,8,0,0,0,0,1,'Create a document ordering the branch. The connect','0 = No connect database., 1 = On connect database ',0,1,0,0),(3,16,8,0,0,0,0,1,'Use AccountData For Print PO Document','0 = No, 1 = Use Account data For Print PO',0,0,0,0),(3,17,8,0,0,0,0,1,'Send PO to supplier based on supplier format data (EDI)','0=No,1=Oishi format',0,0,0,0),(3,18,0,0,0,0,0,1,'Use Authorize Window When Approve/Cancel Document','0=No use (Default), 1=Use Authoize Window',0,0,0,0),(3,19,0,0,0,0,0,1,'Use Current Stock When Auto Forward Monthly Stock','0= Forward 0 if Stock <0, 1=Use Current Stock even Stock < 0',0,0,0,0),(3,20,0,0,0,0,0,1,'DocumentType that not display in Alert Box','text value = DocumentType that not display in Alert Box',0,0,0,0),(4,1,7,0,0,0,0,2,'Print fulltax form','0 = Default, 1 = Receipt Form, 2 = Half A4, 3 = Branch Form, 4 = Left Logo, 5 = Receipt With Preview,',0,0,0,0),(4,2,0,0,0,0,0,1,'Print Current Package In FullTax.','0 = No Print, 1 = Print All Package that still can',0,1,0,0),(4,3,7,0,0,0,0,2,'Print Which ProductName To FullTax','= 0 -> Print Column ProductName, > 0 -> PrintColumn ProductNameX where X is value (such as 2 -> Print ProductName2)',0,0,0,0),(4,4,7,0,0,0,0,2,'Print FullTax All Order In One Line.','1 = Print Order By Grouping Order In Each Group Line. Use Text Value as Output Text For This Line. If Want Other Group Use | To Separate Other Group',0,0,0,0),(4,5,7,0,0,0,0,2,'FullTax From More than 1 Receipt','1 = Create FullTax Invoice From More than 1 Receip',0,0,0,0),(4,6,7,0,0,0,0,2,'Print Company Address From AccountData','0 = From Company Profile, 1 = From Account Data.',0,0,0,0),(4,7,7,0,0,0,0,2,'Not Print Flexible Product In Full Tax','1 = Not Print Flexible Product In FullTax',0,0,0,0),(4,8,7,0,0,0,0,2,'Create Receipt Base on FullTaxDate','Create ReceiptID, 0 = based on FullTaxDate, 1 = based on InsertDate',0,0,0,0),(4,9,0,0,0,0,0,2,'Lock Number of Customer TaxID','1 = Lock Only 13 numeric digit can add in TaxID',0,0,0,0),(4,10,0,0,0,0,0,1,'Cancel Normal Receipt When Create New FullTax','0=No, 1=Yes.',0,0,0,0),(4,11,0,0,0,0,0,2,'Check required input field.','1 = Check required input field',0,0,0,0),(5,1,0,0,0,0,0,1,'Number Of Month For Keep Slot Data In Database.','Value < 0 >> Keep All',0,1,0,0),(7,1,9,0,0,0,0,1,'Export SaleData (Transaction) Via WebService','1 = Export SaleData(Trasaction/ Session), not only',0,0,0,0),(7,2,9,0,0,0,0,1,'Stop Import Data Form WebService','1 = Stop Import All Data From WebService',0,0,0,0),(7,3,9,0,0,0,0,1,'Calculate RewardPoint By Using RewardCalculateMemb','1 = Use RewardPointCalculateMember For Calcualte R',0,0,0,0),(7,4,9,0,0,0,0,1,'Export/ Import Additional Data For Each Customer','0 = No Export, 1 = Export Additional Data.',0,0,0,0),(7,5,0,0,0,0,0,1,'Write XML File For AutoImport DataSet','0=Not Write, 1=Write XML File (File zip with 000_)',0,0,0,0),(7,6,0,0,0,0,0,1,'Skip Import Inventory Data From WebService','0=Alway Import, 1=Skip Import',0,0,0,0),(8,1,6,0,0,0,0,1,'ERP Export Data Setting at ProductLevel','0=No,1=Ootoya',0,0,0,0);
/*!40000 ALTER TABLE `programproperty` ENABLE KEYS */;
UNLOCK TABLES;

--
-- Table structure for table `programpropertykeytypedescription`
--

DROP TABLE IF EXISTS `programpropertykeytypedescription`;
/*!40101 SET @saved_cs_client     = @@character_set_client */;
/*!40101 SET character_set_client = utf8 */;
CREATE TABLE `programpropertykeytypedescription` (
  `KeyTypeID` int(11) NOT NULL DEFAULT '0',
  `Description` varchar(50) DEFAULT NULL,
  PRIMARY KEY (`KeyTypeID`)
) ENGINE=InnoDB DEFAULT CHARSET=utf8;
/*!40101 SET character_set_client = @saved_cs_client */;

--
-- Dumping data for table `programpropertykeytypedescription`
--

LOCK TABLES `programpropertykeytypedescription` WRITE;
/*!40000 ALTER TABLE `programpropertykeytypedescription` DISABLE KEYS */;
INSERT INTO `programpropertykeytypedescription` VALUES (1,'Property'),(2,'ProductLevel'),(3,'Computer');
/*!40000 ALTER TABLE `programpropertykeytypedescription` ENABLE KEYS */;
UNLOCK TABLES;

--
-- Table structure for table `programpropertyprogramdescription`
--

DROP TABLE IF EXISTS `programpropertyprogramdescription`;
/*!40101 SET @saved_cs_client     = @@character_set_client */;
/*!40101 SET character_set_client = utf8 */;
CREATE TABLE `programpropertyprogramdescription` (
  `ProgramTypeID` int(11) NOT NULL DEFAULT '0',
  `Description` varchar(100) DEFAULT NULL,
  `GroupID` tinyint(4) NOT NULL DEFAULT '0',
  PRIMARY KEY (`ProgramTypeID`)
) ENGINE=InnoDB DEFAULT CHARSET=utf8;
/*!40101 SET character_set_client = @saved_cs_client */;

--
-- Dumping data for table `programpropertyprogramdescription`
--

LOCK TABLES `programpropertyprogramdescription` WRITE;
/*!40000 ALTER TABLE `programpropertyprogramdescription` DISABLE KEYS */;
INSERT INTO `programpropertyprogramdescription` VALUES (1,'pRoMiSe Front',0),(2,'pRoMiSe BackOffice',0),(3,'Inventory',0),(4,'FullTax & Utility',0),(5,'Spa Reservation',0),(6,'Checker',0),(7,'Manage And Maintenance Data',0),(100,'SaleMode Product Level Text Property',1),(101,'Printer Property',1),(102,'Job Order Format Property (Property = 2/ ProgramType =1)',2),(103,'Print Receipt Format Property (Property = 1/ ProgramType =1)',2),(104,'CashIn/Out Format Property (Property = 23/ ProgramType =1)',2),(105,'Session Format Property (Property = 3/ ProgramType =1)',2),(106,'Printer For Print Summary To Kitchen Property(Delimeter = |,/',2),(107,'Print Summary To Kitchen Property(Seconde : In TextValue For Property 44,59',2),(108,'PayType Property In PayType Table',2),(109,'Promotion Property In PromotionPriceGroup Table',2),(110,'Front Report Format Property (Property = 91/ ProgramType =1)',2),(111,'Deposit Cash Property (PropertyID = 94/ ProgramTypeID = 1)',2);
/*!40000 ALTER TABLE `programpropertyprogramdescription` ENABLE KEYS */;
UNLOCK TABLES;

--
-- Table structure for table `programpropertyvalue`
--

DROP TABLE IF EXISTS `programpropertyvalue`;
/*!40101 SET @saved_cs_client     = @@character_set_client */;
/*!40101 SET character_set_client = utf8 */;
CREATE TABLE `programpropertyvalue` (
  `ProgramTypeID` int(11) NOT NULL DEFAULT '0',
  `PropertyID` int(11) NOT NULL DEFAULT '0',
  `KeyID` int(11) NOT NULL DEFAULT '0',
  `PropertyValue` int(11) NOT NULL DEFAULT '0',
  `PropertyTextValue` varchar(200) DEFAULT NULL,
  `PropertyDateValue` datetime DEFAULT NULL,
  `UpdateStaffID` int(11) NOT NULL DEFAULT '0',
  `UpdateDate` datetime DEFAULT NULL,
  PRIMARY KEY (`ProgramTypeID`,`PropertyID`,`KeyID`)
) ENGINE=InnoDB DEFAULT CHARSET=utf8;
/*!40101 SET character_set_client = @saved_cs_client */;

--
-- Dumping data for table `programpropertyvalue`
--

LOCK TABLES `programpropertyvalue` WRITE;
/*!40000 ALTER TABLE `programpropertyvalue` DISABLE KEYS */;
INSERT INTO `programpropertyvalue` VALUES (1,1,1,0,'',NULL,0,NULL),(1,1,2,0,'',NULL,0,NULL),(1,1,22,0,'',NULL,0,NULL),(1,2,1,0,'',NULL,0,NULL),(1,2,2,0,'',NULL,0,NULL),(1,2,22,0,'',NULL,0,NULL),(1,3,1,1,'0,1,0,0,0,0,0',NULL,0,NULL),(1,3,2,1,'0,1,0,0,0,0,0',NULL,0,NULL),(1,3,22,0,'',NULL,0,NULL),(1,4,1,0,'',NULL,0,NULL),(1,4,2,0,'',NULL,0,NULL),(1,4,22,0,'',NULL,0,NULL),(1,5,1,1,'',NULL,0,NULL),(1,6,1,0,'',NULL,0,NULL),(1,7,1,1,'',NULL,0,NULL),(1,8,1,0,'',NULL,0,NULL),(1,9,1,0,'',NULL,0,NULL),(1,9,2,0,'',NULL,0,NULL),(1,9,3,0,'',NULL,0,NULL),(1,9,4,0,'',NULL,0,NULL),(1,9,5,0,'',NULL,0,NULL),(1,9,219,0,'',NULL,0,NULL),(1,9,220,0,'',NULL,0,NULL),(1,9,221,0,'',NULL,0,NULL),(1,9,222,0,'',NULL,0,NULL),(1,9,223,0,'',NULL,0,NULL),(1,9,224,0,'',NULL,0,NULL),(1,9,225,0,'',NULL,0,NULL),(1,9,226,0,'',NULL,0,NULL),(1,9,227,0,'',NULL,0,NULL),(1,9,228,0,'',NULL,0,NULL),(1,9,229,0,'',NULL,0,NULL),(1,9,230,0,'',NULL,0,NULL),(1,9,231,0,'',NULL,0,NULL),(1,10,1,0,'',NULL,0,NULL),(1,10,2,0,'',NULL,0,NULL),(1,11,1,0,'',NULL,0,NULL),(1,11,2,0,'',NULL,0,NULL),(1,11,22,0,'',NULL,0,NULL),(1,12,1,0,'',NULL,0,NULL),(1,13,1,0,'',NULL,0,NULL),(1,14,1,0,'',NULL,0,NULL),(1,15,1,0,'',NULL,0,NULL),(1,15,2,0,'',NULL,0,NULL),(1,15,22,0,'',NULL,0,NULL),(1,16,1,0,'',NULL,0,NULL),(1,17,1,0,'',NULL,0,NULL),(1,17,2,0,'',NULL,0,NULL),(1,17,22,0,'',NULL,0,NULL),(1,18,1,0,'',NULL,0,NULL),(1,19,1,0,'',NULL,0,NULL),(1,19,2,0,'',NULL,0,NULL),(1,19,22,0,'',NULL,0,NULL),(1,20,1,0,'',NULL,0,NULL),(1,20,2,0,'',NULL,0,NULL),(1,20,22,0,'',NULL,0,NULL),(1,21,1,1,'',NULL,0,NULL),(1,21,2,1,'',NULL,0,NULL),(1,21,22,1,'',NULL,0,NULL),(1,22,1,0,'',NULL,0,NULL),(1,22,2,0,'',NULL,0,NULL),(1,22,22,0,'',NULL,0,NULL),(1,23,1,0,'',NULL,0,NULL),(1,23,2,0,'',NULL,0,NULL),(1,23,22,1,'',NULL,0,NULL),(1,24,1,0,'',NULL,0,NULL),(1,24,2,0,'',NULL,0,NULL),(1,24,22,0,'',NULL,0,NULL),(1,25,1,0,'',NULL,0,NULL),(1,25,2,0,'',NULL,0,NULL),(1,25,22,0,'',NULL,0,NULL),(1,26,1,0,'',NULL,0,NULL),(1,26,2,0,'',NULL,0,NULL),(1,26,22,0,'',NULL,0,NULL),(1,27,1,0,'',NULL,0,NULL),(1,27,2,0,'',NULL,0,NULL),(1,27,22,0,'',NULL,0,NULL),(1,29,1,0,'',NULL,0,NULL),(1,29,22,0,'',NULL,0,NULL),(1,30,1,0,'',NULL,0,NULL),(1,30,2,0,'',NULL,0,NULL),(1,30,22,0,'',NULL,0,NULL),(1,31,1,0,'',NULL,0,NULL),(1,31,2,0,'',NULL,0,NULL),(1,31,22,2,'',NULL,0,NULL),(1,32,1,0,'',NULL,0,NULL),(1,32,2,0,'',NULL,0,NULL),(1,32,22,1,'',NULL,0,NULL),(1,33,1,0,'',NULL,0,NULL),(1,34,1,0,'',NULL,0,NULL),(1,34,2,0,'',NULL,0,NULL),(1,34,22,1,'',NULL,0,NULL),(1,35,1,0,'',NULL,0,NULL),(1,35,2,0,'',NULL,0,NULL),(1,35,22,0,'',NULL,0,NULL),(1,41,1,1,'',NULL,0,NULL),(1,42,1,0,'',NULL,0,NULL),(1,42,2,0,'',NULL,0,NULL),(1,42,3,0,'',NULL,0,NULL),(1,42,4,0,'',NULL,0,NULL),(1,42,5,0,'',NULL,0,NULL),(1,42,219,0,'',NULL,0,NULL),(1,42,220,0,'',NULL,0,NULL),(1,42,221,1,'',NULL,0,NULL),(1,42,222,0,'',NULL,0,NULL),(1,42,223,0,'',NULL,0,NULL),(1,42,224,0,'',NULL,0,NULL),(1,42,225,0,'',NULL,0,NULL),(1,42,226,0,'',NULL,0,NULL),(1,42,227,0,'',NULL,0,NULL),(1,42,228,0,'',NULL,0,NULL),(1,42,229,0,'',NULL,0,NULL),(1,42,230,0,'',NULL,0,NULL),(1,42,231,0,'',NULL,0,NULL),(1,43,1,0,'',NULL,0,NULL),(1,43,2,0,'',NULL,0,NULL),(1,43,3,0,'',NULL,0,NULL),(1,43,4,0,'',NULL,0,NULL),(1,43,5,0,'',NULL,0,NULL),(1,43,219,0,'',NULL,0,NULL),(1,43,220,0,'',NULL,0,NULL),(1,43,221,0,'',NULL,0,NULL),(1,43,222,0,'',NULL,0,NULL),(1,43,223,0,'',NULL,0,NULL),(1,43,224,0,'',NULL,0,NULL),(1,43,225,0,'',NULL,0,NULL),(1,43,226,0,'',NULL,0,NULL),(1,43,227,0,'',NULL,0,NULL),(1,43,228,0,'',NULL,0,NULL),(1,43,229,0,'',NULL,0,NULL),(1,43,230,0,'',NULL,0,NULL),(1,43,231,0,'',NULL,0,NULL),(1,44,1,0,'',NULL,0,NULL),(1,44,2,0,'',NULL,0,NULL),(1,44,22,0,'',NULL,0,NULL),(1,45,1,0,'',NULL,0,NULL),(1,45,2,0,'',NULL,0,NULL),(1,45,22,0,'',NULL,0,NULL),(1,46,1,0,'',NULL,0,NULL),(1,46,2,0,'',NULL,0,NULL),(1,46,22,0,'',NULL,0,NULL),(1,47,1,0,'',NULL,0,NULL),(1,47,2,0,'',NULL,0,NULL),(1,47,22,0,'',NULL,0,NULL),(1,48,1,0,'',NULL,0,NULL),(1,48,2,0,'',NULL,0,NULL),(1,48,22,0,'',NULL,0,NULL),(1,49,1,0,'',NULL,0,NULL),(1,49,2,0,'',NULL,0,NULL),(1,49,22,0,'',NULL,0,NULL),(1,50,1,0,'',NULL,0,NULL),(1,52,1,2,'',NULL,0,NULL),(1,54,1,0,'',NULL,0,NULL),(1,54,2,0,'',NULL,0,NULL),(1,54,22,0,'',NULL,0,NULL),(1,55,1,0,'',NULL,0,NULL),(1,55,2,0,'',NULL,0,NULL),(1,55,22,0,'',NULL,0,NULL),(1,56,1,0,'',NULL,0,NULL),(1,56,2,0,'',NULL,0,NULL),(1,56,22,0,'',NULL,0,NULL),(1,57,1,0,'',NULL,0,NULL),(1,57,2,0,'',NULL,0,NULL),(1,57,22,0,'',NULL,0,NULL),(1,58,1,0,'',NULL,0,NULL),(1,58,2,0,'',NULL,0,NULL),(1,58,22,0,'',NULL,0,NULL),(1,59,1,0,'',NULL,0,NULL),(1,59,2,0,'',NULL,0,NULL),(1,59,22,0,'',NULL,0,NULL),(1,60,1,0,'',NULL,0,NULL),(1,60,2,0,'',NULL,0,NULL),(1,60,22,0,'',NULL,0,NULL),(1,62,1,0,'',NULL,0,NULL),(1,62,2,0,'',NULL,0,NULL),(1,62,22,0,'',NULL,0,NULL),(1,63,1,0,'',NULL,0,NULL),(1,63,2,0,'',NULL,0,NULL),(1,63,22,0,'',NULL,0,NULL),(1,64,1,1,'',NULL,0,NULL),(1,64,2,1,'',NULL,0,NULL),(1,64,22,0,'',NULL,0,NULL),(1,65,1,0,'',NULL,0,NULL),(1,65,2,0,'',NULL,0,NULL),(1,65,22,0,'',NULL,0,NULL),(1,66,1,0,'',NULL,0,NULL),(1,66,2,0,'',NULL,0,NULL),(1,66,22,0,'',NULL,0,NULL),(1,67,1,0,'',NULL,0,NULL),(1,67,2,0,'',NULL,0,NULL),(1,67,22,0,'',NULL,0,NULL),(1,68,1,0,'',NULL,0,NULL),(1,68,2,0,'',NULL,0,NULL),(1,68,22,0,'',NULL,0,NULL),(1,69,1,0,'',NULL,0,NULL),(1,69,2,0,'',NULL,0,NULL),(1,69,22,0,'',NULL,0,NULL),(1,70,1,1,'',NULL,0,NULL),(1,70,2,1,'',NULL,0,NULL),(1,70,22,0,'',NULL,0,NULL),(1,71,1,0,'',NULL,0,NULL),(1,71,2,0,'',NULL,0,NULL),(1,71,22,0,'',NULL,0,NULL),(1,72,1,0,'',NULL,0,NULL),(1,72,2,0,'',NULL,0,NULL),(1,72,22,0,'',NULL,0,NULL),(1,73,1,0,'',NULL,0,NULL),(1,73,2,1,'',NULL,0,NULL),(1,73,22,0,'',NULL,0,NULL),(1,74,1,0,'',NULL,0,NULL),(1,74,2,0,'',NULL,0,NULL),(1,74,22,0,'',NULL,0,NULL),(1,75,1,0,'',NULL,0,NULL),(1,75,2,0,'',NULL,0,NULL),(1,76,1,0,'',NULL,0,NULL),(1,76,2,0,'',NULL,0,NULL),(1,77,1,1,'',NULL,0,NULL),(1,77,2,1,'',NULL,0,NULL),(1,77,22,0,'',NULL,0,NULL),(1,78,1,0,'',NULL,0,NULL),(1,78,2,0,'',NULL,0,NULL),(1,78,3,0,'',NULL,0,NULL),(1,78,4,0,'',NULL,0,NULL),(1,78,5,0,'',NULL,0,NULL),(1,78,219,0,'',NULL,0,NULL),(1,78,220,0,'',NULL,0,NULL),(1,78,221,0,'',NULL,0,NULL),(1,78,222,0,'',NULL,0,NULL),(1,78,223,0,'',NULL,0,NULL),(1,78,224,0,'',NULL,0,NULL),(1,78,225,0,'',NULL,0,NULL),(1,78,226,0,'',NULL,0,NULL),(1,78,227,0,'',NULL,0,NULL),(1,78,228,0,'',NULL,0,NULL),(1,78,229,0,'',NULL,0,NULL),(1,78,230,0,'',NULL,0,NULL),(1,78,231,0,'',NULL,0,NULL),(1,79,1,1,'',NULL,0,NULL),(1,79,2,1,'',NULL,0,NULL),(1,79,22,0,'',NULL,0,NULL),(1,80,1,0,'',NULL,0,NULL),(1,80,2,0,'',NULL,0,NULL),(1,80,22,0,'',NULL,0,NULL),(1,81,1,0,'',NULL,0,NULL),(1,81,2,0,'',NULL,0,NULL),(1,81,22,0,'',NULL,0,NULL),(1,82,1,0,'',NULL,0,NULL),(1,82,2,0,'',NULL,0,NULL),(1,82,22,1,'',NULL,0,NULL),(1,83,1,0,'',NULL,0,NULL),(1,83,2,0,'',NULL,0,NULL),(1,83,22,0,'',NULL,0,NULL),(1,85,1,0,'',NULL,0,NULL),(1,85,2,1,'',NULL,0,NULL),(1,85,22,1,'',NULL,0,NULL),(1,86,1,0,'',NULL,0,NULL),(1,86,2,0,'',NULL,0,NULL),(1,86,22,1,'',NULL,0,NULL),(1,87,1,1,'',NULL,0,NULL),(1,87,2,1,'',NULL,0,NULL),(1,87,22,0,'',NULL,0,NULL),(1,88,1,0,'',NULL,0,NULL),(1,88,2,0,'',NULL,0,NULL),(1,88,22,0,'',NULL,0,NULL),(1,89,1,0,'',NULL,0,NULL),(1,89,2,0,'',NULL,0,NULL),(1,89,22,0,'',NULL,0,NULL),(1,90,1,0,'',NULL,0,NULL),(1,91,1,0,'',NULL,0,NULL),(1,92,1,0,'',NULL,0,NULL),(1,92,2,0,'',NULL,0,NULL),(1,92,22,0,'',NULL,0,NULL),(1,94,1,0,'',NULL,0,NULL),(1,94,2,0,'',NULL,0,NULL),(1,94,22,0,'',NULL,0,NULL),(1,95,1,0,'',NULL,0,NULL),(1,95,2,0,'',NULL,0,NULL),(1,95,22,0,'',NULL,0,NULL),(1,96,1,0,'',NULL,0,NULL),(1,97,1,0,'CheckStockCount=0;',NULL,0,NULL),(1,97,2,0,'',NULL,0,NULL),(1,97,22,0,'',NULL,0,NULL),(1,98,1,0,'',NULL,0,NULL),(1,98,2,0,'',NULL,0,NULL),(1,98,22,0,'',NULL,0,NULL),(1,100,1,0,'',NULL,0,NULL),(1,100,2,0,'',NULL,0,NULL),(1,100,22,0,'',NULL,0,NULL),(1,101,1,0,'',NULL,0,NULL),(1,101,2,0,'',NULL,0,NULL),(1,101,22,0,'',NULL,0,NULL),(1,102,1,0,'',NULL,0,NULL),(1,102,2,0,'',NULL,0,NULL),(1,103,1,0,'',NULL,0,NULL),(1,103,2,0,'',NULL,0,NULL),(1,104,1,0,'',NULL,0,NULL),(1,104,2,0,'',NULL,0,NULL),(1,105,1,0,'',NULL,0,NULL),(1,106,1,0,'',NULL,0,NULL),(1,106,2,0,'',NULL,0,NULL),(1,107,1,0,'',NULL,0,NULL),(1,108,1,0,'',NULL,0,NULL),(1,108,2,0,'',NULL,0,NULL),(1,110,1,0,'',NULL,0,NULL),(1,110,2,0,'',NULL,0,NULL),(1,111,1,0,'',NULL,0,NULL),(1,111,2,0,'',NULL,0,NULL),(1,112,1,0,'',NULL,0,NULL),(1,112,2,0,'',NULL,0,NULL),(1,113,1,0,'',NULL,0,NULL),(1,113,2,0,'',NULL,0,NULL),(1,114,1,0,'',NULL,0,NULL),(1,114,2,0,'',NULL,0,NULL),(1,115,1,0,'',NULL,0,NULL),(1,115,2,0,'',NULL,0,NULL),(1,116,1,0,'',NULL,0,NULL),(1,117,1,0,'',NULL,0,NULL),(1,117,2,0,'',NULL,0,NULL),(1,120,1,0,'',NULL,0,NULL),(1,121,1,0,'',NULL,0,NULL),(1,122,1,0,'',NULL,0,NULL),(1,123,1,0,'',NULL,0,NULL),(1,123,2,0,'',NULL,0,NULL),(1,124,1,0,'',NULL,0,NULL),(1,124,2,0,'',NULL,0,NULL),(1,125,1,0,'',NULL,0,NULL),(1,125,2,0,'',NULL,0,NULL),(1,126,1,0,'',NULL,0,NULL),(1,126,2,0,'',NULL,0,NULL),(1,127,1,0,'',NULL,0,NULL),(1,127,2,0,'',NULL,0,NULL),(1,128,1,0,'',NULL,0,NULL),(1,128,2,0,'',NULL,0,NULL),(1,129,1,0,'',NULL,0,NULL),(1,129,2,0,'',NULL,0,NULL),(1,130,1,0,'',NULL,0,NULL),(1,130,2,0,'',NULL,0,NULL),(1,131,1,0,'',NULL,0,NULL),(1,131,2,0,'',NULL,0,NULL),(1,1001,1,0,'',NULL,0,NULL),(1,1001,2,4,'',NULL,0,NULL),(1,1001,22,4,'',NULL,0,NULL),(1,1002,1,0,'',NULL,0,NULL),(1,1002,2,0,'',NULL,0,NULL),(1,1002,22,0,'',NULL,0,NULL),(1,1003,1,0,'',NULL,0,NULL),(1,1003,2,0,'',NULL,0,NULL),(1,1003,22,0,'',NULL,0,NULL),(1,1004,1,0,'',NULL,0,NULL),(1,1004,2,0,'',NULL,0,NULL),(1,1004,22,0,'',NULL,0,NULL),(1,1005,1,0,'',NULL,0,NULL),(1,1005,2,0,'',NULL,0,NULL),(1,1005,22,0,'',NULL,0,NULL),(1,1006,1,0,'',NULL,0,NULL),(1,1006,2,0,'',NULL,0,NULL),(1,1006,22,0,'',NULL,0,NULL),(1,1007,1,0,'',NULL,0,NULL),(1,1008,1,0,'',NULL,0,NULL),(1,1009,1,0,'',NULL,0,NULL),(1,1010,1,0,'',NULL,0,NULL),(1,1010,2,1,'',NULL,0,NULL),(1,1011,1,0,'',NULL,0,NULL),(1,1011,2,0,'',NULL,0,NULL),(1,1011,3,0,'',NULL,0,NULL),(1,1011,4,0,'',NULL,0,NULL),(1,1011,5,0,'',NULL,0,NULL),(1,1011,219,0,'',NULL,0,NULL),(1,1011,220,0,'',NULL,0,NULL),(1,1011,221,0,'',NULL,0,NULL),(1,1011,222,0,'',NULL,0,NULL),(1,1011,223,0,'',NULL,0,NULL),(1,1011,224,0,'',NULL,0,NULL),(1,1011,225,0,'',NULL,0,NULL),(1,1011,226,0,'',NULL,0,NULL),(1,1011,227,0,'',NULL,0,NULL),(1,1011,228,0,'',NULL,0,NULL),(1,1011,229,0,'',NULL,0,NULL),(1,1011,230,0,'',NULL,0,NULL),(1,1011,231,0,'',NULL,0,NULL),(1,1012,1,0,'',NULL,0,NULL),(1,1012,2,0,'',NULL,0,NULL),(1,1012,3,0,'',NULL,0,NULL),(1,1012,4,0,'',NULL,0,NULL),(1,1012,5,0,'',NULL,0,NULL),(1,1012,219,0,'',NULL,0,NULL),(1,1012,220,0,'',NULL,0,NULL),(1,1012,221,0,'',NULL,0,NULL),(1,1012,222,0,'',NULL,0,NULL),(1,1012,223,0,'',NULL,0,NULL),(1,1012,224,0,'',NULL,0,NULL),(1,1012,225,0,'',NULL,0,NULL),(1,1012,226,0,'',NULL,0,NULL),(1,1012,227,0,'',NULL,0,NULL),(1,1012,228,0,'',NULL,0,NULL),(1,1012,229,0,'',NULL,0,NULL),(1,1012,230,0,'',NULL,0,NULL),(1,1012,231,0,'',NULL,0,NULL),(1,1013,1,0,'',NULL,0,NULL),(1,1014,1,0,'',NULL,0,NULL),(1,1014,2,0,'',NULL,0,NULL),(1,1014,22,0,'',NULL,0,NULL),(1,1015,1,0,'',NULL,0,NULL),(1,1015,2,0,'',NULL,0,NULL),(1,1015,22,0,'',NULL,0,NULL),(1,1016,1,0,'',NULL,0,NULL),(1,1016,2,0,'',NULL,0,NULL),(1,1016,22,0,'',NULL,0,NULL),(1,1017,1,0,'',NULL,0,NULL),(1,1017,2,0,'',NULL,0,NULL),(1,1017,22,0,'',NULL,0,NULL),(1,1018,1,0,'',NULL,0,NULL),(1,1018,2,0,'',NULL,0,NULL),(1,1018,22,0,'',NULL,0,NULL),(1,1019,1,0,'',NULL,0,NULL),(1,1019,2,0,'',NULL,0,NULL),(1,1019,22,0,'',NULL,0,NULL),(1,1020,1,0,'',NULL,0,NULL),(1,1020,2,0,'',NULL,0,NULL),(1,1020,22,0,'',NULL,0,NULL),(1,1021,1,0,'',NULL,0,NULL),(1,1021,2,0,'',NULL,0,NULL),(1,1021,22,0,'',NULL,0,NULL),(1,1022,1,0,'',NULL,0,NULL),(1,1022,2,0,'',NULL,0,NULL),(1,1022,22,0,'',NULL,0,NULL),(1,1023,1,0,'',NULL,0,NULL),(1,1023,2,0,'',NULL,0,NULL),(1,1023,22,0,'',NULL,0,NULL),(1,1024,1,1,'',NULL,0,NULL),(1,1024,2,1,'',NULL,0,NULL),(1,1024,22,1,'',NULL,0,NULL),(1,1025,1,0,'',NULL,0,NULL),(1,1026,1,1,'',NULL,0,NULL),(1,1026,2,1,'',NULL,0,NULL),(1,1026,22,1,'',NULL,0,NULL),(1,1027,1,1,'',NULL,0,NULL),(1,1027,2,1,'',NULL,0,NULL),(1,1027,22,1,'',NULL,0,NULL),(1,1028,1,0,'',NULL,0,NULL),(1,1028,2,0,'',NULL,0,NULL),(1,1028,22,0,'',NULL,0,NULL),(1,1029,1,0,'',NULL,0,NULL),(1,1029,2,0,'',NULL,0,NULL),(1,1029,22,0,'',NULL,0,NULL),(1,1030,1,0,'',NULL,0,NULL),(1,1030,2,0,'',NULL,0,NULL),(1,1030,22,0,'',NULL,0,NULL),(1,1031,1,1,'',NULL,0,NULL),(1,1032,1,0,'',NULL,0,NULL),(1,1033,1,0,'',NULL,0,NULL),(1,1033,2,0,'',NULL,0,NULL),(1,1034,1,0,'',NULL,0,NULL),(1,1034,2,0,'',NULL,0,NULL),(1,1034,22,0,'',NULL,0,NULL),(1,1035,1,1,'',NULL,0,NULL),(1,1035,2,1,'',NULL,0,NULL),(1,1035,22,1,'',NULL,0,NULL),(1,1036,1,0,'',NULL,0,NULL),(1,1036,2,0,'',NULL,0,NULL),(1,1036,22,0,'',NULL,0,NULL),(1,1037,1,0,'',NULL,0,NULL),(1,1037,2,0,'',NULL,0,NULL),(1,1037,22,0,'',NULL,0,NULL),(1,1038,1,0,'',NULL,0,NULL),(1,1038,2,0,'',NULL,0,NULL),(1,1038,22,0,'',NULL,0,NULL),(1,1039,1,0,'',NULL,0,NULL),(1,1039,2,0,'',NULL,0,NULL),(1,1039,22,0,'',NULL,0,NULL),(1,1040,1,0,'',NULL,0,NULL),(1,1041,1,0,'',NULL,0,NULL),(1,1042,1,0,'',NULL,0,NULL),(1,1042,2,0,'',NULL,0,NULL),(1,1042,22,0,'',NULL,0,NULL),(1,1045,1,0,'',NULL,0,NULL),(1,1045,2,0,'',NULL,0,NULL),(1,1045,22,0,'',NULL,0,NULL),(1,1046,1,1,'',NULL,0,NULL),(1,1046,2,0,'',NULL,0,NULL),(1,1046,3,0,'',NULL,0,NULL),(1,1046,4,1,'',NULL,0,NULL),(1,1046,5,1,'',NULL,0,NULL),(1,1046,219,1,'',NULL,0,NULL),(1,1046,220,1,'',NULL,0,NULL),(1,1046,221,1,'',NULL,0,NULL),(1,1046,222,0,'',NULL,0,NULL),(1,1046,223,0,'',NULL,0,NULL),(1,1046,224,0,'',NULL,0,NULL),(1,1046,225,0,'',NULL,0,NULL),(1,1046,226,0,'',NULL,0,NULL),(1,1046,227,0,'',NULL,0,NULL),(1,1046,228,0,'',NULL,0,NULL),(1,1046,229,0,'',NULL,0,NULL),(1,1046,230,0,'',NULL,0,NULL),(1,1046,231,0,'',NULL,0,NULL),(1,1047,1,1,'',NULL,0,NULL),(1,1047,2,0,'',NULL,0,NULL),(1,1047,3,0,'',NULL,0,NULL),(1,1047,4,1,'',NULL,0,NULL),(1,1047,5,1,'',NULL,0,NULL),(1,1047,219,1,'',NULL,0,NULL),(1,1047,220,1,'',NULL,0,NULL),(1,1047,221,1,'',NULL,0,NULL),(1,1047,222,0,'',NULL,0,NULL),(1,1047,223,0,'',NULL,0,NULL),(1,1047,224,0,'',NULL,0,NULL),(1,1047,225,0,'',NULL,0,NULL),(1,1047,226,0,'',NULL,0,NULL),(1,1047,227,0,'',NULL,0,NULL),(1,1047,228,0,'',NULL,0,NULL),(1,1047,229,0,'',NULL,0,NULL),(1,1047,230,0,'',NULL,0,NULL),(1,1047,231,0,'',NULL,0,NULL),(1,1048,1,0,'',NULL,0,NULL),(1,1048,2,0,'',NULL,0,NULL),(1,1049,1,0,'',NULL,0,NULL),(1,1049,2,0,'',NULL,0,NULL),(1,1049,22,0,'',NULL,0,NULL),(1,1050,1,0,'',NULL,0,NULL),(1,1051,1,0,'',NULL,0,NULL),(1,1051,2,0,'',NULL,0,NULL),(1,1051,3,0,'',NULL,0,NULL),(1,1051,4,0,'',NULL,0,NULL),(1,1051,5,0,'',NULL,0,NULL),(1,1051,22,1,'',NULL,0,NULL),(1,1052,1,0,'',NULL,0,NULL),(1,1052,2,0,'',NULL,0,NULL),(1,1052,3,0,'',NULL,0,NULL),(1,1052,4,0,'',NULL,0,NULL),(1,1052,5,0,'',NULL,0,NULL),(1,1052,22,0,'',NULL,0,NULL),(1,1053,1,0,'',NULL,0,NULL),(1,1053,2,0,'',NULL,0,NULL),(1,1053,3,0,'',NULL,0,NULL),(1,1053,4,0,'',NULL,0,NULL),(1,1053,5,0,'',NULL,0,NULL),(1,1053,22,0,'',NULL,0,NULL),(1,1054,1,0,'',NULL,0,NULL),(1,1054,2,0,'',NULL,0,NULL),(1,1054,3,0,'',NULL,0,NULL),(1,1054,4,0,'',NULL,0,NULL),(1,1054,5,0,'',NULL,0,NULL),(1,1054,22,1,'',NULL,0,NULL),(1,1055,1,0,'',NULL,0,NULL),(1,1055,2,0,'',NULL,0,NULL),(1,1055,3,0,'',NULL,0,NULL),(1,1055,4,0,'',NULL,0,NULL),(1,1055,5,0,'',NULL,0,NULL),(1,1055,22,1,'',NULL,0,NULL),(1,1056,1,0,'',NULL,0,NULL),(1,1056,2,0,'',NULL,0,NULL),(1,1056,22,0,'',NULL,0,NULL),(1,1057,1,0,'',NULL,0,NULL),(1,1057,2,0,'',NULL,0,NULL),(1,1057,22,0,'',NULL,0,NULL),(1,1058,1,0,'',NULL,0,NULL),(1,1058,2,0,'',NULL,0,NULL),(1,1058,3,0,'',NULL,0,NULL),(1,1058,4,0,'',NULL,0,NULL),(1,1058,5,0,'',NULL,0,NULL),(1,1058,22,0,'',NULL,0,NULL),(1,1059,1,0,'',NULL,0,NULL),(1,1059,2,0,'',NULL,0,NULL),(1,1059,3,0,'',NULL,0,NULL),(1,1059,4,0,'',NULL,0,NULL),(1,1059,5,0,'',NULL,0,NULL),(1,1059,22,1,'',NULL,0,NULL),(1,1060,1,0,'',NULL,0,NULL),(1,1060,2,0,'',NULL,0,NULL),(1,1060,22,0,'',NULL,0,NULL),(1,1061,1,1,'',NULL,0,NULL),(1,1061,2,1,'',NULL,0,NULL),(1,1061,3,1,'',NULL,0,NULL),(1,1061,4,1,'',NULL,0,NULL),(1,1061,5,1,'',NULL,0,NULL),(1,1061,219,1,'',NULL,0,NULL),(1,1061,231,1,'',NULL,0,NULL),(1,1062,1,0,'',NULL,0,NULL),(1,1062,2,0,'',NULL,0,NULL),(1,1062,3,0,'',NULL,0,NULL),(1,1062,4,0,'',NULL,0,NULL),(1,1062,5,0,'',NULL,0,NULL),(1,1063,1,0,'',NULL,0,NULL),(1,1063,2,0,'',NULL,0,NULL),(1,1063,3,0,'',NULL,0,NULL),(1,1063,4,0,'',NULL,0,NULL),(1,1063,5,0,'',NULL,0,NULL),(1,1064,1,0,'',NULL,0,NULL),(1,1064,2,0,'',NULL,0,NULL),(1,1064,3,0,'',NULL,0,NULL),(1,1064,4,0,'',NULL,0,NULL),(1,1064,5,0,'',NULL,0,NULL),(1,1065,1,1,'',NULL,0,NULL),(1,1065,2,0,'',NULL,0,NULL),(1,1065,3,0,'',NULL,0,NULL),(1,1065,4,0,'',NULL,0,NULL),(1,1065,5,0,'',NULL,0,NULL),(1,1066,1,0,'',NULL,0,NULL),(1,1066,2,0,'',NULL,0,NULL),(1,1066,3,0,'',NULL,0,NULL),(1,1066,4,0,'',NULL,0,NULL),(1,1066,5,0,'',NULL,0,NULL),(1,1067,1,0,'',NULL,0,NULL),(1,1067,2,0,'',NULL,0,NULL),(1,1067,3,0,'',NULL,0,NULL),(1,1071,1,0,'',NULL,0,NULL),(1,1071,2,0,'',NULL,0,NULL),(1,1071,22,0,'',NULL,0,NULL),(1,1072,1,0,'',NULL,0,NULL),(1,1072,2,0,'',NULL,0,NULL),(1,1072,22,0,'',NULL,0,NULL),(1,1073,1,0,'',NULL,0,NULL),(1,1073,2,0,'',NULL,0,NULL),(1,1073,22,1,'',NULL,0,NULL),(1,1074,1,0,'',NULL,0,NULL),(1,1074,2,0,'',NULL,0,NULL),(1,1074,22,0,'',NULL,0,NULL),(1,1075,1,0,'',NULL,0,NULL),(1,1075,2,0,'',NULL,0,NULL),(1,1075,3,0,'',NULL,0,NULL),(1,1075,4,0,'',NULL,0,NULL),(1,1075,5,0,'',NULL,0,NULL),(1,1076,1,0,'',NULL,0,NULL),(1,1076,2,0,'',NULL,0,NULL),(1,1077,1,0,'',NULL,0,NULL),(1,1078,1,0,'',NULL,0,NULL),(1,1078,2,0,'',NULL,0,NULL),(1,1078,22,0,'',NULL,0,NULL),(1,1079,1,4,'',NULL,0,NULL),(1,1079,2,4,'',NULL,0,NULL),(1,1079,3,4,'',NULL,0,NULL),(1,1079,4,0,'',NULL,0,NULL),(1,1079,5,0,'',NULL,0,NULL),(1,1080,1,30,'',NULL,0,NULL),(1,1080,2,30,'',NULL,0,NULL),(1,1081,1,0,'',NULL,0,NULL),(1,1081,2,0,'',NULL,0,NULL),(1,1082,1,1,'',NULL,0,NULL),(1,1082,2,1,'',NULL,0,NULL),(1,1083,1,0,'',NULL,0,NULL),(1,1083,2,0,'',NULL,0,NULL),(1,1083,3,0,'',NULL,0,NULL),(1,1083,4,0,'',NULL,0,NULL),(1,1083,5,0,'',NULL,0,NULL),(1,1084,1,0,'',NULL,0,NULL),(1,1084,2,0,'',NULL,0,NULL),(1,1085,1,0,'',NULL,0,NULL),(1,1085,2,0,'',NULL,0,NULL),(1,1086,1,0,'',NULL,0,NULL),(1,1086,2,0,'',NULL,0,NULL),(1,1088,1,0,'',NULL,0,NULL),(1,1088,2,0,'',NULL,0,NULL),(1,1091,1,0,'',NULL,0,NULL),(1,1091,2,0,'',NULL,0,NULL),(1,1092,1,0,'',NULL,0,NULL),(1,1092,2,0,'',NULL,0,NULL),(1,1093,1,0,'',NULL,0,NULL),(1,1093,2,0,'',NULL,0,NULL),(1,1094,1,1,'',NULL,0,NULL),(1,1094,2,1,'',NULL,0,NULL),(1,1095,1,0,'',NULL,0,NULL),(1,1095,2,0,'',NULL,0,NULL),(1,1096,1,0,'',NULL,0,NULL),(1,1096,2,0,'',NULL,0,NULL),(1,1098,1,1,'',NULL,0,NULL),(1,1098,2,1,'',NULL,0,NULL),(1,1100,1,0,'',NULL,0,NULL),(1,1100,2,0,'',NULL,0,NULL),(1,1101,1,0,'',NULL,0,NULL),(1,1101,2,0,'',NULL,0,NULL),(1,1102,1,0,'',NULL,0,NULL),(1,1102,2,0,'',NULL,0,NULL),(2,1,1,1,'',NULL,0,NULL),(2,2,1,0,'',NULL,0,NULL),(2,3,1,1,'',NULL,0,NULL),(2,4,1,-1,'',NULL,0,NULL),(2,5,1,0,'',NULL,0,NULL),(2,6,1,5,'',NULL,0,NULL),(2,7,1,0,'',NULL,0,NULL),(2,8,1,0,'',NULL,0,NULL),(2,9,1,0,'',NULL,0,NULL),(2,10,1,1,'',NULL,0,NULL),(2,10,2,1,'',NULL,0,NULL),(2,10,22,1,'',NULL,0,NULL),(2,11,1,0,'',NULL,0,NULL),(2,12,1,0,'',NULL,0,NULL),(2,13,1,0,'',NULL,0,NULL),(2,14,1,0,'',NULL,0,NULL),(2,17,1,0,'',NULL,0,NULL),(2,9999,1,0,'',NULL,0,NULL),(3,1,1,0,'',NULL,0,NULL),(3,2,1,0,'',NULL,0,NULL),(3,3,1,1,'',NULL,0,NULL),(3,4,1,0,'',NULL,0,NULL),(3,5,1,0,'',NULL,0,NULL),(3,6,1,0,'',NULL,0,NULL),(3,7,1,-1,'',NULL,0,NULL),(3,8,1,0,'',NULL,0,NULL),(3,9,1,0,'',NULL,0,NULL),(3,10,1,0,'',NULL,0,NULL),(3,11,1,0,'',NULL,0,NULL),(3,12,1,0,'',NULL,0,NULL),(3,13,1,0,'',NULL,0,NULL),(3,14,1,0,'',NULL,0,NULL),(3,15,1,0,'',NULL,0,NULL),(3,16,1,0,'',NULL,0,NULL),(3,17,1,0,'',NULL,0,NULL),(3,18,1,0,'',NULL,0,NULL),(3,19,1,0,'',NULL,0,NULL),(3,20,1,0,'',NULL,0,NULL),(4,1,1,5,'',NULL,0,NULL),(4,1,2,5,'',NULL,0,NULL),(4,1,22,5,'',NULL,0,NULL),(4,2,1,0,'',NULL,0,NULL),(4,3,1,0,'',NULL,0,NULL),(4,3,2,0,'',NULL,0,NULL),(4,3,22,0,'',NULL,0,NULL),(4,4,1,0,'',NULL,0,NULL),(4,4,2,1,'อาหารและเครื่องดิ่ม',NULL,0,NULL),(4,4,22,0,'',NULL,0,NULL),(4,5,1,0,'',NULL,0,NULL),(4,5,2,0,'',NULL,0,NULL),(4,5,22,0,'',NULL,0,NULL),(4,6,1,0,'',NULL,0,NULL),(4,6,2,0,'',NULL,0,NULL),(4,6,22,0,'',NULL,0,NULL),(4,7,1,0,'',NULL,0,NULL),(4,7,2,0,'',NULL,0,NULL),(4,7,22,0,'',NULL,0,NULL),(4,8,1,0,'',NULL,0,NULL),(4,8,2,0,'',NULL,0,NULL),(4,8,22,0,'',NULL,0,NULL),(4,9,1,1,'',NULL,0,NULL),(4,9,2,1,'',NULL,0,NULL),(4,10,1,0,'',NULL,0,NULL),(4,11,1,0,'',NULL,0,NULL),(4,11,2,0,'',NULL,0,NULL),(5,1,1,0,'',NULL,0,NULL),(7,1,1,0,'',NULL,0,NULL),(7,2,1,0,'',NULL,0,NULL),(7,3,1,0,'',NULL,0,NULL),(7,4,1,0,'',NULL,0,NULL),(7,5,1,1,'',NULL,0,NULL),(7,6,1,0,'',NULL,0,NULL),(8,1,1,0,'',NULL,0,NULL);
/*!40000 ALTER TABLE `programpropertyvalue` ENABLE KEYS */;
UNLOCK TABLES;

--
-- Table structure for table `promoproducts_temp`
--

DROP TABLE IF EXISTS `promoproducts_temp`;
/*!40101 SET @saved_cs_client     = @@character_set_client */;
/*!40101 SET character_set_client = utf8 */;
CREATE TABLE `promoproducts_temp` (
  `PriceGroupID` int(11) NOT NULL DEFAULT '0',
  `ProductID` int(11) NOT NULL DEFAULT '0',
  `DiscountAmount` decimal(18,2) NOT NULL DEFAULT '0.00',
  `DiscountPercent` decimal(18,2) NOT NULL DEFAULT '0.00',
  `AmountOrPercent` tinyint(2) NOT NULL DEFAULT '0',
  PRIMARY KEY (`PriceGroupID`,`ProductID`)
) ENGINE=InnoDB DEFAULT CHARSET=utf8;
/*!40101 SET character_set_client = @saved_cs_client */;

--
-- Dumping data for table `promoproducts_temp`
--

LOCK TABLES `promoproducts_temp` WRITE;
/*!40000 ALTER TABLE `promoproducts_temp` DISABLE KEYS */;
/*!40000 ALTER TABLE `promoproducts_temp` ENABLE KEYS */;
UNLOCK TABLES;

--
-- Table structure for table `promotionamounttype`
--

DROP TABLE IF EXISTS `promotionamounttype`;
/*!40101 SET @saved_cs_client     = @@character_set_client */;
/*!40101 SET character_set_client = utf8 */;
CREATE TABLE `promotionamounttype` (
  `AmountTypeID` tinyint(4) NOT NULL DEFAULT '0',
  `Description` varchar(100) DEFAULT NULL,
  PRIMARY KEY (`AmountTypeID`)
) ENGINE=InnoDB DEFAULT CHARSET=utf8;
/*!40101 SET character_set_client = @saved_cs_client */;

--
-- Dumping data for table `promotionamounttype`
--

LOCK TABLES `promotionamounttype` WRITE;
/*!40000 ALTER TABLE `promotionamounttype` DISABLE KEYS */;
INSERT INTO `promotionamounttype` VALUES (0,'Normal Promotion'),(1,'Every N Discount Promotion'),(2,'Every N Bonus Product'),(3,'Promotion Level'),(4,'Bonus Product For Sub PromotionLevel'),(100,'Normal Promotion in Each Product');
/*!40000 ALTER TABLE `promotionamounttype` ENABLE KEYS */;
UNLOCK TABLES;

--
-- Table structure for table `promotionbonusproduct`
--

DROP TABLE IF EXISTS `promotionbonusproduct`;
/*!40101 SET @saved_cs_client     = @@character_set_client */;
/*!40101 SET character_set_client = utf8 */;
CREATE TABLE `promotionbonusproduct` (
  `PriceGroupID` int(11) NOT NULL DEFAULT '0',
  `ProductID` int(11) NOT NULL DEFAULT '0',
  `DiscountAmount` decimal(18,4) NOT NULL DEFAULT '0.0000',
  `DiscountPercent` decimal(8,4) NOT NULL DEFAULT '0.0000',
  `AmountOrPercent` tinyint(4) NOT NULL DEFAULT '0',
  PRIMARY KEY (`PriceGroupID`,`ProductID`)
) ENGINE=InnoDB DEFAULT CHARSET=utf8;
/*!40101 SET character_set_client = @saved_cs_client */;

--
-- Dumping data for table `promotionbonusproduct`
--

LOCK TABLES `promotionbonusproduct` WRITE;
/*!40000 ALTER TABLE `promotionbonusproduct` DISABLE KEYS */;
/*!40000 ALTER TABLE `promotionbonusproduct` ENABLE KEYS */;
UNLOCK TABLES;

--
-- Table structure for table `promotiondiscount`
--

DROP TABLE IF EXISTS `promotiondiscount`;
/*!40101 SET @saved_cs_client     = @@character_set_client */;
/*!40101 SET character_set_client = utf8 */;
CREATE TABLE `promotiondiscount` (
  `PriceGroupID` int(11) NOT NULL DEFAULT '0',
  `ProductID` int(11) NOT NULL DEFAULT '0',
  `SaleMode` tinyint(4) NOT NULL DEFAULT '0',
  PRIMARY KEY (`PriceGroupID`,`ProductID`,`SaleMode`)
) ENGINE=InnoDB DEFAULT CHARSET=utf8;
/*!40101 SET character_set_client = @saved_cs_client */;

--
-- Dumping data for table `promotiondiscount`
--

LOCK TABLES `promotiondiscount` WRITE;
/*!40000 ALTER TABLE `promotiondiscount` DISABLE KEYS */;
INSERT INTO `promotiondiscount` VALUES (1,200001,0),(1,200002,0),(1,200003,0),(1,200004,0),(1,200006,0),(1,200007,0),(1,200009,0),(1,200010,0),(1,200011,0),(1,200012,0),(1,200013,0),(2,200001,0),(2,200002,0),(2,200003,0),(2,200004,0),(2,200006,0),(2,200007,0),(2,200009,0),(2,200010,0),(2,200011,0),(2,200012,0),(2,200013,0),(3,200001,0),(3,200002,0),(3,200003,0),(3,200004,0),(3,200006,0),(3,200007,0),(3,200009,0),(3,200010,0),(3,200011,0),(3,200012,0),(3,200013,0);
/*!40000 ALTER TABLE `promotiondiscount` ENABLE KEYS */;
UNLOCK TABLES;

--
-- Table structure for table `promotiondiscounttype`
--

DROP TABLE IF EXISTS `promotiondiscounttype`;
/*!40101 SET @saved_cs_client     = @@character_set_client */;
/*!40101 SET character_set_client = utf8 */;
CREATE TABLE `promotiondiscounttype` (
  `TypeID` tinyint(4) NOT NULL DEFAULT '0',
  `Description` varchar(50) DEFAULT NULL,
  PRIMARY KEY (`TypeID`)
) ENGINE=InnoDB DEFAULT CHARSET=utf8;
/*!40101 SET character_set_client = @saved_cs_client */;

--
-- Dumping data for table `promotiondiscounttype`
--

LOCK TABLES `promotiondiscounttype` WRITE;
/*!40000 ALTER TABLE `promotiondiscounttype` DISABLE KEYS */;
INSERT INTO `promotiondiscounttype` VALUES (1,'Member Discount'),(2,'Price Discount'),(3,'Staff Discount'),(4,'Coupon Discount'),(5,'Voucher Discount'),(6,'Other Discount'),(7,'Sub Promotion for Promotion Level');
/*!40000 ALTER TABLE `promotiondiscounttype` ENABLE KEYS */;
UNLOCK TABLES;

--
-- Table structure for table `promotiongroup`
--

DROP TABLE IF EXISTS `promotiongroup`;
/*!40101 SET @saved_cs_client     = @@character_set_client */;
/*!40101 SET character_set_client = utf8 */;
CREATE TABLE `promotiongroup` (
  `PromotionGroupID` int(11) NOT NULL DEFAULT '0',
  `PromotionGroupName` varchar(20) DEFAULT NULL,
  `Deleted` tinyint(2) NOT NULL DEFAULT '0',
  PRIMARY KEY (`PromotionGroupID`)
) ENGINE=InnoDB DEFAULT CHARSET=utf8;
/*!40101 SET character_set_client = @saved_cs_client */;

--
-- Dumping data for table `promotiongroup`
--

LOCK TABLES `promotiongroup` WRITE;
/*!40000 ALTER TABLE `promotiongroup` DISABLE KEYS */;
INSERT INTO `promotiongroup` VALUES (0,'None',0);
/*!40000 ALTER TABLE `promotiongroup` ENABLE KEYS */;
UNLOCK TABLES;

--
-- Table structure for table `promotionlevels`
--

DROP TABLE IF EXISTS `promotionlevels`;
/*!40101 SET @saved_cs_client     = @@character_set_client */;
/*!40101 SET character_set_client = utf8 */;
CREATE TABLE `promotionlevels` (
  `PromotionLevelID` int(11) NOT NULL DEFAULT '0',
  `PriceGroupID` int(11) NOT NULL DEFAULT '0',
  `PromotionLevelStart` decimal(18,2) NOT NULL DEFAULT '0.00',
  `PromotionLevelEnd` decimal(18,2) NOT NULL DEFAULT '0.00',
  `SubPriceGroupID` int(11) NOT NULL DEFAULT '0',
  `AppliedOnlyInCurrentLevel` tinyint(4) NOT NULL DEFAULT '0',
  PRIMARY KEY (`PromotionLevelID`)
) ENGINE=InnoDB DEFAULT CHARSET=utf8;
/*!40101 SET character_set_client = @saved_cs_client */;

--
-- Dumping data for table `promotionlevels`
--

LOCK TABLES `promotionlevels` WRITE;
/*!40000 ALTER TABLE `promotionlevels` DISABLE KEYS */;
/*!40000 ALTER TABLE `promotionlevels` ENABLE KEYS */;
UNLOCK TABLES;

--
-- Table structure for table `promotionlink`
--

DROP TABLE IF EXISTS `promotionlink`;
/*!40101 SET @saved_cs_client     = @@character_set_client */;
/*!40101 SET character_set_client = utf8 */;
CREATE TABLE `promotionlink` (
  `PriceGroupID` int(11) NOT NULL DEFAULT '0',
  `LinkID` int(11) NOT NULL DEFAULT '0',
  PRIMARY KEY (`PriceGroupID`,`LinkID`)
) ENGINE=InnoDB DEFAULT CHARSET=utf8;
/*!40101 SET character_set_client = @saved_cs_client */;

--
-- Dumping data for table `promotionlink`
--

LOCK TABLES `promotionlink` WRITE;
/*!40000 ALTER TABLE `promotionlink` DISABLE KEYS */;
INSERT INTO `promotionlink` VALUES (1,2),(2,1),(3,2);
/*!40000 ALTER TABLE `promotionlink` ENABLE KEYS */;
UNLOCK TABLES;

--
-- Table structure for table `promotionnpromoamounttype`
--

DROP TABLE IF EXISTS `promotionnpromoamounttype`;
/*!40101 SET @saved_cs_client     = @@character_set_client */;
/*!40101 SET character_set_client = utf8 */;
CREATE TABLE `promotionnpromoamounttype` (
  `NPromoAmountType` tinyint(4) NOT NULL DEFAULT '0',
  `Description` varchar(100) DEFAULT NULL,
  PRIMARY KEY (`NPromoAmountType`)
) ENGINE=InnoDB DEFAULT CHARSET=utf8;
/*!40101 SET character_set_client = @saved_cs_client */;

--
-- Dumping data for table `promotionnpromoamounttype`
--

LOCK TABLES `promotionnpromoamounttype` WRITE;
/*!40000 ALTER TABLE `promotionnpromoamounttype` DISABLE KEYS */;
INSERT INTO `promotionnpromoamounttype` VALUES (1,'Same Product'),(2,'Any Product In Promotion');
/*!40000 ALTER TABLE `promotionnpromoamounttype` ENABLE KEYS */;
UNLOCK TABLES;

--
-- Table structure for table `promotionnpromobaseon`
--

DROP TABLE IF EXISTS `promotionnpromobaseon`;
/*!40101 SET @saved_cs_client     = @@character_set_client */;
/*!40101 SET character_set_client = utf8 */;
CREATE TABLE `promotionnpromobaseon` (
  `BaseOnID` tinyint(4) NOT NULL DEFAULT '0',
  `Description` varchar(100) DEFAULT NULL,
  PRIMARY KEY (`BaseOnID`)
) ENGINE=InnoDB DEFAULT CHARSET=utf8;
/*!40101 SET character_set_client = @saved_cs_client */;

--
-- Dumping data for table `promotionnpromobaseon`
--

LOCK TABLES `promotionnpromobaseon` WRITE;
/*!40000 ALTER TABLE `promotionnpromobaseon` DISABLE KEYS */;
INSERT INTO `promotionnpromobaseon` VALUES (1,'Based On Product Amount'),(2,'Based On Product Price');
/*!40000 ALTER TABLE `promotionnpromobaseon` ENABLE KEYS */;
UNLOCK TABLES;

--
-- Table structure for table `promotionpricegroup`
--

DROP TABLE IF EXISTS `promotionpricegroup`;
/*!40101 SET @saved_cs_client     = @@character_set_client */;
/*!40101 SET character_set_client = utf8 */;
CREATE TABLE `promotionpricegroup` (
  `pricegroupid` int(11) NOT NULL AUTO_INCREMENT,
  `TypeID` tinyint(4) NOT NULL DEFAULT '0',
  `PromotionCode` varchar(20) DEFAULT NULL,
  `PromotionPriceName` varchar(100) DEFAULT NULL,
  `PromotionDescription` text,
  `PriceFromDate` datetime DEFAULT NULL,
  `PriceToDate` datetime DEFAULT NULL,
  `PriceFromTime` datetime DEFAULT NULL,
  `PriceToTime` datetime DEFAULT NULL,
  `PercentDiscount` tinyint(4) NOT NULL DEFAULT '0',
  `DiscountAmount` decimal(10,4) NOT NULL DEFAULT '0.0000',
  `WeeklyString` varchar(50) DEFAULT NULL,
  `MonthlyString` varchar(100) DEFAULT NULL,
  `PriceType` tinyint(4) NOT NULL DEFAULT '0',
  `Activated` tinyint(2) NOT NULL DEFAULT '0',
  `AllowOtherPromo` tinyint(4) NOT NULL DEFAULT '0',
  `AllowOtherPromoSameLV` tinyint(4) NOT NULL DEFAULT '0',
  `OverPrice` decimal(10,4) NOT NULL DEFAULT '0.0000',
  `InputBy` int(11) DEFAULT NULL,
  `UpdateBy` int(11) DEFAULT NULL,
  `InsertDate` datetime NOT NULL DEFAULT '0000-00-00 00:00:00',
  `UpdateDate` datetime NOT NULL DEFAULT '0000-00-00 00:00:00',
  `AmountType` tinyint(4) NOT NULL DEFAULT '0',
  `NPromotionBaseOn` tinyint(4) NOT NULL DEFAULT '0',
  `NPromotionAmountTypeProduct` tinyint(4) NOT NULL DEFAULT '0',
  `NextReceiptCouponVoucherTypeID` int(11) NOT NULL DEFAULT '0',
  `DiscountFromMinPriceToMax` tinyint(4) NOT NULL DEFAULT '1',
  `ProductAmount` int(11) NOT NULL DEFAULT '0',
  `PriceAmount` decimal(10,4) NOT NULL DEFAULT '0.0000',
  `BonusProductAmount` smallint(6) NOT NULL DEFAULT '0',
  `GolfPromo` tinyint(2) NOT NULL DEFAULT '0',
  `PromotionGroupID` int(11) NOT NULL DEFAULT '0',
  `CalculateVATWhenFreeBill` tinyint(2) NOT NULL DEFAULT '0',
  `NoPrintReceiptCopy` tinyint(4) NOT NULL DEFAULT '0',
  `PrintSignatureInReceipt` tinyint(4) NOT NULL DEFAULT '0',
  `PromotionProperty` varchar(200) DEFAULT NULL,
  `Deleted` tinyint(2) NOT NULL DEFAULT '0',
  PRIMARY KEY (`pricegroupid`)
) ENGINE=InnoDB AUTO_INCREMENT=4 DEFAULT CHARSET=utf8;
/*!40101 SET character_set_client = @saved_cs_client */;

--
-- Dumping data for table `promotionpricegroup`
--

LOCK TABLES `promotionpricegroup` WRITE;
/*!40000 ALTER TABLE `promotionpricegroup` DISABLE KEYS */;
INSERT INTO `promotionpricegroup` VALUES (1,1,'','Sample Member 15%','','2013-01-01 00:00:00',NULL,NULL,NULL,15,'0.0000',NULL,NULL,0,1,1,1,'0.0000',1,2,'2013-09-18 13:42:10','2013-09-18 21:44:19',0,0,2,0,0,0,'0.0000',0,0,0,0,0,0,NULL,0),(2,4,'','Sample Coupon 10%','','2013-01-01 00:00:00',NULL,NULL,NULL,10,'0.0000',NULL,NULL,0,1,1,1,'0.0000',1,2,'2013-09-18 13:43:35','2013-09-18 21:44:23',0,0,2,0,0,0,'0.0000',0,0,0,0,0,0,NULL,0),(3,5,'','Sample Voucher 20B.','','2013-01-01 00:00:00',NULL,NULL,NULL,0,'20.0000',NULL,NULL,0,1,1,1,'0.0000',2,2,'2013-09-18 21:35:04','2013-09-18 21:45:35',0,0,2,0,0,0,'0.0000',0,0,0,0,0,0,NULL,0);
/*!40000 ALTER TABLE `promotionpricegroup` ENABLE KEYS */;
UNLOCK TABLES;

--
-- Table structure for table `promotionproducts`
--

DROP TABLE IF EXISTS `promotionproducts`;
/*!40101 SET @saved_cs_client     = @@character_set_client */;
/*!40101 SET character_set_client = utf8 */;
CREATE TABLE `promotionproducts` (
  `PriceGroupID` int(11) NOT NULL DEFAULT '0',
  `ProductID` int(11) NOT NULL DEFAULT '0',
  `SaleMode` tinyint(4) NOT NULL DEFAULT '0',
  `DiscountAmount` decimal(18,2) NOT NULL DEFAULT '0.00',
  `DiscountPercent` decimal(18,2) NOT NULL DEFAULT '0.00',
  `AmountOrPercent` tinyint(4) NOT NULL DEFAULT '0',
  PRIMARY KEY (`PriceGroupID`,`ProductID`,`SaleMode`)
) ENGINE=InnoDB DEFAULT CHARSET=utf8;
/*!40101 SET character_set_client = @saved_cs_client */;

--
-- Dumping data for table `promotionproducts`
--

LOCK TABLES `promotionproducts` WRITE;
/*!40000 ALTER TABLE `promotionproducts` DISABLE KEYS */;
/*!40000 ALTER TABLE `promotionproducts` ENABLE KEYS */;
UNLOCK TABLES;

--
-- Table structure for table `promotionshoplink`
--

DROP TABLE IF EXISTS `promotionshoplink`;
/*!40101 SET @saved_cs_client     = @@character_set_client */;
/*!40101 SET character_set_client = utf8 */;
CREATE TABLE `promotionshoplink` (
  `PriceGroupID` int(11) NOT NULL DEFAULT '0',
  `ShopID` int(11) NOT NULL DEFAULT '0',
  PRIMARY KEY (`PriceGroupID`,`ShopID`)
) ENGINE=InnoDB DEFAULT CHARSET=utf8;
/*!40101 SET character_set_client = @saved_cs_client */;

--
-- Dumping data for table `promotionshoplink`
--

LOCK TABLES `promotionshoplink` WRITE;
/*!40000 ALTER TABLE `promotionshoplink` DISABLE KEYS */;
INSERT INTO `promotionshoplink` VALUES (1,2),(2,2),(3,2);
/*!40000 ALTER TABLE `promotionshoplink` ENABLE KEYS */;
UNLOCK TABLES;

--
-- Table structure for table `property`
--

DROP TABLE IF EXISTS `property`;
/*!40101 SET @saved_cs_client     = @@character_set_client */;
/*!40101 SET character_set_client = utf8 */;
CREATE TABLE `property` (
  `ID` int(11) NOT NULL DEFAULT '0',
  `YearSetting` tinyint(4) DEFAULT NULL,
  `UseSmartCardInSystem` tinyint(2) NOT NULL DEFAULT '0',
  `RecordInBookOrder` tinyint(2) NOT NULL DEFAULT '0',
  `EachDiscountRoundType` tinyint(4) NOT NULL DEFAULT '0',
  `TotalDiscountRoundType` tinyint(4) NOT NULL DEFAULT '2',
  `ProductPriceRoundType` tinyint(4) NOT NULL DEFAULT '0',
  `ServiceChargeRoundType` tinyint(4) NOT NULL DEFAULT '0',
  `DigitForRoundingDecimal` tinyint(4) NOT NULL DEFAULT '0',
  `NoDecimalDigitForCalculateVAT` tinyint(4) NOT NULL DEFAULT '2',
  `VATRoundType` tinyint(4) NOT NULL DEFAULT '0',
  `DocDetailEachPriceRoundingType` tinyint(4) NOT NULL DEFAULT '0',
  `DocDetailTotalPriceRoundingType` tinyint(4) NOT NULL DEFAULT '0',
  `KitchenPrinterInSystem` tinyint(2) NOT NULL DEFAULT '0',
  `FrontSystemType` tinyint(4) NOT NULL DEFAULT '0',
  `ServiceProduct` tinyint(2) NOT NULL DEFAULT '0',
  `HeadOrBranch` tinyint(2) NOT NULL DEFAULT '0',
  `RemoteImageFolder` varchar(150) DEFAULT NULL,
  `BackToMainPageAfterPaidBill` tinyint(2) NOT NULL DEFAULT '0',
  `ReserveAllowSelectStaff` tinyint(2) NOT NULL DEFAULT '0',
  `ReserveAllowSelectRoom` tinyint(2) NOT NULL DEFAULT '0',
  `AutoCloseTransactionAfterPaid` tinyint(2) NOT NULL DEFAULT '0',
  `RunningPackageNumber` tinyint(4) NOT NULL DEFAULT '0',
  `CalculateVATWhenFreeBill` tinyint(4) NOT NULL DEFAULT '0',
  `CalculateVATAfterRounding` tinyint(4) NOT NULL DEFAULT '0',
  `PrintCustomerPackageLeftInBill` tinyint(2) NOT NULL DEFAULT '0',
  `MemberCodeSettingType` tinyint(4) NOT NULL DEFAULT '1',
  `MemberCodeDigit` tinyint(4) NOT NULL DEFAULT '4',
  `MemberCodeResetType` tinyint(4) NOT NULL DEFAULT '1',
  `MemberCodeYearSetting` tinyint(4) NOT NULL DEFAULT '0',
  `AllowApproveDocumentOnline` tinyint(2) NOT NULL DEFAULT '0',
  `AllowTranferWhenNoMaterialInStock` tinyint(2) NOT NULL DEFAULT '0',
  `SMTPServer` varchar(100) DEFAULT NULL,
  `WebmasterEmail` varchar(100) DEFAULT NULL,
  `ImportDataToCopyTable` tinyint(2) NOT NULL DEFAULT '0',
  `PromiseVersion` tinyint(4) NOT NULL DEFAULT '0',
  `SMSFeature` tinyint(2) NOT NULL DEFAULT '0',
  `SystemTypeID` tinyint(4) NOT NULL DEFAULT '0',
  `SystemEditionID` tinyint(4) NOT NULL DEFAULT '1',
  `HotSpotFeature` tinyint(2) NOT NULL DEFAULT '0',
  `PocketPCFeature` tinyint(2) NOT NULL DEFAULT '0',
  `SummaryPrepaidInSaleReport` tinyint(2) NOT NULL DEFAULT '0',
  `UseLockTableFunction` tinyint(4) NOT NULL DEFAULT '0',
  `LockFrontLanguage` tinyint(2) NOT NULL DEFAULT '0',
  `DefaultCalculateCostShopID` int(11) NOT NULL DEFAULT '2',
  `SynTakeAwayServiceCharge` tinyint(2) NOT NULL DEFAULT '0',
  `MultiBranch` tinyint(2) NOT NULL DEFAULT '0',
  `AddingFromBranch` tinyint(2) NOT NULL DEFAULT '0',
  `EnableNotInRevenue` tinyint(4) NOT NULL DEFAULT '0',
  `CurrencySymbol` varchar(10) DEFAULT '฿',
  `CurrencyCode` varchar(10) DEFAULT 'BHT',
  `CurrencyName` varchar(20) DEFAULT 'Baht',
  `CurrencyFormat` varchar(20) DEFAULT '#,##0.00',
  `DateFormat` varchar(20) DEFAULT 'd MMMM yyyy',
  `TimeFormat` varchar(20) DEFAULT 'HH:mm:ss',
  `QtyFormat` varchar(20) DEFAULT '#,##0',
  `ShortDate` varchar(20) NOT NULL DEFAULT 'd/MM/yy',
  `ShortDateTime` varchar(20) NOT NULL DEFAULT 'd/MM/yy HH:mm',
  `MaterialQtyFormat` varchar(20) NOT NULL DEFAULT '#,##0.00',
  `PercentFormat` varchar(20) NOT NULL DEFAULT 'P',
  `NumericFormat` varchar(20) NOT NULL DEFAULT '#,##0.00',
  `FullDateFormat` varchar(20) NOT NULL DEFAULT 'd MMMM yyyy',
  `FullDateTimeFormat` varchar(20) NOT NULL DEFAULT 'd MMMM yyyy HH:mm:ss',
  `AccountingFormat` varchar(30) NOT NULL DEFAULT '##,##0.00;(##,##0.00)',
  `BrandID` int(11) NOT NULL DEFAULT '0',
  `BrandName` varchar(50) DEFAULT NULL,
  PRIMARY KEY (`ID`)
) ENGINE=InnoDB DEFAULT CHARSET=utf8;
/*!40101 SET character_set_client = @saved_cs_client */;

--
-- Dumping data for table `property`
--

LOCK TABLES `property` WRITE;
/*!40000 ALTER TABLE `property` DISABLE KEYS */;
INSERT INTO `property` VALUES (1,1,0,0,0,0,0,0,0,5,0,0,0,0,1,0,0,'d:\\promise6\\promisesystem6\\',1,1,1,1,2,0,0,0,0,6,0,1,0,1,NULL,NULL,0,0,0,1,3,0,1,0,0,0,2,0,0,0,0,'Baht','B','Baht','#,##0.00','dd MMMM yyyy','HH:mm:ss','#,##0.##','dd/MM/yy','dd/MM/yy HH:mm','#,##0.00','P','#,##0.00','dd MMMM yyyy','dd MMMM yyyy HH:mm','##,##0.00;(##,##0.00)',0,NULL);
/*!40000 ALTER TABLE `property` ENABLE KEYS */;
UNLOCK TABLES;

--
-- Table structure for table `propertyfunctiongroup`
--

DROP TABLE IF EXISTS `propertyfunctiongroup`;
/*!40101 SET @saved_cs_client     = @@character_set_client */;
/*!40101 SET character_set_client = utf8 */;
CREATE TABLE `propertyfunctiongroup` (
  `FunctionGroupID` smallint(6) NOT NULL DEFAULT '0',
  `FunctionGroupName` varchar(100) DEFAULT NULL,
  PRIMARY KEY (`FunctionGroupID`)
) ENGINE=InnoDB DEFAULT CHARSET=tis620;
/*!40101 SET character_set_client = @saved_cs_client */;

--
-- Dumping data for table `propertyfunctiongroup`
--

LOCK TABLES `propertyfunctiongroup` WRITE;
/*!40000 ALTER TABLE `propertyfunctiongroup` DISABLE KEYS */;
INSERT INTO `propertyfunctiongroup` VALUES (1,'Authenticate'),(2,'BuffetFeature'),(3,'Configuration'),(4,'CRMLoyalty'),(5,'Delivery'),(6,'ERPInterface'),(7,'FullTax'),(8,'Inventory'),(9,'ManageData'),(10,'MenuSetting'),(11,'MobileOrdering'),(12,'Ordering'),(13,'OtherFeature'),(14,'Payment'),(15,'PrintKitchen'),(16,'Receipt'),(17,'Report'),(18,'ShiftCloseReport'),(19,'TableManagement'),(20,'TaxConfiguration');
/*!40000 ALTER TABLE `propertyfunctiongroup` ENABLE KEYS */;
UNLOCK TABLES;

--
-- Table structure for table `propertyoption`
--

DROP TABLE IF EXISTS `propertyoption`;
/*!40101 SET @saved_cs_client     = @@character_set_client */;
/*!40101 SET character_set_client = utf8 */;
CREATE TABLE `propertyoption` (
  `PropertyTypeID` smallint(6) NOT NULL DEFAULT '0',
  `PropertyID` smallint(6) NOT NULL DEFAULT '0',
  `OptionID` tinyint(4) NOT NULL DEFAULT '0',
  `OptionName` varchar(100) DEFAULT NULL,
  `OptionValue` smallint(6) NOT NULL DEFAULT '0',
  `OptionOrdering` tinyint(4) NOT NULL DEFAULT '0',
  `OptionDefault` tinyint(4) NOT NULL DEFAULT '0',
  PRIMARY KEY (`PropertyTypeID`,`PropertyID`,`OptionID`)
) ENGINE=InnoDB DEFAULT CHARSET=tis620;
/*!40101 SET character_set_client = @saved_cs_client */;

--
-- Dumping data for table `propertyoption`
--

LOCK TABLES `propertyoption` WRITE;
/*!40000 ALTER TABLE `propertyoption` DISABLE KEYS */;
INSERT INTO `propertyoption` VALUES (1,1,1,'Not Print',0,1,0),(1,1,2,'Print Prefix',1,0,1),(1,4,1,'Print',0,0,1),(1,4,2,'Not Print',1,1,0),(1,5,1,'No',0,1,1),(1,5,2,'Yes',1,0,0),(1,5,3,'Yes with always print short/over',2,2,0),(1,8,1,'No',0,1,1),(1,8,2,'Yes',1,0,0),(1,11,1,'No',0,1,1),(1,11,2,'Yes',1,0,0),(1,14,1,'No',0,1,1),(1,14,2,'Show Button For Reprint',1,0,0),(1,15,1,'No',0,1,1),(1,15,2,'Yes',1,0,0),(1,19,1,'Include',0,1,1),(1,19,2,'Exclude (Display Only This Session Amount)',1,0,0),(1,20,1,'Not Print',0,1,1),(1,20,2,'Print Table Zone',1,0,0),(1,21,1,'Default(ProductName, Amount, TotalPrice)',0,0,1),(1,21,2,'Amount First(Amount, ProductName, TotalPrice)',1,1,0),(1,21,3,'4 Column (Amount, ProductName, Price/Unit, TotalPrice)',2,2,0),(1,21,4,'Amount First(Amount, Full ProductName, TotalPrice)',3,3,0),(1,22,1,'No',0,1,1),(1,22,2,'Record Print No (Number Print From Kitchen)',1,0,0),(1,23,1,'No',0,1,1),(1,23,2,'Yes',1,0,0),(1,24,1,'No',0,1,1),(1,24,2,'Yes',1,0,0),(1,25,1,'No',0,1,1),(1,25,2,'Yes',1,0,0),(1,27,1,'Order By Table Number/Name (Default)',0,0,1),(1,27,2,'Order By StartTime/ OpenTime',1,0,0),(1,28,1,'No',0,1,1),(1,28,2,'Yes',1,0,0),(1,29,1,'No',0,1,1),(1,29,2,'Yes',1,0,0),(1,30,1,'No',0,1,1),(1,30,2,'Has 2 Receipt Account',1,0,0),(1,31,1,'Print Process No',0,0,1),(1,31,2,'Print Process No and BarCode',1,1,0),(1,31,3,'Print Only Barcode',2,2,0),(1,31,4,'Not Print Process No and BarCode (Only Has Checker Feature)',3,3,0),(1,32,1,'VATAble And VAT',0,1,1),(1,32,2,'Total Price Exclude VAT, VAT, Net Price (Include VAT)',1,0,0),(1,34,1,'No',0,1,1),(1,34,2,'Yes',1,0,0),(1,41,1,'No',0,1,1),(1,41,2,'Record Detail',1,0,0),(1,44,1,'No',0,0,1),(1,44,2,'Print Order And Price Summary',1,1,0),(1,44,3,'Print Order Summary (No Price)',2,2,0),(1,44,4,'Print As To Kitchen',3,3,0),(1,44,5,'Print Order And Price Summary - Amount First',4,4,0),(1,44,6,'Print Order Summary (No Price) - Amount First',5,5,0),(1,46,1,'No',0,1,1),(1,46,2,'Add Amount By 1',1,0,0),(1,47,1,'Display As OrderDetail',0,1,1),(1,47,2,'Group Same Product',1,0,0),(1,55,1,'Use Both Code and Password',0,0,1),(1,55,2,'Code Only',1,1,0),(1,55,3,'Password Only',2,0,0),(1,57,1,'Do Nothing',0,0,1),(1,57,2,'To Main Screen',1,1,0),(1,57,3,'To Switch User Screen',2,2,0),(1,58,1,'No',0,1,1),(1,58,2,'Yes',1,0,0),(1,59,1,'No',0,0,1),(1,59,2,'Print Order And Price Summary',1,1,0),(1,59,3,'Print Order Summary (No Price)',2,2,0),(1,59,4,'Print As To Kitchen',3,3,0),(1,59,5,'Print Order And Price Summary - Amount First',4,4,0),(1,59,6,'Print Order Summary (No Price) - Amount First',5,5,0),(1,60,1,'Do Nothing',0,0,1),(1,60,2,'To Main Screen',1,1,0),(1,60,3,'To Switch User Screen',2,2,0),(1,62,1,'No',0,1,1),(1,62,2,'Yes',1,0,0),(1,63,1,'No',0,1,1),(1,63,2,'Yes Both To Kitchen and Summary',1,0,0),(1,63,3,'Yes Only To Kitchen',2,0,0),(1,63,4,'Yes Only Summary',3,0,0),(1,64,1,'No',0,1,1),(1,64,2,'Yes',1,0,0),(1,66,1,'Show check box whether calculate service charge or not',0,0,1),(1,66,2,'Hide check box and alwasy calculate servicehcarge',1,1,0),(1,68,1,'Favorite Product',0,0,1),(1,68,2,'Sale History',1,1,0),(1,68,3,'Favorite Product',2,2,0),(1,68,4,'UDD Data',3,3,0),(1,68,5,'Promotion',4,4,0),(1,69,1,'No',0,1,1),(1,69,2,'Yes',1,0,0),(1,70,1,'No',0,1,1),(1,70,2,'Yes',1,0,0),(1,71,1,'No',0,1,1),(1,71,2,'Yes',1,0,0),(1,72,1,'No',0,1,1),(1,72,2,'Yes',1,0,0),(1,73,1,'No',0,1,1),(1,73,2,'Yes',1,0,0),(1,74,1,'Default Form',0,1,1),(1,74,2,'Doro Form',0,2,0),(1,74,3,'Oishi Form',0,3,0),(1,74,4,'Oishi Buffet Form',0,4,0),(1,74,99,'Not Print End Day',0,99,0),(1,77,1,'Print',0,1,1),(1,77,2,'Not Print',1,0,0),(1,78,1,'Not Print',0,1,1),(1,78,2,'Print From This Computer',1,0,0),(1,79,1,'No',0,1,1),(1,79,2,'Yes',1,0,0),(1,80,1,'No',0,1,1),(1,80,2,'Record By Buffet Product At Submit Order',1,0,0),(1,80,3,'Record By Buffet Product At Refresh Order',2,2,0),(1,81,1,'Same as ProductSetting',0,1,1),(1,81,2,'Print To Specific Printer',1,0,0),(1,81,3,'Print To Specific Printer and not Print Summary',2,0,0),(1,82,1,'No',0,1,1),(1,82,2,'Print #TransactionID/ComputerID-PrintBillNo',1,0,0),(1,83,1,'No',0,1,1),(1,83,2,'Yes',1,0,0),(1,85,1,'Not Include',0,1,1),(1,85,2,'Include Cash In/Out',1,0,0),(1,86,1,'No',0,1,1),(1,86,2,'Yes',1,0,0),(1,87,1,'No',0,1,1),(1,87,2,'Yes',1,0,0),(1,88,1,'No',0,1,1),(1,88,2,'Yes',1,0,0),(1,89,1,'Do Nothing',0,0,1),(1,89,2,'To Main Screen',1,1,0),(1,89,3,'To Switch User Screen',2,2,0),(1,90,1,'No Checking (Always can login)',0,0,1),(1,90,2,'Check From Each Staff (StaffShopData)',1,1,0),(1,90,3,'Check From Staff Role (StaffAccess)',2,2,0),(1,91,1,'No',0,0,1),(1,91,2,'Display Comment Order',1,1,0),(1,101,1,'No',0,0,1),(1,101,2,'Yes',1,1,0),(1,102,1,'No',0,0,1),(1,102,2,'Yes',1,1,0),(1,103,1,'No',0,0,1),(1,103,2,'Yes',1,1,0),(1,104,1,'No',0,0,1),(1,104,2,'Yes',1,1,0),(1,105,1,'No',0,0,1),(1,105,2,'Yes',1,1,0),(1,106,1,'No',0,0,1),(1,106,2,'Yes',1,1,0),(1,107,1,'Not Allow Point < 0',0,0,1),(1,107,2,'Allow Point < 0',1,1,0),(1,107,3,'Reset Point To 0 When Point < 0',2,2,0),(1,108,1,'No',0,0,1),(1,108,2,'Yes',1,1,0),(1,110,1,'No',0,0,1),(1,110,2,'Yes',1,1,0),(1,111,1,'No',0,0,1),(1,111,2,'Yes',1,1,0),(1,112,1,'No',0,0,1),(1,112,2,'Yes',1,1,0),(1,113,1,'No',0,0,1),(1,113,2,'Yes.',1,1,0),(1,113,3,'Yes. Using Normal Receipt Header/ Footer',2,2,0),(1,114,1,'No',0,0,1),(1,114,2,'Yes. Also print normal receipt',1,1,0),(1,114,3,'Yes. Not print normal receipt',1,1,0),(1,115,1,'No',0,0,1),(1,115,2,'Yes.',1,1,0),(1,116,1,'No',0,0,1),(1,116,2,'Ponta Point System',1,1,0),(1,117,1,'By Transaction Open Time',0,0,1),(1,117,2,'By Order Submit Date Time',1,1,0),(1,120,1,'No',0,0,1),(1,120,2,'Yes',1,1,0),(1,121,1,'No',0,0,1),(1,121,2,'Yes',1,1,0),(1,122,1,'No',0,0,1),(1,122,2,'Yes',1,1,0),(1,123,1,'No',0,0,1),(1,123,2,'Yes',1,1,0),(1,124,1,'No',0,0,1),(1,124,2,'Yes',1,1,0),(1,125,1,'No',0,0,1),(1,125,2,'Yes',1,1,0),(1,126,1,'No',0,0,1),(1,126,2,'Yes',1,1,0),(1,127,1,'No',0,0,1),(1,127,2,'Yes',1,1,0),(1,128,1,'No',0,0,1),(1,128,2,'Yes',1,1,0),(1,129,1,'No',0,0,1),(1,129,2,'Yes',1,1,0),(1,130,1,'No',0,0,1),(1,130,2,'Yes',1,1,0),(1,131,1,'No',0,0,1),(1,131,2,'Yes',1,1,0),(1,1001,1,'Default System',0,0,1),(1,1001,2,'Full OrderType/ No Question',1,1,0),(1,1001,3,'Only Dine In',2,2,0),(1,1001,4,'Lite Edition',3,3,0),(1,1002,1,'No',0,1,1),(1,1002,2,'Yes',1,0,0),(1,1003,1,'Product Group/ Dept',0,0,1),(1,1003,2,'Favorite Product',1,1,0),(1,1003,3,'Search Product',2,2,0),(1,1004,1,'Hide',0,0,1),(1,1004,2,'Show',1,1,0),(1,1005,1,'Hide',0,0,1),(1,1005,2,'Show',1,1,0),(1,1006,1,'No',0,0,1),(1,1006,2,'Yes',1,1,0),(1,1007,1,'No',0,0,1),(1,1007,2,'Yes',1,1,0),(1,1008,1,'No',0,0,1),(1,1008,2,'Yes',1,1,0),(1,1009,1,'No',0,0,1),(1,1009,2,'Yes',1,1,0),(1,1010,1,'Hide',0,0,1),(1,1010,2,'Show',1,1,0),(1,1011,1,'Hide',0,0,1),(1,1011,2,'Show',1,1,0),(1,1011,3,'Use FingerPrint',2,2,0),(1,1012,1,'Not Show',0,0,1),(1,1012,2,'Show',1,1,0),(1,1013,1,'Not Lock',0,0,1),(1,1013,2,'Lock Number-->Alphabet',1,1,0),(1,1014,1,'No',0,0,1),(1,1014,2,'Yes',1,1,0),(1,1015,1,'No',0,0,1),(1,1015,2,'Yes',1,1,0),(1,1018,1,'Hide',0,0,1),(1,1018,2,'Show',1,1,0),(1,1019,1,'Hide',0,0,1),(1,1019,2,'Show',1,1,0),(1,1020,1,'Hide',0,0,1),(1,1020,2,'Show',1,1,0),(1,1023,1,'Hide',0,0,1),(1,1023,2,'Show',1,1,0),(1,1024,1,'Hide',0,0,1),(1,1024,2,'Show',1,1,0),(1,1025,1,'No',0,0,1),(1,1025,2,'Yes',1,1,0),(1,1026,1,'No',0,0,1),(1,1026,2,'Yes',1,1,0),(1,1028,1,'No',0,1,1),(1,1028,2,'Yes',1,0,0),(1,1029,1,'No - Auto Queue',0,1,1),(1,1029,2,'Yes - Set Queue Name',1,0,0),(1,1030,1,'Blank Qty. and must input',-1,1,0),(1,1030,2,'Blank Qty. and set to 1',0,0,1),(1,1030,3,'>=1 Default Qty. for This Value',1,2,0),(1,1034,1,'No Show',0,1,1),(1,1034,2,'Show Extra Table Button',1,0,0),(1,1035,1,'No Use',0,1,1),(1,1035,2,'Use Auto Clock In-Out Session',1,0,0),(1,1037,1,'Not Void EDC',0,1,1),(1,1037,2,'Void EDC Before Void Bill',1,0,0),(1,1039,1,'Not Set',0,0,1),(1,1039,2,'Set Min-Max Table No',1,0,0),(1,1041,1,'No',0,1,0),(1,1041,2,'Yes Auto Authen',1,0,1),(1,1046,1,'No Show',0,1,0),(1,1046,2,'Show Fast Discount Button',1,0,1),(1,1047,1,'No Show',0,1,0),(1,1047,2,'Show All Discount Button',1,0,1),(1,1049,1,'No',0,0,1),(1,1049,2,'Yes',1,1,0),(1,1050,1,'No',0,0,1),(1,1050,2,'Yes',1,1,0),(1,1051,1,'Hide',0,0,1),(1,1051,2,'Show',1,1,0),(1,1052,1,'Hide',0,0,1),(1,1052,2,'Show',1,1,0),(1,1053,1,'Hide',0,0,1),(1,1053,2,'Show',1,1,0),(1,1054,1,'Hide',0,0,1),(1,1054,2,'Show',1,1,0),(1,1055,1,'Hide',0,0,1),(1,1055,2,'Show',1,1,0),(1,1056,1,'Hide',0,0,1),(1,1056,2,'Show',1,1,0),(1,1057,1,'Hide',0,0,1),(1,1057,2,'Show',1,1,0),(1,1058,1,'Not Show',0,1,0),(1,1058,2,'Show tab favorite menu normal',1,0,1),(1,1059,1,'Not Show',0,1,1),(1,1059,2,'Show tab favorite menu big',1,0,0),(1,1060,1,'Not Show',0,1,1),(1,1060,2,'Show tab favorite menu custom',1,0,0),(1,1061,1,'Not Show',0,0,0),(1,1061,2,'Show SaleMode Tab',1,1,1),(1,1062,1,'Not Show',0,0,1),(1,1062,2,'Show Tab',1,1,0),(1,1063,1,'Not Show',0,0,1),(1,1063,2,'Show Tab',1,1,0),(1,1064,1,'Not Show',0,0,1),(1,1064,2,'Show Tab',1,1,0),(1,1065,1,'Not Show',0,0,1),(1,1065,2,'Show Tab',1,1,0),(1,1066,1,'Not Show',0,0,1),(1,1066,2,'Show Tab',1,1,0),(1,1067,1,'No',0,0,1),(1,1067,2,'Yes',1,1,0),(1,1072,1,'Show From All Computer',0,1,1),(1,1072,2,'Show From Only Hold Computer',1,0,0),(1,1073,1,'Hide',0,0,1),(1,1073,2,'Show',1,1,0),(1,1074,1,'Hide',0,0,1),(1,1074,2,'Show',1,1,0),(1,1078,1,'Disable Queue',0,0,0),(1,1078,2,'Enable Queue',1,1,1),(1,1084,1,'No show',0,0,1),(1,1084,2,'Show button',1,1,0),(1,1085,1,'No',0,0,1),(1,1085,2,'Yes',1,1,0),(1,1086,1,'No',0,0,1),(1,1086,2,'Map TableID',1,1,0),(1,1088,1,'No',0,0,1),(1,1088,2,'Check & Warning Count Stock',1,1,0),(1,1096,1,'No',0,0,1),(1,1096,2,'Yes',1,1,0),(1,1098,1,'Not show search button',0,0,0),(1,1098,2,'Show search button',1,0,1),(2,12,1,'No',0,0,1),(2,12,2,'Show Setting',1,1,0),(2,13,1,'No',0,0,1),(2,13,2,'Show Setting',1,1,0),(2,17,1,'No',0,0,1),(2,17,2,'Yes. Edit Staff Detail and Password',1,1,0),(3,3,1,'No',0,1,1),(3,3,2,'Yes',1,0,0),(3,5,1,'No',0,1,1),(3,5,2,'Yes',1,0,0),(3,6,1,'No',0,1,1),(3,6,2,'Yes',1,0,0),(3,9,1,'No',0,1,1),(3,9,2,'Yes',1,0,0),(3,10,1,'No',0,1,1),(3,10,2,'Yes',1,0,0),(3,11,1,'Normal Form',0,0,1),(3,11,2,'Compare Form',1,1,0),(3,12,1,'No',0,1,1),(3,12,2,'Yes',1,0,0),(3,13,1,'Default Form',0,1,1),(3,13,2,'Doro Custom Form',1,0,0),(3,14,1,'By Name',0,1,1),(3,14,2,'By Code, Name',1,0,0),(3,14,3,'By InventoryID',2,0,0),(3,15,1,'Not Connect Database',0,1,1),(3,15,2,'Connect Database At Branch',1,0,0),(3,16,1,'Not Use',0,0,1),(3,16,2,'Use Account Data)',1,1,0),(3,18,1,'No',0,0,1),(3,18,2,'Use Authorize',1,1,0),(3,19,1,'Forward 0 if Stock < 0',0,0,1),(3,19,2,'Use Current Stock',1,1,0),(4,2,1,'Not Print',0,1,1),(4,2,2,'Print',1,0,0),(4,4,1,'No',0,1,1),(4,4,2,'Yes',1,0,0),(4,5,1,'FullTax From 1 Receipt',0,1,1),(4,5,2,'FullTax From More than 1 Receipt',1,0,0),(4,6,1,'From Company Profile',0,0,1),(4,6,2,'From Account Data',1,1,0),(4,7,1,'Print',0,0,1),(4,7,2,'Not Print',1,1,0),(4,9,1,'No',0,0,0),(4,9,2,'Yes. Numeric Only 13 Digit',1,1,1),(4,10,1,'No',0,0,1),(4,10,2,'Yes',1,1,0),(4,11,1,'No',0,0,1),(4,11,2,'Yes',1,1,0),(7,1,1,'No',0,0,1),(7,1,2,'Export Data',1,1,0),(7,2,1,'No',0,0,1),(7,2,2,'Stop Import',1,1,0),(7,3,1,'No',0,0,1),(7,3,2,'Yes',1,1,0),(94,1,1,'No',0,0,1),(94,1,2,'Yes',1,1,0),(95,1,1,'Normal Setting',0,0,1),(95,1,2,'Count Down Stock Setting',1,1,0),(100,1,1,'No',0,0,1),(100,1,2,'Yes',1,1,0),(101,1,1,'No',0,0,1),(101,1,2,'Yes',1,1,0),(102,1,1,'No',0,1,1),(102,1,2,'Yes',1,0,0),(102,2,1,'Print Staff Code',0,1,1),(102,2,2,'Not Print Staff Code',1,0,0),(102,3,1,'Print No Customer',0,1,1),(102,3,2,'Not Print No Customer',1,0,0),(102,4,1,'Not Print',0,0,1),(102,4,2,'Print Queue No',1,1,0),(102,5,1,'Not Print',0,0,1),(102,5,2,'Print Order Computer',1,1,0),(103,1,1,'Print No Customer',0,1,1),(103,1,2,'Not Print No Customer',1,0,0),(103,1,3,'Print No Customer, No Customer When Open',2,0,0),(103,1,4,'Not Print Customer and Queue Name',3,3,0),(103,1,5,'Print No Customer At Right',4,4,0),(103,2,1,'Print Staff Code',0,1,1),(103,2,2,'Not Print Staff Code',1,0,0),(103,3,1,'No',0,1,1),(103,3,2,'Print At Each Buffet Product',1,0,0),(103,3,3,'Print At First Buffet Product',2,0,0),(103,4,1,'No',0,1,1),(103,4,2,'Yes',1,0,0),(103,5,1,'Print',0,1,1),(103,5,2,'Print Only Before Rounding',1,0,0),(103,5,3,'Not Print All Rounding Line',2,0,0),(103,7,1,'No',0,0,1),(103,7,2,'Yes',1,1,0),(103,8,1,'Print',0,0,1),(103,8,2,'Not Print',1,1,0),(103,9,1,'Not Print',0,0,1),(103,9,2,'Print',1,1,0),(103,10,1,'Not Print',0,0,1),(103,10,2,'Print',1,1,0),(103,11,1,'Not Print',0,0,1),(103,11,2,'Print VATType Before ProductName',1,1,0),(103,11,3,'Print VATType After Price',2,2,0),(105,1,1,'Each Sale Mode',0,0,1),(105,1,2,'Print Group Summary For All Sale Mode',1,0,1),(105,1,3,'All Sale Mode',2,0,1),(105,2,1,'Not Print',0,0,1),(105,2,2,'Print By Sum Open/Close Amount All Session',1,1,0),(105,2,3,'Print Open Amount From First Session, Close Amount From Last Session',2,1,0),(105,3,1,'Average Price After Discount',0,0,1),(105,3,2,'Average Price Before Discount',1,1,0),(105,3,3,'Average Price Before VAT and Servicecharge',2,2,0),(105,4,1,'Display By Each Sale Mode(Default)',0,0,1),(105,4,2,'Display By All Sale Mode',1,1,0),(105,4,3,'Not Display Average Price',99,2,0),(105,5,1,'No',0,1,1),(105,5,2,'Yes',1,0,0),(105,6,1,'Both Per Bill And Customer',0,0,1),(105,6,2,'Per Bill Only',1,1,0),(105,6,3,'Per Customer Only',2,2,0),(105,7,1,'From Close Session Amount Dialog',0,0,1),(105,7,2,'Insert Amount = All Cash In Drawer',1,1,0),(105,8,1,'No',0,0,1),(105,8,2,'Yes',1,1,0),(105,9,1,'Not Print',0,0,1),(105,9,2,'Print',1,1,0),(105,10,1,'Not Print',0,0,1),(105,10,2,'Print',1,1,0),(105,11,1,'Not Print',0,0,1),(105,11,2,'Print',1,1,0),(105,12,1,'Not Print',0,0,1),(105,12,2,'Print',1,1,0),(105,13,1,'Not Print',0,0,1),(105,13,2,'Print',1,1,0),(107,2,1,'No',0,1,1),(107,2,2,'Yes',1,0,0),(107,3,1,'No',0,1,1),(107,3,2,'Yes',1,0,0),(108,1,1,'No',0,1,1),(108,1,2,'Yes',1,0,0),(108,2,1,'No',0,1,1),(108,2,2,'Yes',1,0,0),(109,1,1,'No',0,1,1),(109,1,2,'Yes',1,0,0),(109,2,1,'As Setting In Product',0,1,1),(109,2,2,'Always Calcualte Service Charge',1,0,0),(109,2,3,'Always Not Calculate Service Charge',0,1,1),(110,1,1,'No',0,0,1),(110,1,2,'Yes',1,1,0),(111,3,1,'No',0,0,0),(111,3,2,'Yes. Lock Amount',1,1,1),(111,3,3,'Yes. Can Change Amount',1,1,1),(111,4,1,'No',0,0,0),(111,4,2,'Yes',1,1,1),(111,5,1,'No',0,0,0),(111,5,2,'Yes.',1,1,1),(1037,1,1,'Not Void EDC',0,1,1),(1037,1,2,'Void EDC Before Void Bill',1,0,0),(1041,1,1,'No',0,1,0),(1041,1,2,'Yes Auto Authen',1,0,1);
/*!40000 ALTER TABLE `propertyoption` ENABLE KEYS */;
UNLOCK TABLES;

--
-- Table structure for table `propertytextdesp`
--

DROP TABLE IF EXISTS `propertytextdesp`;
/*!40101 SET @saved_cs_client     = @@character_set_client */;
/*!40101 SET character_set_client = utf8 */;
CREATE TABLE `propertytextdesp` (
  `PropertyTypeID` smallint(6) NOT NULL DEFAULT '0',
  `PropertyPosition` smallint(6) NOT NULL DEFAULT '0',
  `PropertyName` varchar(100) DEFAULT NULL,
  `Description` varchar(200) DEFAULT NULL,
  `PropertyOption` tinyint(4) NOT NULL DEFAULT '1',
  `FunctionGroupID` smallint(6) NOT NULL DEFAULT '0',
  `Deleted` tinyint(4) NOT NULL DEFAULT '0',
  PRIMARY KEY (`PropertyTypeID`,`PropertyPosition`)
) ENGINE=InnoDB DEFAULT CHARSET=tis620;
/*!40101 SET character_set_client = @saved_cs_client */;

--
-- Dumping data for table `propertytextdesp`
--

LOCK TABLES `propertytextdesp` WRITE;
/*!40000 ALTER TABLE `propertytextdesp` DISABLE KEYS */;
INSERT INTO `propertytextdesp` VALUES (101,0,'Paper Width(mm.)','',0,0,0),(101,1,'Top Margin(mm.)','',0,0,0),(101,2,'No Line After Print(line)','',0,0,0),(101,3,'Space Between Print Line (mm.)','',0,0,0),(101,4,'Printer Name For Print Header In JobOrder','',0,0,0),(101,5,'Space Between Printed Order(mm.)','',0,0,0),(102,1,'Print Table At End Of Header','',0,0,0),(102,2,'Not Include Order Staff Code','',0,0,0),(102,3,'Not Print No Customer','',0,0,0),(102,4,'Print From QueueNo Before Print From TableNo','For Restaurant Interface Only, 1 = Print QueueNo if QueueNo <> empty string.',0,0,0),(102,5,'Print Order Computer Name','0 = Not Print, 1 = Print',0,0,0),(103,1,'Print No Customer Type','0 = Print Customer No, 1 = Not Print Customer No, 2 = Print Customer No and Customer No When Open',0,0,0),(103,2,'Not Include Order Staff Code','',0,0,0),(103,3,'Print Begin/End Time For Each Buffet Product When Print Bill Detail','Print Begin/ End Time For Each Buffet Product By Using Its SubmitOrderDateTime as Begin Time',0,0,0),(103,4,'Print End Time At Footer','',0,0,0),(103,5,'Not Print Rounding Line','Not Print Rounding Line',0,0,0),(103,6,'Print CreditCard Format No','0 = xxxx, 1 = Show All CreditCard No',0,0,0),(103,7,'Print Authorize By For Authorize Promotion','0 = Not Print, 1 = Print',0,0,0),(103,8,'Not Print VAT % and ServiceCharge %','0 = Print, 1 = Not Print',0,0,0),(103,9,'Print Open Staff Name','0 = Not Print, 1 = Print',0,0,0),(103,10,'Print Close Computer Name','0 = Not Print, 1 = Print',0,0,0),(103,11,'Print VATType In Receipt','0=Not Print, 1=Print Before ProductName, 2=Print After Price',0,0,0),(104,1,'Default Print CashOut Receipt','',0,0,0),(105,1,'Print Summary Session Product Type','0 = Each Sale Mode, 1 = Print Group Summary For All Sale Mode After Each Sale Mode, 2 = All Sale Mode',0,0,0),(105,2,'Print Cash In Drawer For End Day','',0,0,0),(105,3,'Calcualte Average Price Type.','0 = Avg. After Discount, 1 = Avg. Before Discount, 2 = Avg. Before VAT, Servicecharge.',0,0,0),(105,4,'Calcualte Average Sale Mode Type.','0 = By Each Sale Mode, 1 = By All Sale Mode, 99 = Calculate',0,0,0),(105,5,'Print No. Receipt For Each PayType','1 = Print For Each PayType',0,0,0),(105,6,'Display Average Price Type','0 = All, 1 = Per Bill Only, 2 = Per Customer Only',0,0,0),(105,7,'Insert Close Session Amount Type','0 = From Close Session Amount Dialog, 1 = From Calculate All Cash In Day, ',0,0,0),(105,8,'Always Print Close Session When End Day','1 = Always Print Close Session When Close End Day.',0,0,0),(105,9,'Print Void Order Detail','0 = Not Print, 1 = Print',0,0,0),(105,10,'Print Sale By Product Report When End Day','0 = Not Print, 1 = Print',0,0,0),(105,11,'Print Other Product Detail In Session','0 = Not Print, 1 = Print',0,0,0),(105,12,'Print Question Data','0 = Not Print, 1 = Print',0,0,0),(105,13,'Print Cash Detail by Paid Staff','0 = Not Print, 1 = Print',0,0,0),(106,1,'Not Include Order In Group Of PrinterID','',0,0,0),(106,2,'Summary Order In Group Of PrinterID','',0,0,0),(107,1,'No Copy For Print Void Order','> 1, Print Additional Copy For Print Summary',0,0,0),(107,2,'Print Reason For Void Order','',0,0,0),(107,3,'Include Order Comment','',0,0,0),(108,1,'Display In PaymentNote Front Report','',0,0,0),(108,2,'Display PaymentNote In Session','',0,0,0),(109,1,'Check Price Over Not Include ServiceCharge.','When Check Price Over, Total Price is not include servicecharge.',0,0,0),(109,2,'Default ServiceCharge For Add Bonus Product ','0 = As Add Normal Product, 1 = Always Calculate ServiceCharge,2 = Always Not Calculate ServiceCharge',0,0,0),(110,1,'Grouping Flexible Product By its Child In Sale By Product','Display FlexibleProduct Grouping By its Child In Sale By Product',0,0,0),(111,1,'Deposit Amount','Deposit After Cash Reach This Amount.',0,0,0),(111,2,'Lock After Skip Number of Transaction','Lock To Deposit After Skip Number of Transaction.',0,0,0),(111,3,'Clear Deposit When Close Session','Deposit All Cash That Left When Close Session.',0,0,0),(111,4,'Calculate Deposit Cash Only Current Session','Calculate Deposit Cash Only Current Session.',0,0,0),(111,5,'Deposit Amount include in Cash In Drawer In Session.','Deposit Amount will display in Cash In Drawer In Session as one of cash out.',0,0,0);
/*!40000 ALTER TABLE `propertytextdesp` ENABLE KEYS */;
UNLOCK TABLES;

--
-- Table structure for table `provinces`
--

DROP TABLE IF EXISTS `provinces`;
/*!40101 SET @saved_cs_client     = @@character_set_client */;
/*!40101 SET character_set_client = utf8 */;
CREATE TABLE `provinces` (
  `ID` int(11) NOT NULL DEFAULT '0',
  `ProvinceID` int(11) NOT NULL DEFAULT '0',
  `ProvinceName` varchar(100) DEFAULT NULL,
  `LangID` smallint(6) DEFAULT NULL,
  PRIMARY KEY (`ID`)
) ENGINE=InnoDB DEFAULT CHARSET=tis620;
/*!40101 SET character_set_client = @saved_cs_client */;

--
-- Dumping data for table `provinces`
--

LOCK TABLES `provinces` WRITE;
/*!40000 ALTER TABLE `provinces` DISABLE KEYS */;
INSERT INTO `provinces` VALUES (1,1,'Chiang Mai',1),(2,2,'Chiang Rai',1),(3,3,'Kamphaeng Phet',1),(4,4,'Lampang',1),(5,5,'Lamphun',1),(6,6,'Mae Hong Son',1),(7,7,'Nakhon Sawan',1),(8,8,'Nan',1),(9,9,'Phayao',1),(10,10,'Phrae',1),(11,11,'Phetchabun',1),(12,12,'Phichit',1),(13,13,'Phitsanulok',1),(14,14,'Sukhothai',1),(15,15,'Tak',1),(16,16,'Uthai Thani',1),(17,17,'Uttaradit',1),(18,18,'Buriram',1),(19,19,'Chaiyaphum',1),(20,20,'Kalasin',1),(21,21,'Khon Kaen',1),(22,22,'Loei',1),(23,23,'Maha Sarakham',1),(24,24,'Mukdahan',1),(25,25,'Nakhon Phanom',1),(26,26,'Nakhon Ratchasima',1),(27,27,'Nong Khai',1),(28,28,'Roi Et',1),(29,29,'Sakon Nakhon',1),(30,30,'Si Sa Ket',1),(31,31,'Surin',1),(32,32,'Ubon Ratchathani',1),(33,33,'Udon Thani',1),(34,34,'Yasothon',1),(35,35,'Ang Thong',1),(36,36,'Ayutthaya',1),(37,37,'Bangkok',1),(38,38,'Chachoengsao',1),(39,39,'Chai Nat',1),(40,40,'Kanchanaburi',1),(41,41,'Lop Buri',1),(42,42,'Nakhon Nayok',1),(43,43,'Nakhon Pathom',1),(44,44,'Nonthaburi',1),(45,45,'Pathum Thani',1),(46,46,'Phetchaburi',1),(47,47,'Prachin Buri',1),(48,48,'Prachuap Khiri Khan',1),(49,49,'Ratchaburi',1),(50,50,'Samut Prakan',1),(51,51,'Samut Sakhon',1),(52,52,'Samut Songkhram',1),(53,53,'Saraburi',1),(54,54,'Sing Buri',1),(55,55,'Suphan Buri',1),(56,56,'Chonburi',1),(57,57,'Chanthaburi',1),(58,58,'Rayong',1),(59,59,'Trat',1),(60,60,'Chumphon',1),(61,61,'Krabi',1),(62,62,'Nakhon Si Thammarat',1),(63,63,'Narathiwat',1),(64,64,'Pattani',1),(65,65,'Phangnga',1),(66,66,'Phatthalung',1),(67,67,'Phuket',1),(68,68,'Ranong',1),(69,69,'Satun',1),(70,70,'Songkhla',1),(71,71,'Surat Thani',1),(72,72,'Trang',1),(73,73,'Yala',1),(74,74,'Amnat Charoen',1),(75,75,'Nong Bua Lamphu',1),(76,76,'Sa Kaeo',1),(77,37,'กรุงเทพมหานคร',2),(78,40,'กาญจนบุรี',2),(79,20,'กาฬสินธุ์',2),(80,3,'กำแพงเพชร',2),(81,21,'ขอนแก่น',2),(82,57,'จันทบุรี',2),(83,38,'ฉะเชิงเทรา',2),(84,56,'ชลบุรี',2),(85,39,'ชัยนาท',2),(86,19,'ชัยภูมิ',2),(87,60,'ชุมพร',2),(88,2,'เชียงราย',2),(89,1,'เชียงใหม่',2),(90,72,'ตรัง',2),(91,59,'ตราด',2),(92,15,'ตาก',2),(93,42,'นครนายก',2),(94,43,'นครปฐม',2),(95,25,'นครพนม',2),(96,26,'นครราชสีมา',2),(97,62,'นครศรีธรรมราช',2),(98,7,'นครสวรรค์',2),(99,44,'นนทบุรี',2),(100,63,'นราธิวาส',2),(101,8,'น่าน',2),(102,18,'บุรีรัมย์',2),(103,45,'ปทุมธานี',2),(104,48,'ประจวบคีรีขันธ์',2),(105,47,'ปราจีนบุรี',2),(106,64,'ปัตตานี',2),(107,36,'พระนครศรีอยุธยา',2),(108,9,'พะเยา',2),(109,65,'พังงา',2),(110,66,'พัทลุง',2),(111,12,'พิจิตร',2),(112,13,'พิษณุโลก',2),(113,46,'เพชรบุรี',2),(114,11,'เพชรบูรณ์',2),(115,10,'แพร่',2),(116,67,'ภูเก็ต',2),(117,23,'มหาสารคาม',2),(118,24,'มุกดาหาร',2),(119,6,'แม่ฮ่องสอน',2),(120,34,'ยโสธร',2),(121,73,'ยะลา',2),(122,28,'ร้อยเอ็ด',2),(123,68,'ระนอง',2),(124,58,'ระยอง',2),(125,49,'ราชบุรี',2),(126,41,'ลพบุรี',2),(127,4,'ลำปาง',2),(128,5,'ลำพูน',2),(129,22,'เลย',2),(130,30,'ศรีสะเกษ',2),(131,29,'สกลนคร',2),(132,70,'สงขลา',2),(133,69,'สตูล',2),(134,50,'สมุทรปราการ',2),(135,52,'สมุทรสงคราม',2),(136,51,'สมุทรสาคร',2),(137,76,'สระแก้ว',2),(138,53,'สระบุรี',2),(139,54,'สิงห์บุรี',2),(140,14,'สุโขทัย',2),(141,55,'สุพรรณบุรี',2),(142,71,'สุราษฎร์ธานี',2),(143,31,'สุรินทร์',2),(144,27,'หนองคาย',2),(145,75,'หนองบัวลำภู',2),(146,35,'อ่างทอง',2),(147,74,'อำนาจเจริญ',2),(148,33,'อุดรธานี',2),(149,17,'อุตรดิตถ์',2),(150,16,'อุทัยธานี',2),(151,32,'อุบลราชธานี',2),(152,61,'กระบี่',2);
/*!40000 ALTER TABLE `provinces` ENABLE KEYS */;
UNLOCK TABLES;

--
-- Table structure for table `purchasedocument_log`
--

DROP TABLE IF EXISTS `purchasedocument_log`;
/*!40101 SET @saved_cs_client     = @@character_set_client */;
/*!40101 SET character_set_client = utf8 */;
CREATE TABLE `purchasedocument_log` (
  `id` int(11) NOT NULL AUTO_INCREMENT,
  `supplier_id` int(11) NOT NULL,
  `document_number` varchar(100) CHARACTER SET utf8 DEFAULT NULL,
  `documentid` int(11) NOT NULL DEFAULT '0',
  `shopid` int(11) NOT NULL DEFAULT '0',
  `file_location` text,
  `file_folder` varchar(255) CHARACTER SET utf8 DEFAULT NULL,
  `file_head` varchar(100) CHARACTER SET utf8 DEFAULT NULL,
  `file_details` varchar(100) CHARACTER SET utf8 DEFAULT NULL,
  `file_maxid` int(11) NOT NULL DEFAULT '0',
  `log_status` tinyint(4) NOT NULL DEFAULT '0',
  `log_date` date DEFAULT NULL,
  `log_updatedate` datetime DEFAULT NULL,
  `log_error` text,
  PRIMARY KEY (`id`)
) ENGINE=InnoDB DEFAULT CHARSET=tis620;
/*!40101 SET character_set_client = @saved_cs_client */;

--
-- Dumping data for table `purchasedocument_log`
--

LOCK TABLES `purchasedocument_log` WRITE;
/*!40000 ALTER TABLE `purchasedocument_log` DISABLE KEYS */;
/*!40000 ALTER TABLE `purchasedocument_log` ENABLE KEYS */;
UNLOCK TABLES;

--
-- Table structure for table `questiondefinedata`
--

DROP TABLE IF EXISTS `questiondefinedata`;
/*!40101 SET @saved_cs_client     = @@character_set_client */;
/*!40101 SET character_set_client = utf8 */;
CREATE TABLE `questiondefinedata` (
  `QDDID` int(11) NOT NULL DEFAULT '0',
  `QDDName` varchar(255) DEFAULT NULL,
  `QDDDisplayNameInFront` varchar(255) DEFAULT NULL,
  `QDDTypeID` tinyint(4) NOT NULL DEFAULT '0',
  `QDDSurvey` tinyint(4) NOT NULL DEFAULT '0',
  `QDDGID` int(11) NOT NULL DEFAULT '0',
  `Deleted` tinyint(4) NOT NULL DEFAULT '0',
  `Activated` tinyint(4) NOT NULL DEFAULT '1',
  `IsRequired` tinyint(4) NOT NULL DEFAULT '1',
  `QDDOrdering` int(11) NOT NULL DEFAULT '0',
  PRIMARY KEY (`QDDID`)
) ENGINE=InnoDB DEFAULT CHARSET=utf8;
/*!40101 SET character_set_client = @saved_cs_client */;

--
-- Dumping data for table `questiondefinedata`
--

LOCK TABLES `questiondefinedata` WRITE;
/*!40000 ALTER TABLE `questiondefinedata` DISABLE KEYS */;
/*!40000 ALTER TABLE `questiondefinedata` ENABLE KEYS */;
UNLOCK TABLES;

--
-- Table structure for table `questiondefinedatagroup`
--

DROP TABLE IF EXISTS `questiondefinedatagroup`;
/*!40101 SET @saved_cs_client     = @@character_set_client */;
/*!40101 SET character_set_client = utf8 */;
CREATE TABLE `questiondefinedatagroup` (
  `QDDGID` int(11) NOT NULL DEFAULT '0',
  `QDDGName` varchar(255) DEFAULT NULL,
  `QDDGOrder` int(11) NOT NULL DEFAULT '0',
  `Deleted` tinyint(4) NOT NULL DEFAULT '0',
  PRIMARY KEY (`QDDGID`)
) ENGINE=InnoDB DEFAULT CHARSET=utf8;
/*!40101 SET character_set_client = @saved_cs_client */;

--
-- Dumping data for table `questiondefinedatagroup`
--

LOCK TABLES `questiondefinedatagroup` WRITE;
/*!40000 ALTER TABLE `questiondefinedatagroup` DISABLE KEYS */;
/*!40000 ALTER TABLE `questiondefinedatagroup` ENABLE KEYS */;
UNLOCK TABLES;

--
-- Table structure for table `questiondefinedetail`
--

DROP TABLE IF EXISTS `questiondefinedetail`;
/*!40101 SET @saved_cs_client     = @@character_set_client */;
/*!40101 SET character_set_client = utf8 */;
CREATE TABLE `questiondefinedetail` (
  `OrderDetailID` int(11) NOT NULL DEFAULT '0',
  `TransactionID` int(11) NOT NULL DEFAULT '0',
  `ComputerID` int(11) NOT NULL DEFAULT '0',
  `QDDID` int(11) NOT NULL DEFAULT '0',
  `OptionID` int(11) NOT NULL DEFAULT '0',
  `QDVText` text,
  `QDVValue` decimal(18,4) NOT NULL DEFAULT '0.0000',
  `QDVDate` datetime DEFAULT NULL,
  PRIMARY KEY (`TransactionID`,`ComputerID`,`OrderDetailID`,`QDDID`,`OptionID`),
  KEY `TransactionID` (`TransactionID`,`ComputerID`)
) ENGINE=InnoDB DEFAULT CHARSET=utf8;
/*!40101 SET character_set_client = @saved_cs_client */;

--
-- Dumping data for table `questiondefinedetail`
--

LOCK TABLES `questiondefinedetail` WRITE;
/*!40000 ALTER TABLE `questiondefinedetail` DISABLE KEYS */;
/*!40000 ALTER TABLE `questiondefinedetail` ENABLE KEYS */;
UNLOCK TABLES;

--
-- Table structure for table `questiondefineoption`
--

DROP TABLE IF EXISTS `questiondefineoption`;
/*!40101 SET @saved_cs_client     = @@character_set_client */;
/*!40101 SET character_set_client = utf8 */;
CREATE TABLE `questiondefineoption` (
  `OptionID` int(11) NOT NULL AUTO_INCREMENT,
  `QDDID` int(11) NOT NULL DEFAULT '0',
  `OptionName` varchar(255) DEFAULT NULL,
  PRIMARY KEY (`OptionID`)
) ENGINE=InnoDB DEFAULT CHARSET=utf8;
/*!40101 SET character_set_client = @saved_cs_client */;

--
-- Dumping data for table `questiondefineoption`
--

LOCK TABLES `questiondefineoption` WRITE;
/*!40000 ALTER TABLE `questiondefineoption` DISABLE KEYS */;
/*!40000 ALTER TABLE `questiondefineoption` ENABLE KEYS */;
UNLOCK TABLES;

--
-- Table structure for table `questionshoplink`
--

DROP TABLE IF EXISTS `questionshoplink`;
/*!40101 SET @saved_cs_client     = @@character_set_client */;
/*!40101 SET character_set_client = utf8 */;
CREATE TABLE `questionshoplink` (
  `QDDID` int(11) NOT NULL DEFAULT '0',
  `ShopID` int(11) NOT NULL DEFAULT '0',
  PRIMARY KEY (`QDDID`,`ShopID`)
) ENGINE=InnoDB DEFAULT CHARSET=utf8;
/*!40101 SET character_set_client = @saved_cs_client */;

--
-- Dumping data for table `questionshoplink`
--

LOCK TABLES `questionshoplink` WRITE;
/*!40000 ALTER TABLE `questionshoplink` DISABLE KEYS */;
/*!40000 ALTER TABLE `questionshoplink` ENABLE KEYS */;
UNLOCK TABLES;

--
-- Table structure for table `questionsurveydetail`
--

DROP TABLE IF EXISTS `questionsurveydetail`;
/*!40101 SET @saved_cs_client     = @@character_set_client */;
/*!40101 SET character_set_client = utf8 */;
CREATE TABLE `questionsurveydetail` (
  `SurveyDetailID` int(11) NOT NULL AUTO_INCREMENT,
  `QDDID` int(11) NOT NULL DEFAULT '0',
  `OptionID` int(11) NOT NULL DEFAULT '0',
  `SurveyVDate` datetime DEFAULT NULL,
  PRIMARY KEY (`SurveyDetailID`,`QDDID`,`OptionID`)
) ENGINE=InnoDB DEFAULT CHARSET=utf8;
/*!40101 SET character_set_client = @saved_cs_client */;

--
-- Dumping data for table `questionsurveydetail`
--

LOCK TABLES `questionsurveydetail` WRITE;
/*!40000 ALTER TABLE `questionsurveydetail` DISABLE KEYS */;
/*!40000 ALTER TABLE `questionsurveydetail` ENABLE KEYS */;
UNLOCK TABLES;

--
-- Table structure for table `queuecustomer`
--

DROP TABLE IF EXISTS `queuecustomer`;
/*!40101 SET @saved_cs_client     = @@character_set_client */;
/*!40101 SET character_set_client = utf8 */;
CREATE TABLE `queuecustomer` (
  `QueueID` int(11) NOT NULL DEFAULT '0',
  `ShopID` smallint(6) NOT NULL DEFAULT '0',
  `QueueIndex` smallint(6) NOT NULL DEFAULT '0',
  `QueueGroupID` smallint(4) NOT NULL DEFAULT '0',
  `MemberID` int(11) NOT NULL DEFAULT '0',
  `CustomerName` varchar(200) DEFAULT NULL,
  `CustomerMobile` varchar(50) DEFAULT NULL,
  `NoOfCustomer` tinyint(4) NOT NULL DEFAULT '0',
  `QueueNote` varchar(255) DEFAULT NULL,
  `QueueDate` datetime DEFAULT NULL,
  `QueueStatusID` tinyint(4) NOT NULL DEFAULT '0',
  `QueueFromComputerID` int(11) NOT NULL DEFAULT '0',
  `TransactionID` int(11) NOT NULL DEFAULT '0',
  `ComputerID` int(11) NOT NULL DEFAULT '0',
  `InsertDateTime` datetime DEFAULT NULL,
  `CheckInDateTime` datetime DEFAULT NULL,
  `UpdateDateTime` datetime DEFAULT NULL,
  PRIMARY KEY (`QueueID`,`ShopID`)
) ENGINE=InnoDB DEFAULT CHARSET=utf8;
/*!40101 SET character_set_client = @saved_cs_client */;

--
-- Dumping data for table `queuecustomer`
--

LOCK TABLES `queuecustomer` WRITE;
/*!40000 ALTER TABLE `queuecustomer` DISABLE KEYS */;
/*!40000 ALTER TABLE `queuecustomer` ENABLE KEYS */;
UNLOCK TABLES;

--
-- Table structure for table `queuecustomerfront`
--

DROP TABLE IF EXISTS `queuecustomerfront`;
/*!40101 SET @saved_cs_client     = @@character_set_client */;
/*!40101 SET character_set_client = utf8 */;
CREATE TABLE `queuecustomerfront` (
  `QueueID` int(11) NOT NULL DEFAULT '0',
  `ShopID` smallint(6) NOT NULL DEFAULT '0',
  `QueueIndex` smallint(6) NOT NULL DEFAULT '0',
  `QueueGroupID` smallint(4) NOT NULL DEFAULT '0',
  `MemberID` int(11) NOT NULL DEFAULT '0',
  `CustomerName` varchar(200) DEFAULT NULL,
  `CustomerMobile` varchar(50) DEFAULT NULL,
  `NoOfCustomer` tinyint(4) NOT NULL DEFAULT '0',
  `QueueNote` varchar(255) DEFAULT NULL,
  `QueueDate` datetime DEFAULT NULL,
  `QueueStatusID` tinyint(4) NOT NULL DEFAULT '0',
  `QueueFromComputerID` int(11) NOT NULL DEFAULT '0',
  `TransactionID` int(11) NOT NULL DEFAULT '0',
  `ComputerID` int(11) NOT NULL DEFAULT '0',
  `InsertDateTime` datetime DEFAULT NULL,
  `CheckInDateTime` datetime DEFAULT NULL,
  `UpdateDateTime` datetime DEFAULT NULL,
  PRIMARY KEY (`QueueID`,`ShopID`)
) ENGINE=InnoDB DEFAULT CHARSET=utf8;
/*!40101 SET character_set_client = @saved_cs_client */;

--
-- Dumping data for table `queuecustomerfront`
--

LOCK TABLES `queuecustomerfront` WRITE;
/*!40000 ALTER TABLE `queuecustomerfront` DISABLE KEYS */;
/*!40000 ALTER TABLE `queuecustomerfront` ENABLE KEYS */;
UNLOCK TABLES;

--
-- Table structure for table `queuecustomergroup`
--

DROP TABLE IF EXISTS `queuecustomergroup`;
/*!40101 SET @saved_cs_client     = @@character_set_client */;
/*!40101 SET character_set_client = utf8 */;
CREATE TABLE `queuecustomergroup` (
  `QueueGroupID` tinyint(4) NOT NULL DEFAULT '0',
  `QueueGroupName` varchar(20) DEFAULT NULL,
  `QueueGroupDisplayCode` varchar(5) DEFAULT NULL,
  PRIMARY KEY (`QueueGroupID`)
) ENGINE=InnoDB DEFAULT CHARSET=tis620;
/*!40101 SET character_set_client = @saved_cs_client */;

--
-- Dumping data for table `queuecustomergroup`
--

LOCK TABLES `queuecustomergroup` WRITE;
/*!40000 ALTER TABLE `queuecustomergroup` DISABLE KEYS */;
INSERT INTO `queuecustomergroup` VALUES (1,'A','A'),(2,'B','B'),(3,'C','C');
/*!40000 ALTER TABLE `queuecustomergroup` ENABLE KEYS */;
UNLOCK TABLES;

--
-- Table structure for table `queuecustomermaxno`
--

DROP TABLE IF EXISTS `queuecustomermaxno`;
/*!40101 SET @saved_cs_client     = @@character_set_client */;
/*!40101 SET character_set_client = utf8 */;
CREATE TABLE `queuecustomermaxno` (
  `MaxQueueIndex` smallint(6) NOT NULL DEFAULT '0',
  `QueueGroupID` tinyint(4) NOT NULL DEFAULT '0',
  `ShopID` int(11) NOT NULL DEFAULT '0',
  `QueueDate` datetime NOT NULL DEFAULT '0000-00-00 00:00:00',
  PRIMARY KEY (`MaxQueueIndex`,`QueueGroupID`,`ShopID`,`QueueDate`)
) ENGINE=InnoDB DEFAULT CHARSET=utf8;
/*!40101 SET character_set_client = @saved_cs_client */;

--
-- Dumping data for table `queuecustomermaxno`
--

LOCK TABLES `queuecustomermaxno` WRITE;
/*!40000 ALTER TABLE `queuecustomermaxno` DISABLE KEYS */;
/*!40000 ALTER TABLE `queuecustomermaxno` ENABLE KEYS */;
UNLOCK TABLES;

--
-- Table structure for table `queuecustomerstatus`
--

DROP TABLE IF EXISTS `queuecustomerstatus`;
/*!40101 SET @saved_cs_client     = @@character_set_client */;
/*!40101 SET character_set_client = utf8 */;
CREATE TABLE `queuecustomerstatus` (
  `QueueStatusID` tinyint(4) NOT NULL DEFAULT '0',
  `QueueStatus` varchar(100) DEFAULT NULL,
  PRIMARY KEY (`QueueStatusID`)
) ENGINE=InnoDB DEFAULT CHARSET=utf8;
/*!40101 SET character_set_client = @saved_cs_client */;

--
-- Dumping data for table `queuecustomerstatus`
--

LOCK TABLES `queuecustomerstatus` WRITE;
/*!40000 ALTER TABLE `queuecustomerstatus` DISABLE KEYS */;
INSERT INTO `queuecustomerstatus` VALUES (1,'Waiting'),(2,'Already CheckIn'),(99,'Cancel Queue');
/*!40000 ALTER TABLE `queuecustomerstatus` ENABLE KEYS */;
UNLOCK TABLES;

--
-- Table structure for table `queueinsertingtype`
--

DROP TABLE IF EXISTS `queueinsertingtype`;
/*!40101 SET @saved_cs_client     = @@character_set_client */;
/*!40101 SET character_set_client = utf8 */;
CREATE TABLE `queueinsertingtype` (
  `QueueTypeID` int(11) NOT NULL DEFAULT '0',
  `Description` varchar(50) DEFAULT NULL,
  PRIMARY KEY (`QueueTypeID`)
) ENGINE=InnoDB DEFAULT CHARSET=utf8;
/*!40101 SET character_set_client = @saved_cs_client */;

--
-- Dumping data for table `queueinsertingtype`
--

LOCK TABLES `queueinsertingtype` WRITE;
/*!40000 ALTER TABLE `queueinsertingtype` DISABLE KEYS */;
INSERT INTO `queueinsertingtype` VALUES (1,'Insert At The Begining of Queue.'),(2,'Insert At The End of Queue.'),(3,'Insert After Last Staff In Queue.'),(4,'Insert Before Last Session\'s Staff In Queue.'),(5,'Insert After Available Staff In Queue.');
/*!40000 ALTER TABLE `queueinsertingtype` ENABLE KEYS */;
UNLOCK TABLES;

--
-- Table structure for table `queueitemppc`
--

DROP TABLE IF EXISTS `queueitemppc`;
/*!40101 SET @saved_cs_client     = @@character_set_client */;
/*!40101 SET character_set_client = utf8 */;
CREATE TABLE `queueitemppc` (
  `ID` int(11) NOT NULL AUTO_INCREMENT,
  `ShopID` int(11) NOT NULL DEFAULT '0',
  `QueueIndex` int(11) NOT NULL DEFAULT '0',
  `QueueDate` datetime DEFAULT NULL,
  `SaleMode` tinyint(4) NOT NULL DEFAULT '0',
  PRIMARY KEY (`ID`)
) ENGINE=InnoDB AUTO_INCREMENT=14 DEFAULT CHARSET=utf8;
/*!40101 SET character_set_client = @saved_cs_client */;

--
-- Dumping data for table `queueitemppc`
--

LOCK TABLES `queueitemppc` WRITE;
/*!40000 ALTER TABLE `queueitemppc` DISABLE KEYS */;
INSERT INTO `queueitemppc` VALUES (1,2,2,'2013-09-18 00:00:00',90),(2,2,2,'2013-09-19 00:00:00',90),(3,2,2,'2013-09-19 00:00:00',2),(4,2,5,'2013-09-24 00:00:00',90),(5,2,2,'2013-09-28 00:00:00',90),(6,2,1,'2013-09-29 00:00:00',90),(7,2,1,'2013-09-30 00:00:00',90),(8,2,3,'2013-10-01 00:00:00',90),(9,2,4,'2013-10-02 00:00:00',90),(10,2,2,'2013-10-03 00:00:00',90),(11,2,16,'2013-10-04 00:00:00',90),(12,2,4,'2013-10-05 00:00:00',90),(13,2,1,'2013-10-07 00:00:00',90);
/*!40000 ALTER TABLE `queueitemppc` ENABLE KEYS */;
UNLOCK TABLES;

--
-- Table structure for table `queuetypeforselectstaff`
--

DROP TABLE IF EXISTS `queuetypeforselectstaff`;
/*!40101 SET @saved_cs_client     = @@character_set_client */;
/*!40101 SET character_set_client = utf8 */;
CREATE TABLE `queuetypeforselectstaff` (
  `QueueTypeID` int(11) NOT NULL DEFAULT '0',
  `Description` varchar(50) DEFAULT NULL,
  PRIMARY KEY (`QueueTypeID`)
) ENGINE=InnoDB DEFAULT CHARSET=utf8;
/*!40101 SET character_set_client = @saved_cs_client */;

--
-- Dumping data for table `queuetypeforselectstaff`
--

LOCK TABLES `queuetypeforselectstaff` WRITE;
/*!40000 ALTER TABLE `queuetypeforselectstaff` DISABLE KEYS */;
INSERT INTO `queuetypeforselectstaff` VALUES (1,'Stay The Same Queue No After Available.'),(2,'Insert Queue No At The End of Line After Available');
/*!40000 ALTER TABLE `queuetypeforselectstaff` ENABLE KEYS */;
UNLOCK TABLES;

--
-- Table structure for table `queuetypeiiproduct`
--

DROP TABLE IF EXISTS `queuetypeiiproduct`;
/*!40101 SET @saved_cs_client     = @@character_set_client */;
/*!40101 SET character_set_client = utf8 */;
CREATE TABLE `queuetypeiiproduct` (
  `ProductCode` varchar(50) NOT NULL DEFAULT '',
  `QueueType` tinyint(4) NOT NULL DEFAULT '0',
  PRIMARY KEY (`ProductCode`,`QueueType`)
) ENGINE=InnoDB DEFAULT CHARSET=utf8;
/*!40101 SET character_set_client = @saved_cs_client */;

--
-- Dumping data for table `queuetypeiiproduct`
--

LOCK TABLES `queuetypeiiproduct` WRITE;
/*!40000 ALTER TABLE `queuetypeiiproduct` DISABLE KEYS */;
/*!40000 ALTER TABLE `queuetypeiiproduct` ENABLE KEYS */;
UNLOCK TABLES;

--
-- Table structure for table `queuetypeorderstaffby`
--

DROP TABLE IF EXISTS `queuetypeorderstaffby`;
/*!40101 SET @saved_cs_client     = @@character_set_client */;
/*!40101 SET character_set_client = utf8 */;
CREATE TABLE `queuetypeorderstaffby` (
  `QueueTypeID` int(11) NOT NULL DEFAULT '0',
  `Description` varchar(50) DEFAULT NULL,
  PRIMARY KEY (`QueueTypeID`)
) ENGINE=InnoDB DEFAULT CHARSET=utf8;
/*!40101 SET character_set_client = @saved_cs_client */;

--
-- Dumping data for table `queuetypeorderstaffby`
--

LOCK TABLES `queuetypeorderstaffby` WRITE;
/*!40000 ALTER TABLE `queuetypeorderstaffby` DISABLE KEYS */;
INSERT INTO `queuetypeorderstaffby` VALUES (1,'Queue No From Yesterday Queue.'),(2,'Queue No From Staff Working Session.');
/*!40000 ALTER TABLE `queuetypeorderstaffby` ENABLE KEYS */;
UNLOCK TABLES;

--
-- Table structure for table `queuetypereturnstaff`
--

DROP TABLE IF EXISTS `queuetypereturnstaff`;
/*!40101 SET @saved_cs_client     = @@character_set_client */;
/*!40101 SET character_set_client = utf8 */;
CREATE TABLE `queuetypereturnstaff` (
  `QueueTypeID` int(11) NOT NULL DEFAULT '0',
  `Description` varchar(50) DEFAULT NULL,
  PRIMARY KEY (`QueueTypeID`)
) ENGINE=InnoDB DEFAULT CHARSET=utf8;
/*!40101 SET character_set_client = @saved_cs_client */;

--
-- Dumping data for table `queuetypereturnstaff`
--

LOCK TABLES `queuetypereturnstaff` WRITE;
/*!40000 ALTER TABLE `queuetypereturnstaff` DISABLE KEYS */;
INSERT INTO `queuetypereturnstaff` VALUES (1,'Stay The Same Queue No After Return.'),(2,'Insert Queue No At The End of Line After Return.');
/*!40000 ALTER TABLE `queuetypereturnstaff` ENABLE KEYS */;
UNLOCK TABLES;

--
-- Table structure for table `reasonorderdetail`
--

DROP TABLE IF EXISTS `reasonorderdetail`;
/*!40101 SET @saved_cs_client     = @@character_set_client */;
/*!40101 SET character_set_client = utf8 */;
CREATE TABLE `reasonorderdetail` (
  `HistoryID` int(11) NOT NULL AUTO_INCREMENT,
  `TransactionID` int(11) NOT NULL DEFAULT '0',
  `ComputerID` int(11) NOT NULL DEFAULT '0',
  `StaffID` int(11) NOT NULL DEFAULT '0',
  `ReasonID` int(11) NOT NULL DEFAULT '0',
  `FrontFunctionID` int(11) NOT NULL DEFAULT '0',
  `HistoryDateTime` datetime DEFAULT NULL,
  PRIMARY KEY (`HistoryID`,`TransactionID`,`ComputerID`)
) ENGINE=InnoDB DEFAULT CHARSET=utf8;
/*!40101 SET character_set_client = @saved_cs_client */;

--
-- Dumping data for table `reasonorderdetail`
--

LOCK TABLES `reasonorderdetail` WRITE;
/*!40000 ALTER TABLE `reasonorderdetail` DISABLE KEYS */;
/*!40000 ALTER TABLE `reasonorderdetail` ENABLE KEYS */;
UNLOCK TABLES;

--
-- Table structure for table `reasontext`
--

DROP TABLE IF EXISTS `reasontext`;
/*!40101 SET @saved_cs_client     = @@character_set_client */;
/*!40101 SET character_set_client = utf8 */;
CREATE TABLE `reasontext` (
  `ReasonID` int(11) NOT NULL DEFAULT '0',
  `ReasonGroupID` int(11) NOT NULL DEFAULT '0',
  `ReasonText` varchar(100) DEFAULT NULL,
  `Ordering` int(11) NOT NULL DEFAULT '0',
  `Deleted` tinyint(4) NOT NULL DEFAULT '0',
  PRIMARY KEY (`ReasonID`)
) ENGINE=InnoDB DEFAULT CHARSET=utf8;
/*!40101 SET character_set_client = @saved_cs_client */;

--
-- Dumping data for table `reasontext`
--

LOCK TABLES `reasontext` WRITE;
/*!40000 ALTER TABLE `reasontext` DISABLE KEYS */;
INSERT INTO `reasontext` VALUES (1,1,'ลืมให้ส่วนลดลูกค้า',1,0),(2,1,'เก็บเงินผิดโต๊ะ',1,0),(3,2,'ลูกค้าไม่เอา',2,0),(4,2,'ลูกค้าเปลี่ยน',3,0),(5,2,'กดรายการผิด',4,0),(6,2,'ของหมด',6,0),(7,3,'ลูกค้าขอใหม่',1,0),(8,5,'ลูกค้าขอย้าย',1,0),(9,6,'ลูกค้าต้องชำระเงินรวมกัน',1,0),(10,7,'เลือกผิดโต๊ะ',5,0),(11,8,'แลกเงินทอน',7,0);
/*!40000 ALTER TABLE `reasontext` ENABLE KEYS */;
UNLOCK TABLES;

--
-- Table structure for table `reasontextgroup`
--

DROP TABLE IF EXISTS `reasontextgroup`;
/*!40101 SET @saved_cs_client     = @@character_set_client */;
/*!40101 SET character_set_client = utf8 */;
CREATE TABLE `reasontextgroup` (
  `ReasonGroupID` int(11) NOT NULL DEFAULT '0',
  `ReasonGroupName` varchar(50) DEFAULT NULL,
  `Enabled` tinyint(4) NOT NULL DEFAULT '1',
  `RequireAmount` tinyint(4) NOT NULL DEFAULT '0',
  `EnableManualReason` tinyint(4) NOT NULL DEFAULT '1',
  PRIMARY KEY (`ReasonGroupID`)
) ENGINE=InnoDB DEFAULT CHARSET=utf8;
/*!40101 SET character_set_client = @saved_cs_client */;

--
-- Dumping data for table `reasontextgroup`
--

LOCK TABLES `reasontextgroup` WRITE;
/*!40000 ALTER TABLE `reasontextgroup` DISABLE KEYS */;
INSERT INTO `reasontextgroup` VALUES (1,'Void Transaction',1,0,1),(2,'Void/ Delete Order',1,0,1),(3,'Reprint Bill',1,0,1),(4,'Reprint Order',0,0,1),(5,'Change Table',1,0,1),(6,'Combine Table',1,0,1),(7,'Move Order',1,0,1),(8,'Manual Open Cash Drawer',1,0,1),(9,'Change Product',0,0,1),(10,'Clear Access Table',1,0,1),(11,'Applied Promotion',1,0,1),(12,'Applied Payment',1,0,1),(10001,'CRM Edit Member',1,0,1),(10002,'Manual Search Member',1,0,1);
/*!40000 ALTER TABLE `reasontextgroup` ENABLE KEYS */;
UNLOCK TABLES;

--
-- Table structure for table `receiptheaderfooter`
--

DROP TABLE IF EXISTS `receiptheaderfooter`;
/*!40101 SET @saved_cs_client     = @@character_set_client */;
/*!40101 SET character_set_client = utf8 */;
CREATE TABLE `receiptheaderfooter` (
  `ID` int(11) NOT NULL DEFAULT '0',
  `TextInLine` varchar(100) DEFAULT NULL,
  `LineType` tinyint(4) NOT NULL DEFAULT '0',
  `LineOrder` smallint(6) NOT NULL DEFAULT '1',
  `ProductLevelID` int(11) NOT NULL DEFAULT '0',
  PRIMARY KEY (`ID`)
) ENGINE=InnoDB DEFAULT CHARSET=utf8;
/*!40101 SET character_set_client = @saved_cs_client */;

--
-- Dumping data for table `receiptheaderfooter`
--

LOCK TABLES `receiptheaderfooter` WRITE;
/*!40000 ALTER TABLE `receiptheaderfooter` DISABLE KEYS */;
/*!40000 ALTER TABLE `receiptheaderfooter` ENABLE KEYS */;
UNLOCK TABLES;

--
-- Table structure for table `receiptheaderfooterdescription`
--

DROP TABLE IF EXISTS `receiptheaderfooterdescription`;
/*!40101 SET @saved_cs_client     = @@character_set_client */;
/*!40101 SET character_set_client = utf8 */;
CREATE TABLE `receiptheaderfooterdescription` (
  `LineType` int(11) NOT NULL DEFAULT '0',
  `Description` varchar(50) DEFAULT NULL,
  `HeaderOrFooter` tinyint(4) NOT NULL DEFAULT '0',
  `AutoGen` tinyint(4) NOT NULL DEFAULT '1',
  `GlobalConfig` tinyint(4) NOT NULL DEFAULT '0',
  `Deleted` tinyint(4) NOT NULL DEFAULT '0',
  PRIMARY KEY (`LineType`)
) ENGINE=InnoDB DEFAULT CHARSET=utf8;
/*!40101 SET character_set_client = @saved_cs_client */;

--
-- Dumping data for table `receiptheaderfooterdescription`
--

LOCK TABLES `receiptheaderfooterdescription` WRITE;
/*!40000 ALTER TABLE `receiptheaderfooterdescription` DISABLE KEYS */;
INSERT INTO `receiptheaderfooterdescription` VALUES (0,'Receipt Header',1,1,0,0),(1,'Receipt Footer',0,1,0,0),(2,'Full Tax Invoice Header',1,1,1,0),(3,'Back Retail Header',1,1,1,1),(4,'Long Bill Header',1,1,0,0),(5,'Long Bill Footer',0,1,0,0),(6,'FullTax Invoice Foot',0,1,1,0),(7,'Job Order Summary Price Footer',0,1,1,0),(8,'End Day Session Header',1,1,1,0),(9,'End Shift Header',1,1,1,0),(10,'Queue Customer Footer',0,1,1,0),(11,'Deposit Transaction Header',1,1,1,0),(12,'Deposit Transaction Footer',0,1,1,0),(13,'Item Deposit Header',1,1,1,0),(14,'Item Deposit Footer',0,1,1,0),(15,'Cash In/Out Header',1,1,1,0),(16,'Cash In/Out Footer',0,1,1,0),(17,'Queue Customer Header',1,1,1,0),(18,'Footer For Print Signature',0,1,1,0),(19,'Void Order Footer',0,1,1,0),(20,'Footer For Void Transaction',0,1,1,0),(21,'Other Receipt Header',0,1,1,0),(22,'Other Receipt Footer',1,1,1,0),(23,'Open Session Amount Header',1,1,1,0),(24,'Open Session Amount Footer',0,1,1,0),(25,'Move Order Header',1,1,1,0),(26,'Move Order Footer',0,1,1,0),(27,'Void Order Header',1,1,1,0),(28,'End Day Session Footer',0,1,1,0),(29,'End Shift Footer',0,1,1,0),(30,'Redeem Point Receipt Header',1,1,1,0),(31,'Redeem Point Receipt Footer',1,1,1,0),(33,'CRM Register Member Header',0,1,1,0),(34,'CRM Register Member Footer',1,1,1,0),(35,'PTT BlueCard Redeem Header',0,0,0,1);
/*!40000 ALTER TABLE `receiptheaderfooterdescription` ENABLE KEYS */;
UNLOCK TABLES;

--
-- Table structure for table `receiptpromotionheaderfooter`
--

DROP TABLE IF EXISTS `receiptpromotionheaderfooter`;
/*!40101 SET @saved_cs_client     = @@character_set_client */;
/*!40101 SET character_set_client = utf8 */;
CREATE TABLE `receiptpromotionheaderfooter` (
  `ID` int(11) NOT NULL DEFAULT '0',
  `TextInLine` varchar(50) DEFAULT NULL,
  `LineType` tinyint(4) NOT NULL DEFAULT '0',
  `LineOrder` smallint(6) NOT NULL DEFAULT '0',
  `PrintPosition` tinyint(4) NOT NULL DEFAULT '0',
  `PriceGroupID` int(11) NOT NULL DEFAULT '0',
  PRIMARY KEY (`ID`)
) ENGINE=InnoDB DEFAULT CHARSET=tis620;
/*!40101 SET character_set_client = @saved_cs_client */;

--
-- Dumping data for table `receiptpromotionheaderfooter`
--

LOCK TABLES `receiptpromotionheaderfooter` WRITE;
/*!40000 ALTER TABLE `receiptpromotionheaderfooter` DISABLE KEYS */;
/*!40000 ALTER TABLE `receiptpromotionheaderfooter` ENABLE KEYS */;
UNLOCK TABLES;

--
-- Table structure for table `receiptpromotionheaderfooterdescription`
--

DROP TABLE IF EXISTS `receiptpromotionheaderfooterdescription`;
/*!40101 SET @saved_cs_client     = @@character_set_client */;
/*!40101 SET character_set_client = utf8 */;
CREATE TABLE `receiptpromotionheaderfooterdescription` (
  `LineType` tinyint(4) NOT NULL DEFAULT '0',
  `Description` varchar(50) DEFAULT NULL,
  PRIMARY KEY (`LineType`)
) ENGINE=InnoDB DEFAULT CHARSET=tis620;
/*!40101 SET character_set_client = @saved_cs_client */;

--
-- Dumping data for table `receiptpromotionheaderfooterdescription`
--

LOCK TABLES `receiptpromotionheaderfooterdescription` WRITE;
/*!40000 ALTER TABLE `receiptpromotionheaderfooterdescription` DISABLE KEYS */;
INSERT INTO `receiptpromotionheaderfooterdescription` VALUES (0,'Next Coupon/Voucher Header'),(1,'Next Coupon/Voucher Footer');
/*!40000 ALTER TABLE `receiptpromotionheaderfooterdescription` ENABLE KEYS */;
UNLOCK TABLES;

--
-- Table structure for table `receiptpromotionheaderfooterpositiondescription`
--

DROP TABLE IF EXISTS `receiptpromotionheaderfooterpositiondescription`;
/*!40101 SET @saved_cs_client     = @@character_set_client */;
/*!40101 SET character_set_client = utf8 */;
CREATE TABLE `receiptpromotionheaderfooterpositiondescription` (
  `PositionID` tinyint(4) NOT NULL DEFAULT '0',
  `Description` varchar(50) DEFAULT NULL,
  PRIMARY KEY (`PositionID`)
) ENGINE=InnoDB DEFAULT CHARSET=utf8;
/*!40101 SET character_set_client = @saved_cs_client */;

--
-- Dumping data for table `receiptpromotionheaderfooterpositiondescription`
--

LOCK TABLES `receiptpromotionheaderfooterpositiondescription` WRITE;
/*!40000 ALTER TABLE `receiptpromotionheaderfooterpositiondescription` DISABLE KEYS */;
/*!40000 ALTER TABLE `receiptpromotionheaderfooterpositiondescription` ENABLE KEYS */;
UNLOCK TABLES;

--
-- Table structure for table `recordorderdetail`
--

DROP TABLE IF EXISTS `recordorderdetail`;
/*!40101 SET @saved_cs_client     = @@character_set_client */;
/*!40101 SET character_set_client = utf8 */;
CREATE TABLE `recordorderdetail` (
  `RecordID` int(11) NOT NULL DEFAULT '0',
  `TransactionID` int(11) NOT NULL DEFAULT '0',
  `ComputerID` int(11) NOT NULL DEFAULT '0',
  `OrderDetailID` int(11) NOT NULL DEFAULT '0',
  `ProductID` int(11) NOT NULL DEFAULT '0',
  `OtherProductName` varchar(100) DEFAULT NULL,
  `ProductSetType` int(11) NOT NULL DEFAULT '0',
  `OrderStatusID` int(11) NOT NULL DEFAULT '0',
  `Amount` decimal(18,4) NOT NULL DEFAULT '0.0000',
  `PricePerUnit` decimal(18,4) NOT NULL DEFAULT '0.0000',
  `TotalRetailPrice` decimal(18,4) NOT NULL DEFAULT '0.0000',
  `TotalPrice` decimal(18,4) NOT NULL DEFAULT '0.0000',
  `SalePrice` decimal(18,4) NOT NULL DEFAULT '0.0000',
  `HasServiceCharge` tinyint(4) NOT NULL DEFAULT '0',
  `VATType` int(11) NOT NULL DEFAULT '0',
  `MemberDiscount` decimal(18,4) NOT NULL DEFAULT '0.0000',
  `StaffDiscount` decimal(18,4) NOT NULL DEFAULT '0.0000',
  `VoucherDiscount` decimal(18,4) NOT NULL DEFAULT '0.0000',
  `CouponDiscount` decimal(18,4) NOT NULL DEFAULT '0.0000',
  `OtherDiscount` decimal(18,4) NOT NULL DEFAULT '0.0000',
  `PriceDiscount` decimal(18,4) NOT NULL DEFAULT '0.0000',
  `NPriceDiscount` decimal(18,4) NOT NULL DEFAULT '0.0000',
  `PricePromoID` int(11) NOT NULL DEFAULT '0',
  `PriceNPromoID` int(11) NOT NULL DEFAULT '0',
  PRIMARY KEY (`RecordID`,`TransactionID`,`ComputerID`,`OrderDetailID`),
  KEY `TransactionIndex` (`TransactionID`,`ComputerID`)
) ENGINE=InnoDB DEFAULT CHARSET=utf8;
/*!40101 SET character_set_client = @saved_cs_client */;

--
-- Dumping data for table `recordorderdetail`
--

LOCK TABLES `recordorderdetail` WRITE;
/*!40000 ALTER TABLE `recordorderdetail` DISABLE KEYS */;
/*!40000 ALTER TABLE `recordorderdetail` ENABLE KEYS */;
UNLOCK TABLES;

--
-- Table structure for table `recordordertransaction`
--

DROP TABLE IF EXISTS `recordordertransaction`;
/*!40101 SET @saved_cs_client     = @@character_set_client */;
/*!40101 SET character_set_client = utf8 */;
CREATE TABLE `recordordertransaction` (
  `RecordID` int(11) NOT NULL DEFAULT '0',
  `TransactionID` int(11) NOT NULL DEFAULT '0',
  `ComputerID` int(11) NOT NULL DEFAULT '0',
  `FrontFunctionID` int(11) NOT NULL DEFAULT '0',
  `SaleDate` date DEFAULT NULL,
  `ShopID` int(11) NOT NULL DEFAULT '0',
  `TableID` int(11) NOT NULL DEFAULT '0',
  `ServiceCharge` decimal(18,4) NOT NULL DEFAULT '0.0000',
  `ServiceChargeVAT` decimal(18,4) NOT NULL DEFAULT '0.0000',
  `TransactionExcludeVAT` decimal(18,4) NOT NULL DEFAULT '0.0000',
  `IsCalculateServiceCharge` tinyint(4) NOT NULL DEFAULT '0',
  `ServiceChargePercent` decimal(8,4) NOT NULL DEFAULT '0.0000',
  `VATPercent` decimal(8,4) NOT NULL DEFAULT '0.0000',
  `OtherAmountDiscount` decimal(18,4) NOT NULL DEFAULT '0.0000',
  `TotalProductAmount` decimal(18,4) NOT NULL DEFAULT '0.0000',
  `TotalPayAmount` decimal(18,4) NOT NULL DEFAULT '0.0000',
  `ReceiptNumber` varchar(50) DEFAULT NULL,
  `CurrentNoPrintBillDetail` int(11) NOT NULL DEFAULT '0',
  `RecordStaffID` int(11) NOT NULL DEFAULT '0',
  `RecordComputerID` int(11) NOT NULL DEFAULT '0',
  `RecordDateTime` datetime DEFAULT NULL,
  PRIMARY KEY (`RecordID`,`TransactionID`,`ComputerID`),
  KEY `TransactionIndex` (`TransactionID`,`ComputerID`)
) ENGINE=InnoDB DEFAULT CHARSET=utf8;
/*!40101 SET character_set_client = @saved_cs_client */;

--
-- Dumping data for table `recordordertransaction`
--

LOCK TABLES `recordordertransaction` WRITE;
/*!40000 ALTER TABLE `recordordertransaction` DISABLE KEYS */;
/*!40000 ALTER TABLE `recordordertransaction` ENABLE KEYS */;
UNLOCK TABLES;

--
-- Table structure for table `recordpromotiondetail`
--

DROP TABLE IF EXISTS `recordpromotiondetail`;
/*!40101 SET @saved_cs_client     = @@character_set_client */;
/*!40101 SET character_set_client = utf8 */;
CREATE TABLE `recordpromotiondetail` (
  `RecordID` int(11) NOT NULL DEFAULT '0',
  `TransactionID` int(11) NOT NULL DEFAULT '0',
  `ComputerID` int(11) NOT NULL DEFAULT '0',
  `DiscountID` int(11) NOT NULL DEFAULT '0',
  `DiscountTypeID` int(11) NOT NULL DEFAULT '0',
  `LinkID` int(11) NOT NULL DEFAULT '0',
  `VoucherID` int(11) NOT NULL DEFAULT '0',
  `PriceGroupID` int(11) NOT NULL DEFAULT '0',
  `TotalDiscount` decimal(18,4) NOT NULL DEFAULT '0.0000',
  `OtherPercentDiscount` int(11) NOT NULL DEFAULT '0',
  `OtherAmountDiscount` int(11) NOT NULL DEFAULT '0',
  PRIMARY KEY (`RecordID`,`TransactionID`,`ComputerID`,`DiscountID`),
  KEY `TransactionIndex` (`TransactionID`,`ComputerID`)
) ENGINE=InnoDB DEFAULT CHARSET=utf8;
/*!40101 SET character_set_client = @saved_cs_client */;

--
-- Dumping data for table `recordpromotiondetail`
--

LOCK TABLES `recordpromotiondetail` WRITE;
/*!40000 ALTER TABLE `recordpromotiondetail` DISABLE KEYS */;
/*!40000 ALTER TABLE `recordpromotiondetail` ENABLE KEYS */;
UNLOCK TABLES;

--
-- Table structure for table `redeempointorderdetail`
--

DROP TABLE IF EXISTS `redeempointorderdetail`;
/*!40101 SET @saved_cs_client     = @@character_set_client */;
/*!40101 SET character_set_client = utf8 */;
CREATE TABLE `redeempointorderdetail` (
  `TransactionID` int(11) NOT NULL DEFAULT '0',
  `ComputerID` int(11) NOT NULL DEFAULT '0',
  `OrderDetailID` int(11) NOT NULL DEFAULT '0',
  `RedeemID` int(11) NOT NULL DEFAULT '0',
  `ProductID` int(11) NOT NULL DEFAULT '0',
  `Amount` decimal(18,4) NOT NULL DEFAULT '0.0000',
  `IsCreateVoucherCoupon` tinyint(4) NOT NULL DEFAULT '0',
  `VoucherTypeID` int(11) NOT NULL DEFAULT '0',
  `CreateVoucherNo` varchar(30) DEFAULT NULL,
  `TypeID` int(11) NOT NULL DEFAULT '0',
  `VoucherExpireDate` date DEFAULT NULL,
  `PointPerUnit` decimal(18,4) NOT NULL DEFAULT '0.0000',
  `PointPerPaymentAmount` decimal(18,4) NOT NULL DEFAULT '0.0000',
  `TotalPoint` decimal(18,4) NOT NULL DEFAULT '0.0000',
  `PaymentAmount` decimal(18,4) NOT NULL DEFAULT '0.0000',
  PRIMARY KEY (`TransactionID`,`ComputerID`,`OrderDetailID`)
) ENGINE=InnoDB DEFAULT CHARSET=utf8;
/*!40101 SET character_set_client = @saved_cs_client */;

--
-- Dumping data for table `redeempointorderdetail`
--

LOCK TABLES `redeempointorderdetail` WRITE;
/*!40000 ALTER TABLE `redeempointorderdetail` DISABLE KEYS */;
/*!40000 ALTER TABLE `redeempointorderdetail` ENABLE KEYS */;
UNLOCK TABLES;

--
-- Table structure for table `redeempointordertransaction`
--

DROP TABLE IF EXISTS `redeempointordertransaction`;
/*!40101 SET @saved_cs_client     = @@character_set_client */;
/*!40101 SET character_set_client = utf8 */;
CREATE TABLE `redeempointordertransaction` (
  `TransactionID` int(11) NOT NULL DEFAULT '0',
  `ComputerID` int(11) NOT NULL DEFAULT '0',
  `SessionID` int(11) NOT NULL DEFAULT '0',
  `TransactionStatusID` int(11) NOT NULL DEFAULT '0',
  `DocType` int(11) NOT NULL DEFAULT '0',
  `ReceiptYear` int(11) NOT NULL DEFAULT '0',
  `ReceiptMonth` int(11) NOT NULL DEFAULT '0',
  `ReceiptID` int(11) NOT NULL DEFAULT '0',
  `RedeemDate` date DEFAULT NULL,
  `ShopID` int(11) NOT NULL DEFAULT '0',
  `StockInvID` int(11) NOT NULL DEFAULT '0',
  `MemberID` int(11) NOT NULL DEFAULT '0',
  `TotalRedeemPoint` decimal(18,4) NOT NULL DEFAULT '0.0000',
  `AfterRedeemPoint` decimal(18,4) NOT NULL DEFAULT '0.0000',
  `PaymentAmount` decimal(18,4) NOT NULL DEFAULT '0.0000',
  `IsForPayment` tinyint(4) NOT NULL DEFAULT '0',
  `PayForTransactionID` int(11) NOT NULL DEFAULT '0',
  `PayForComputerID` int(11) NOT NULL DEFAULT '0',
  `RedeemStaffID` int(11) NOT NULL DEFAULT '0',
  `VoidStaffID` int(11) NOT NULL DEFAULT '0',
  `RedeemNote` varchar(100) DEFAULT NULL,
  `VoidReason` varchar(200) DEFAULT NULL,
  `UpdateDate` datetime DEFAULT NULL,
  `RedeemDateTime` datetime DEFAULT NULL,
  `VoidDateTime` datetime DEFAULT NULL,
  PRIMARY KEY (`TransactionID`,`ComputerID`),
  KEY `PayForTransactionIndex` (`PayForTransactionID`,`PayForComputerID`),
  KEY `SessionIndex` (`SessionID`,`ComputerID`)
) ENGINE=InnoDB DEFAULT CHARSET=utf8;
/*!40101 SET character_set_client = @saved_cs_client */;

--
-- Dumping data for table `redeempointordertransaction`
--

LOCK TABLES `redeempointordertransaction` WRITE;
/*!40000 ALTER TABLE `redeempointordertransaction` DISABLE KEYS */;
/*!40000 ALTER TABLE `redeempointordertransaction` ENABLE KEYS */;
UNLOCK TABLES;

--
-- Table structure for table `redeempointpaymentamountbutton`
--

DROP TABLE IF EXISTS `redeempointpaymentamountbutton`;
/*!40101 SET @saved_cs_client     = @@character_set_client */;
/*!40101 SET character_set_client = utf8 */;
CREATE TABLE `redeempointpaymentamountbutton` (
  `RedeemAmountID` int(11) NOT NULL DEFAULT '0',
  `RedeemAmount` decimal(18,4) NOT NULL DEFAULT '0.0000',
  `ButtonOrder` tinyint(4) NOT NULL DEFAULT '0',
  `RedeemID` int(11) NOT NULL DEFAULT '0',
  PRIMARY KEY (`RedeemAmountID`)
) ENGINE=InnoDB DEFAULT CHARSET=utf8;
/*!40101 SET character_set_client = @saved_cs_client */;

--
-- Dumping data for table `redeempointpaymentamountbutton`
--

LOCK TABLES `redeempointpaymentamountbutton` WRITE;
/*!40000 ALTER TABLE `redeempointpaymentamountbutton` DISABLE KEYS */;
/*!40000 ALTER TABLE `redeempointpaymentamountbutton` ENABLE KEYS */;
UNLOCK TABLES;

--
-- Table structure for table `redeempointproduct`
--

DROP TABLE IF EXISTS `redeempointproduct`;
/*!40101 SET @saved_cs_client     = @@character_set_client */;
/*!40101 SET character_set_client = utf8 */;
CREATE TABLE `redeempointproduct` (
  `RedeemID` int(11) NOT NULL DEFAULT '0',
  `ProductID` int(11) NOT NULL DEFAULT '0',
  PRIMARY KEY (`RedeemID`,`ProductID`)
) ENGINE=InnoDB DEFAULT CHARSET=utf8;
/*!40101 SET character_set_client = @saved_cs_client */;

--
-- Dumping data for table `redeempointproduct`
--

LOCK TABLES `redeempointproduct` WRITE;
/*!40000 ALTER TABLE `redeempointproduct` DISABLE KEYS */;
/*!40000 ALTER TABLE `redeempointproduct` ENABLE KEYS */;
UNLOCK TABLES;

--
-- Table structure for table `redeempointsetting`
--

DROP TABLE IF EXISTS `redeempointsetting`;
/*!40101 SET @saved_cs_client     = @@character_set_client */;
/*!40101 SET character_set_client = utf8 */;
CREATE TABLE `redeempointsetting` (
  `RedeemID` int(11) NOT NULL DEFAULT '0',
  `RedeemTypeID` int(11) NOT NULL DEFAULT '0',
  `RedeemName` varchar(100) DEFAULT NULL,
  `RedeemFromDate` date DEFAULT NULL,
  `RedeemToDate` date DEFAULT NULL,
  `RedeemPoint` decimal(18,4) NOT NULL DEFAULT '0.0000',
  `PerPaymentAmount` decimal(18,4) NOT NULL DEFAULT '0.0000',
  `CouponVoucherTypeID` int(11) NOT NULL DEFAULT '0',
  `Activated` tinyint(4) NOT NULL DEFAULT '0',
  `Description` text,
  `InputBy` int(11) NOT NULL DEFAULT '0',
  `UpdateBy` int(11) NOT NULL DEFAULT '0',
  `InsertDate` datetime DEFAULT NULL,
  `UpdateDate` datetime DEFAULT NULL,
  `Deleted` tinyint(4) NOT NULL DEFAULT '0',
  `SendToLIM` tinyint(2) NOT NULL DEFAULT '0',
  `MinimumPaymentPoint` decimal(18,4) NOT NULL DEFAULT '0.0000',
  `MaximumPaymentPoint` decimal(18,4) NOT NULL DEFAULT '0.0000',
  `AutoSetMemberToTransactionWhenAppliedPayment` tinyint(4) NOT NULL DEFAULT '0',
  `AllowRedeemAmountMorethanPaymentAmount` tinyint(4) NOT NULL DEFAULT '1',
  PRIMARY KEY (`RedeemID`)
) ENGINE=InnoDB DEFAULT CHARSET=utf8;
/*!40101 SET character_set_client = @saved_cs_client */;

--
-- Dumping data for table `redeempointsetting`
--

LOCK TABLES `redeempointsetting` WRITE;
/*!40000 ALTER TABLE `redeempointsetting` DISABLE KEYS */;
/*!40000 ALTER TABLE `redeempointsetting` ENABLE KEYS */;
UNLOCK TABLES;

--
-- Table structure for table `redeempointshoplink`
--

DROP TABLE IF EXISTS `redeempointshoplink`;
/*!40101 SET @saved_cs_client     = @@character_set_client */;
/*!40101 SET character_set_client = utf8 */;
CREATE TABLE `redeempointshoplink` (
  `RedeemID` int(11) NOT NULL DEFAULT '0',
  `ShopID` int(11) NOT NULL DEFAULT '0',
  PRIMARY KEY (`RedeemID`,`ShopID`)
) ENGINE=InnoDB DEFAULT CHARSET=utf8;
/*!40101 SET character_set_client = @saved_cs_client */;

--
-- Dumping data for table `redeempointshoplink`
--

LOCK TABLES `redeempointshoplink` WRITE;
/*!40000 ALTER TABLE `redeempointshoplink` DISABLE KEYS */;
/*!40000 ALTER TABLE `redeempointshoplink` ENABLE KEYS */;
UNLOCK TABLES;

--
-- Table structure for table `redeempointtype`
--

DROP TABLE IF EXISTS `redeempointtype`;
/*!40101 SET @saved_cs_client     = @@character_set_client */;
/*!40101 SET character_set_client = utf8 */;
CREATE TABLE `redeempointtype` (
  `RedeemTypeID` int(11) NOT NULL DEFAULT '0',
  `Description` varchar(50) DEFAULT NULL,
  PRIMARY KEY (`RedeemTypeID`)
) ENGINE=InnoDB DEFAULT CHARSET=utf8;
/*!40101 SET character_set_client = @saved_cs_client */;

--
-- Dumping data for table `redeempointtype`
--

LOCK TABLES `redeempointtype` WRITE;
/*!40000 ALTER TABLE `redeempointtype` DISABLE KEYS */;
INSERT INTO `redeempointtype` VALUES (1,'Redeem For Product'),(2,'Redeem For Coupon/ Voucher Discount'),(3,'Redeem For Payment');
/*!40000 ALTER TABLE `redeempointtype` ENABLE KEYS */;
UNLOCK TABLES;

--
-- Table structure for table `reportbatchlog`
--

DROP TABLE IF EXISTS `reportbatchlog`;
/*!40101 SET @saved_cs_client     = @@character_set_client */;
/*!40101 SET character_set_client = utf8 */;
CREATE TABLE `reportbatchlog` (
  `BatchID` int(11) NOT NULL AUTO_INCREMENT,
  `TypeID` int(11) DEFAULT NULL,
  `Status` tinyint(4) DEFAULT NULL,
  `Remark` text,
  `StartTime` datetime DEFAULT NULL,
  `EndTime` datetime DEFAULT NULL,
  PRIMARY KEY (`BatchID`)
) ENGINE=InnoDB DEFAULT CHARSET=utf8;
/*!40101 SET character_set_client = @saved_cs_client */;

--
-- Dumping data for table `reportbatchlog`
--

LOCK TABLES `reportbatchlog` WRITE;
/*!40000 ALTER TABLE `reportbatchlog` DISABLE KEYS */;
/*!40000 ALTER TABLE `reportbatchlog` ENABLE KEYS */;
UNLOCK TABLES;

--
-- Table structure for table `reportlog`
--

DROP TABLE IF EXISTS `reportlog`;
/*!40101 SET @saved_cs_client     = @@character_set_client */;
/*!40101 SET character_set_client = utf8 */;
CREATE TABLE `reportlog` (
  `BatchID` int(11) NOT NULL DEFAULT '0',
  `ID` int(11) NOT NULL AUTO_INCREMENT,
  `DataType` int(11) DEFAULT NULL,
  `Status` tinyint(4) DEFAULT NULL,
  `Remark` text,
  `ReportCalculateStartDate` date DEFAULT NULL,
  `ReportCalculateEndDate` date DEFAULT NULL,
  `StartTime` datetime DEFAULT NULL,
  `EndTime` datetime DEFAULT NULL,
  `LogDateTime` datetime DEFAULT NULL,
  PRIMARY KEY (`ID`)
) ENGINE=InnoDB DEFAULT CHARSET=utf8;
/*!40101 SET character_set_client = @saved_cs_client */;

--
-- Dumping data for table `reportlog`
--

LOCK TABLES `reportlog` WRITE;
/*!40000 ALTER TABLE `reportlog` DISABLE KEYS */;
/*!40000 ALTER TABLE `reportlog` ENABLE KEYS */;
UNLOCK TABLES;

--
-- Table structure for table `reportsummarysetting`
--

DROP TABLE IF EXISTS `reportsummarysetting`;
/*!40101 SET @saved_cs_client     = @@character_set_client */;
/*!40101 SET character_set_client = utf8 */;
CREATE TABLE `reportsummarysetting` (
  `NoDayForCreateReport` int(11) NOT NULL,
  `CreateReportStartDate` date DEFAULT NULL,
  `CreateReportEndDate` date DEFAULT NULL
) ENGINE=InnoDB DEFAULT CHARSET=utf8;
/*!40101 SET character_set_client = @saved_cs_client */;

--
-- Dumping data for table `reportsummarysetting`
--

LOCK TABLES `reportsummarysetting` WRITE;
/*!40000 ALTER TABLE `reportsummarysetting` DISABLE KEYS */;
INSERT INTO `reportsummarysetting` VALUES (5,NULL,NULL);
/*!40000 ALTER TABLE `reportsummarysetting` ENABLE KEYS */;
UNLOCK TABLES;

--
-- Table structure for table `reportsummarysettingreporttype`
--

DROP TABLE IF EXISTS `reportsummarysettingreporttype`;
/*!40101 SET @saved_cs_client     = @@character_set_client */;
/*!40101 SET character_set_client = utf8 */;
CREATE TABLE `reportsummarysettingreporttype` (
  `ReportTypeID` tinyint(4) NOT NULL DEFAULT '0',
  `SummaryName` varchar(50) DEFAULT NULL,
  `IsGenerate` tinyint(4) NOT NULL DEFAULT '0',
  `Description` varchar(200) DEFAULT NULL,
  PRIMARY KEY (`ReportTypeID`)
) ENGINE=InnoDB DEFAULT CHARSET=utf8;
/*!40101 SET character_set_client = @saved_cs_client */;

--
-- Dumping data for table `reportsummarysettingreporttype`
--

LOCK TABLES `reportsummarysettingreporttype` WRITE;
/*!40000 ALTER TABLE `reportsummarysettingreporttype` DISABLE KEYS */;
INSERT INTO `reportsummarysettingreporttype` VALUES (1,'SummaryData',0,''),(2,'SummaryTran',0,''),(3,'PaymentData',0,''),(4,'PromotionData',0,''),(5,'HourlyData',0,''),(6,'SummaryPromotion',0,''),(7,'PaymentSolaria',0,''),(8,'SessionSummary',0,''),(9,'SushiSaleFinal',0,''),(10,'SaleHourlyData',0,''),(11,'SaleModeData',0,''),(12,'StockOnly',0,''),(13,'SaleMix',0,''),(14,'KDSProcessData',0,''),(15,'DummTranAndPaymentData',0,''),(16,'ProductReport_SaleNonSale',0,''),(17,'SaleSummaryFromOrderDetail',0,'');
/*!40000 ALTER TABLE `reportsummarysettingreporttype` ENABLE KEYS */;
UNLOCK TABLES;

--
-- Table structure for table `reprintorderheadertext`
--

DROP TABLE IF EXISTS `reprintorderheadertext`;
/*!40101 SET @saved_cs_client     = @@character_set_client */;
/*!40101 SET character_set_client = utf8 */;
CREATE TABLE `reprintorderheadertext` (
  `FrontFunctionID` int(11) NOT NULL DEFAULT '0',
  `ProductLevelID` int(11) NOT NULL DEFAULT '0',
  `ReprintHeader` varchar(30) DEFAULT NULL,
  PRIMARY KEY (`FrontFunctionID`,`ProductLevelID`)
) ENGINE=InnoDB DEFAULT CHARSET=utf8;
/*!40101 SET character_set_client = @saved_cs_client */;

--
-- Dumping data for table `reprintorderheadertext`
--

LOCK TABLES `reprintorderheadertext` WRITE;
/*!40000 ALTER TABLE `reprintorderheadertext` DISABLE KEYS */;
INSERT INTO `reprintorderheadertext` VALUES (14,2,'** REPRINT **'),(15,2,'** REPRINT **'),(16,2,'** RETURN **'),(17,2,'** CANCEL **'),(18,2,'* EDIT ITEM **');
/*!40000 ALTER TABLE `reprintorderheadertext` ENABLE KEYS */;
UNLOCK TABLES;

--
-- Table structure for table `reservedetail`
--

DROP TABLE IF EXISTS `reservedetail`;
/*!40101 SET @saved_cs_client     = @@character_set_client */;
/*!40101 SET character_set_client = utf8 */;
CREATE TABLE `reservedetail` (
  `ReserveID` int(11) NOT NULL DEFAULT '0',
  `ProductLevelID` int(11) NOT NULL DEFAULT '0',
  `ReserveDate` datetime DEFAULT NULL,
  `TimeTableID` int(11) NOT NULL DEFAULT '0',
  `ReserveTime` datetime DEFAULT NULL,
  `ReserveFirstName` varchar(50) DEFAULT NULL,
  `ReserveLastName` varchar(100) DEFAULT NULL,
  `ReserveMemberID` int(11) NOT NULL DEFAULT '0',
  `ReserveStatusID` tinyint(4) NOT NULL DEFAULT '0',
  `ReserveType` tinyint(4) NOT NULL DEFAULT '3',
  `ReserveNote` varchar(200) DEFAULT NULL,
  `NoOfCustomer` int(11) NOT NULL DEFAULT '0',
  `ReferenceYear` int(11) NOT NULL DEFAULT '0',
  `ReferenceMonth` int(11) NOT NULL DEFAULT '0',
  `ReferenceID` int(11) NOT NULL DEFAULT '0',
  `TableID` int(11) NOT NULL DEFAULT '0',
  `ReserveTelephone` varchar(50) DEFAULT NULL,
  `PreOrderDeposit` decimal(18,4) NOT NULL DEFAULT '0.0000',
  `PreOrderTotalPrice` decimal(18,4) NOT NULL DEFAULT '0.0000',
  `InsertDate` datetime DEFAULT NULL,
  `InsertStaffID` int(11) NOT NULL DEFAULT '0',
  `UpdateDate` datetime DEFAULT NULL,
  `UpdateStaffID` int(11) NOT NULL DEFAULT '0',
  `CancelDate` datetime DEFAULT NULL,
  `CancelStaffID` int(11) NOT NULL DEFAULT '0',
  `CancelNote` varchar(200) DEFAULT NULL,
  PRIMARY KEY (`ReserveID`,`ProductLevelID`)
) ENGINE=InnoDB DEFAULT CHARSET=utf8;
/*!40101 SET character_set_client = @saved_cs_client */;

--
-- Dumping data for table `reservedetail`
--

LOCK TABLES `reservedetail` WRITE;
/*!40000 ALTER TABLE `reservedetail` DISABLE KEYS */;
/*!40000 ALTER TABLE `reservedetail` ENABLE KEYS */;
UNLOCK TABLES;

--
-- Table structure for table `reservedetailhistory`
--

DROP TABLE IF EXISTS `reservedetailhistory`;
/*!40101 SET @saved_cs_client     = @@character_set_client */;
/*!40101 SET character_set_client = utf8 */;
CREATE TABLE `reservedetailhistory` (
  `ReserveID` int(11) NOT NULL DEFAULT '0',
  `ProductLevelID` int(11) NOT NULL DEFAULT '0',
  `ReserveDate` datetime DEFAULT NULL,
  `TimeTableID` int(11) NOT NULL DEFAULT '0',
  `ReserveTime` datetime DEFAULT NULL,
  `ReserveFirstName` varchar(50) DEFAULT NULL,
  `ReserveLastName` varchar(100) DEFAULT NULL,
  `ReserveMemberID` int(11) NOT NULL DEFAULT '0',
  `ReserveStatusID` tinyint(4) NOT NULL DEFAULT '0',
  `ReserveType` tinyint(4) NOT NULL DEFAULT '0',
  `ReserveNote` varchar(200) DEFAULT NULL,
  `NoOfCustomer` int(11) NOT NULL DEFAULT '0',
  `ReferenceYear` int(11) NOT NULL DEFAULT '0',
  `ReferenceMonth` int(11) NOT NULL DEFAULT '0',
  `ReferenceID` int(11) NOT NULL DEFAULT '0',
  `TableID` int(11) NOT NULL DEFAULT '0',
  `ReserveTelephone` varchar(50) DEFAULT NULL,
  `PreOrderDeposit` decimal(18,4) NOT NULL DEFAULT '0.0000',
  `PreOrderTotalPrice` decimal(18,4) NOT NULL DEFAULT '0.0000',
  `InsertDate` datetime DEFAULT NULL,
  `InsertStaffID` int(11) NOT NULL DEFAULT '0',
  `UpdateDate` datetime DEFAULT NULL,
  `UpdateStaffID` int(11) NOT NULL DEFAULT '0',
  `CancelDate` datetime DEFAULT NULL,
  `CancelStaffID` int(11) NOT NULL DEFAULT '0',
  `CancelNote` varchar(200) DEFAULT NULL,
  PRIMARY KEY (`ReserveID`,`ProductLevelID`)
) ENGINE=InnoDB DEFAULT CHARSET=utf8;
/*!40101 SET character_set_client = @saved_cs_client */;

--
-- Dumping data for table `reservedetailhistory`
--

LOCK TABLES `reservedetailhistory` WRITE;
/*!40000 ALTER TABLE `reservedetailhistory` DISABLE KEYS */;
/*!40000 ALTER TABLE `reservedetailhistory` ENABLE KEYS */;
UNLOCK TABLES;

--
-- Table structure for table `reservelink`
--

DROP TABLE IF EXISTS `reservelink`;
/*!40101 SET @saved_cs_client     = @@character_set_client */;
/*!40101 SET character_set_client = utf8 */;
CREATE TABLE `reservelink` (
  `ReserveID` int(11) NOT NULL DEFAULT '0',
  `ProductLevelID` int(11) NOT NULL DEFAULT '0',
  `TransactionID` int(11) NOT NULL DEFAULT '0',
  `ComputerID` int(11) NOT NULL DEFAULT '0',
  PRIMARY KEY (`ReserveID`,`ProductLevelID`,`TransactionID`,`ComputerID`)
) ENGINE=InnoDB DEFAULT CHARSET=utf8;
/*!40101 SET character_set_client = @saved_cs_client */;

--
-- Dumping data for table `reservelink`
--

LOCK TABLES `reservelink` WRITE;
/*!40000 ALTER TABLE `reservelink` DISABLE KEYS */;
/*!40000 ALTER TABLE `reservelink` ENABLE KEYS */;
UNLOCK TABLES;

--
-- Table structure for table `reservelinkhistory`
--

DROP TABLE IF EXISTS `reservelinkhistory`;
/*!40101 SET @saved_cs_client     = @@character_set_client */;
/*!40101 SET character_set_client = utf8 */;
CREATE TABLE `reservelinkhistory` (
  `ReserveID` int(11) NOT NULL DEFAULT '0',
  `ProductLevelID` int(11) NOT NULL DEFAULT '0',
  `TransactionID` int(11) NOT NULL DEFAULT '0',
  `ComputerID` int(11) NOT NULL DEFAULT '0',
  PRIMARY KEY (`ReserveID`,`ProductLevelID`,`TransactionID`,`ComputerID`)
) ENGINE=InnoDB DEFAULT CHARSET=utf8;
/*!40101 SET character_set_client = @saved_cs_client */;

--
-- Dumping data for table `reservelinkhistory`
--

LOCK TABLES `reservelinkhistory` WRITE;
/*!40000 ALTER TABLE `reservelinkhistory` DISABLE KEYS */;
/*!40000 ALTER TABLE `reservelinkhistory` ENABLE KEYS */;
UNLOCK TABLES;

--
-- Table structure for table `reserveroundtimetable`
--

DROP TABLE IF EXISTS `reserveroundtimetable`;
/*!40101 SET @saved_cs_client     = @@character_set_client */;
/*!40101 SET character_set_client = utf8 */;
CREATE TABLE `reserveroundtimetable` (
  `TimeTableID` int(11) NOT NULL DEFAULT '0',
  `ProductLevelID` int(11) NOT NULL DEFAULT '0',
  `TimeTableName` varchar(50) DEFAULT NULL,
  `StartTime` datetime DEFAULT NULL,
  `EndTime` datetime DEFAULT NULL,
  `Deleted` tinyint(2) NOT NULL DEFAULT '0',
  PRIMARY KEY (`TimeTableID`,`ProductLevelID`)
) ENGINE=InnoDB DEFAULT CHARSET=utf8;
/*!40101 SET character_set_client = @saved_cs_client */;

--
-- Dumping data for table `reserveroundtimetable`
--

LOCK TABLES `reserveroundtimetable` WRITE;
/*!40000 ALTER TABLE `reserveroundtimetable` DISABLE KEYS */;
/*!40000 ALTER TABLE `reserveroundtimetable` ENABLE KEYS */;
UNLOCK TABLES;

--
-- Temporary table structure for view `revenueactualuse`
--

DROP TABLE IF EXISTS `revenueactualuse`;
/*!50001 DROP VIEW IF EXISTS `revenueactualuse`*/;
SET @saved_cs_client     = @@character_set_client;
SET character_set_client = utf8;
/*!50001 CREATE TABLE `revenueactualuse` (
  `ShopID` int(11),
  `DocumentMonth` int(2),
  `DocumentYear` int(4),
  `MaterialID` int(11),
  `MaterialCode` varchar(50),
  `MaterialName` varchar(100),
  `TotalQty` decimal(43,4)
) ENGINE=MyISAM */;
SET character_set_client = @saved_cs_client;

--
-- Temporary table structure for view `revenuedata_aa`
--

DROP TABLE IF EXISTS `revenuedata_aa`;
/*!50001 DROP VIEW IF EXISTS `revenuedata_aa`*/;
SET @saved_cs_client     = @@character_set_client;
SET character_set_client = utf8;
/*!50001 CREATE TABLE `revenuedata_aa` (
  `count(*)` bigint(21),
  `ShopID` int(11),
  `SaleDate` date,
  `TransactionID` int(11),
  `ComputerID` int(11),
  `TransactionVatable` decimal(18,4),
  `TransactionVAT` decimal(18,6),
  `TransactionExcludeVAT` decimal(18,4),
  `ServiceCharge` decimal(18,4),
  `ServiceChargeVAT` decimal(18,4),
  `NoCustomer` smallint(6)
) ENGINE=MyISAM */;
SET character_set_client = @saved_cs_client;

--
-- Temporary table structure for view `revenuedata_bb`
--

DROP TABLE IF EXISTS `revenuedata_bb`;
/*!50001 DROP VIEW IF EXISTS `revenuedata_bb`*/;
SET @saved_cs_client     = @@character_set_client;
SET character_set_client = utf8;
/*!50001 CREATE TABLE `revenuedata_bb` (
  `ShopID` int(11),
  `RevenueMonth` int(2),
  `RevenueYear` int(4),
  `TotalQty` decimal(40,4),
  `TotalRetailPrice` decimal(40,4),
  `SalePrice` decimal(40,4)
) ENGINE=MyISAM */;
SET character_set_client = @saved_cs_client;

--
-- Temporary table structure for view `revenuedata_main`
--

DROP TABLE IF EXISTS `revenuedata_main`;
/*!50001 DROP VIEW IF EXISTS `revenuedata_main`*/;
SET @saved_cs_client     = @@character_set_client;
SET character_set_client = utf8;
/*!50001 CREATE TABLE `revenuedata_main` (
  `ShopID` int(11),
  `RevenueMonth` int(2),
  `RevenueYear` int(4),
  `TransactionVATable` decimal(40,4),
  `TotalBill` bigint(21),
  `TotalCustomer` decimal(27,0),
  `TransactionVAT` decimal(40,6),
  `TransactionExcludeVAT` decimal(40,4),
  `ServiceCharge` decimal(40,4),
  `ServiceChargeVAT` decimal(40,4)
) ENGINE=MyISAM */;
SET character_set_client = @saved_cs_client;

--
-- Temporary table structure for view `revenuedata_payment`
--

DROP TABLE IF EXISTS `revenuedata_payment`;
/*!50001 DROP VIEW IF EXISTS `revenuedata_payment`*/;
SET @saved_cs_client     = @@character_set_client;
SET character_set_client = utf8;
/*!50001 CREATE TABLE `revenuedata_payment` (
  `ShopID` int(11),
  `RevenueMonth` int(2),
  `RevenueYear` int(4),
  `PayAmount` decimal(40,4)
) ENGINE=MyISAM */;
SET character_set_client = @saved_cs_client;

--
-- Table structure for table `revenueexpensesummary`
--

DROP TABLE IF EXISTS `revenueexpensesummary`;
/*!40101 SET @saved_cs_client     = @@character_set_client */;
/*!40101 SET character_set_client = utf8 */;
CREATE TABLE `revenueexpensesummary` (
  `ShopID` int(11) NOT NULL DEFAULT '0',
  `RevenueMonth` tinyint(4) NOT NULL DEFAULT '0',
  `RevenueYear` smallint(6) NOT NULL DEFAULT '0',
  `ExpenseDataID` smallint(6) NOT NULL DEFAULT '0',
  `ExpenseAmount` decimal(18,4) NOT NULL DEFAULT '0.0000',
  PRIMARY KEY (`ShopID`,`RevenueMonth`,`RevenueYear`,`ExpenseDataID`)
) ENGINE=InnoDB DEFAULT CHARSET=tis620;
/*!40101 SET character_set_client = @saved_cs_client */;

--
-- Dumping data for table `revenueexpensesummary`
--

LOCK TABLES `revenueexpensesummary` WRITE;
/*!40000 ALTER TABLE `revenueexpensesummary` DISABLE KEYS */;
/*!40000 ALTER TABLE `revenueexpensesummary` ENABLE KEYS */;
UNLOCK TABLES;

--
-- Table structure for table `revenuepaymentsummary`
--

DROP TABLE IF EXISTS `revenuepaymentsummary`;
/*!40101 SET @saved_cs_client     = @@character_set_client */;
/*!40101 SET character_set_client = utf8 */;
CREATE TABLE `revenuepaymentsummary` (
  `ShopID` int(11) NOT NULL DEFAULT '0',
  `RevenueMonth` tinyint(4) NOT NULL DEFAULT '0',
  `RevenueYear` smallint(6) NOT NULL DEFAULT '0',
  `PayTypeID` int(11) NOT NULL DEFAULT '0',
  `PayAmount` decimal(18,4) NOT NULL DEFAULT '0.0000',
  PRIMARY KEY (`ShopID`,`RevenueMonth`,`RevenueYear`,`PayTypeID`)
) ENGINE=InnoDB DEFAULT CHARSET=tis620;
/*!40101 SET character_set_client = @saved_cs_client */;

--
-- Dumping data for table `revenuepaymentsummary`
--

LOCK TABLES `revenuepaymentsummary` WRITE;
/*!40000 ALTER TABLE `revenuepaymentsummary` DISABLE KEYS */;
/*!40000 ALTER TABLE `revenuepaymentsummary` ENABLE KEYS */;
UNLOCK TABLES;

--
-- Table structure for table `revenuesummary`
--

DROP TABLE IF EXISTS `revenuesummary`;
/*!40101 SET @saved_cs_client     = @@character_set_client */;
/*!40101 SET character_set_client = utf8 */;
CREATE TABLE `revenuesummary` (
  `ShopID` int(11) NOT NULL DEFAULT '0',
  `RevenueMonth` tinyint(4) NOT NULL DEFAULT '0',
  `RevenueYear` smallint(6) NOT NULL DEFAULT '0',
  `SaleAmount` decimal(18,4) NOT NULL DEFAULT '0.0000',
  `TotalQty` decimal(10,2) NOT NULL DEFAULT '0.00',
  `TotalRetailPrice` decimal(18,4) NOT NULL DEFAULT '0.0000',
  `SaleVATAmount` decimal(18,4) NOT NULL DEFAULT '0.0000',
  `TransactionVATable` decimal(18,4) NOT NULL DEFAULT '0.0000',
  `TransactionExcludeVAT` decimal(18,4) NOT NULL DEFAULT '0.0000',
  `ServiceCharge` decimal(18,4) NOT NULL DEFAULT '0.0000',
  `ServiceChargeVAT` decimal(18,4) NOT NULL DEFAULT '0.0000',
  `PayAmount` decimal(18,4) NOT NULL DEFAULT '0.0000',
  `MaterialCost` decimal(18,4) NOT NULL DEFAULT '0.0000',
  `TotalExpense` decimal(18,4) NOT NULL DEFAULT '0.0000',
  `TotalCustomer` smallint(6) NOT NULL DEFAULT '0',
  `TotalBill` smallint(6) NOT NULL DEFAULT '0',
  `StoreSizeData` decimal(10,2) NOT NULL DEFAULT '0.00',
  `TotalTableData` smallint(6) NOT NULL DEFAULT '0',
  `TotalChairData` smallint(6) NOT NULL DEFAULT '0',
  `TotalWorkerData` smallint(6) NOT NULL DEFAULT '0',
  `TotalInvestmentData` decimal(18,4) NOT NULL DEFAULT '0.0000',
  `InsertDate` datetime DEFAULT NULL,
  `DataStatus` tinyint(4) NOT NULL DEFAULT '0',
  PRIMARY KEY (`ShopID`,`RevenueMonth`,`RevenueYear`)
) ENGINE=InnoDB DEFAULT CHARSET=tis620;
/*!40101 SET character_set_client = @saved_cs_client */;

--
-- Dumping data for table `revenuesummary`
--

LOCK TABLES `revenuesummary` WRITE;
/*!40000 ALTER TABLE `revenuesummary` DISABLE KEYS */;
/*!40000 ALTER TABLE `revenuesummary` ENABLE KEYS */;
UNLOCK TABLES;

--
-- Table structure for table `rewardpointbaseon`
--

DROP TABLE IF EXISTS `rewardpointbaseon`;
/*!40101 SET @saved_cs_client     = @@character_set_client */;
/*!40101 SET character_set_client = utf8 */;
CREATE TABLE `rewardpointbaseon` (
  `BaseOnID` tinyint(4) NOT NULL DEFAULT '0',
  `Description` varchar(50) DEFAULT NULL,
  PRIMARY KEY (`BaseOnID`)
) ENGINE=InnoDB DEFAULT CHARSET=utf8;
/*!40101 SET character_set_client = @saved_cs_client */;

--
-- Dumping data for table `rewardpointbaseon`
--

LOCK TABLES `rewardpointbaseon` WRITE;
/*!40000 ALTER TABLE `rewardpointbaseon` DISABLE KEYS */;
INSERT INTO `rewardpointbaseon` VALUES (1,'Base On Amount'),(2,'Base On Price'),(3,'Base On Receipt Pay Price'),(4,'Base On Activate Member');
/*!40000 ALTER TABLE `rewardpointbaseon` ENABLE KEYS */;
UNLOCK TABLES;

--
-- Table structure for table `rewardpointcalculatemember`
--

DROP TABLE IF EXISTS `rewardpointcalculatemember`;
/*!40101 SET @saved_cs_client     = @@character_set_client */;
/*!40101 SET character_set_client = utf8 */;
CREATE TABLE `rewardpointcalculatemember` (
  `ID` int(11) NOT NULL AUTO_INCREMENT,
  `MemberID` int(11) NOT NULL DEFAULT '0',
  `AlreadyCalculate` tinyint(4) NOT NULL DEFAULT '0',
  PRIMARY KEY (`ID`)
) ENGINE=InnoDB DEFAULT CHARSET=tis620;
/*!40101 SET character_set_client = @saved_cs_client */;

--
-- Dumping data for table `rewardpointcalculatemember`
--

LOCK TABLES `rewardpointcalculatemember` WRITE;
/*!40000 ALTER TABLE `rewardpointcalculatemember` DISABLE KEYS */;
/*!40000 ALTER TABLE `rewardpointcalculatemember` ENABLE KEYS */;
UNLOCK TABLES;

--
-- Table structure for table `rewardpointcalculatemembercurrentaccess`
--

DROP TABLE IF EXISTS `rewardpointcalculatemembercurrentaccess`;
/*!40101 SET @saved_cs_client     = @@character_set_client */;
/*!40101 SET character_set_client = utf8 */;
CREATE TABLE `rewardpointcalculatemembercurrentaccess` (
  `IsCalculate` tinyint(4) NOT NULL DEFAULT '0',
  `CalculateTime` datetime DEFAULT NULL
) ENGINE=InnoDB DEFAULT CHARSET=tis620;
/*!40101 SET character_set_client = @saved_cs_client */;

--
-- Dumping data for table `rewardpointcalculatemembercurrentaccess`
--

LOCK TABLES `rewardpointcalculatemembercurrentaccess` WRITE;
/*!40000 ALTER TABLE `rewardpointcalculatemembercurrentaccess` DISABLE KEYS */;
/*!40000 ALTER TABLE `rewardpointcalculatemembercurrentaccess` ENABLE KEYS */;
UNLOCK TABLES;

--
-- Table structure for table `rewardpointcalculatepointdetail`
--

DROP TABLE IF EXISTS `rewardpointcalculatepointdetail`;
/*!40101 SET @saved_cs_client     = @@character_set_client */;
/*!40101 SET character_set_client = utf8 */;
CREATE TABLE `rewardpointcalculatepointdetail` (
  `TransactionID` int(11) NOT NULL DEFAULT '0',
  `ComputerID` int(11) NOT NULL DEFAULT '0',
  `RewardSettingID` int(11) NOT NULL DEFAULT '0',
  `SpecialSettingID` int(11) NOT NULL DEFAULT '0',
  `LevelID` tinyint(4) NOT NULL DEFAULT '0',
  `ForMemberBirthDay` date DEFAULT NULL,
  `CalculatePrice` decimal(18,4) NOT NULL DEFAULT '0.0000',
  `PerPoint` decimal(18,4) NOT NULL DEFAULT '1.0000',
  `PointBaseOn` tinyint(4) NOT NULL DEFAULT '0',
  `PriceForCalculatePoint` decimal(18,4) NOT NULL DEFAULT '0.0000',
  `IsPointRoundingUp` tinyint(4) NOT NULL DEFAULT '0',
  `CalculatePoint` decimal(18,4) NOT NULL DEFAULT '0.0000',
  PRIMARY KEY (`TransactionID`,`ComputerID`,`RewardSettingID`,`LevelID`)
) ENGINE=InnoDB DEFAULT CHARSET=utf8;
/*!40101 SET character_set_client = @saved_cs_client */;

--
-- Dumping data for table `rewardpointcalculatepointdetail`
--

LOCK TABLES `rewardpointcalculatepointdetail` WRITE;
/*!40000 ALTER TABLE `rewardpointcalculatepointdetail` DISABLE KEYS */;
/*!40000 ALTER TABLE `rewardpointcalculatepointdetail` ENABLE KEYS */;
UNLOCK TABLES;

--
-- Table structure for table `rewardpointgroup`
--

DROP TABLE IF EXISTS `rewardpointgroup`;
/*!40101 SET @saved_cs_client     = @@character_set_client */;
/*!40101 SET character_set_client = utf8 */;
CREATE TABLE `rewardpointgroup` (
  `PointTypeGroupID` int(11) NOT NULL DEFAULT '0',
  `PointTypeGroupName` varchar(100) NOT NULL DEFAULT '',
  `Ordering` smallint(6) NOT NULL DEFAULT '0',
  PRIMARY KEY (`PointTypeGroupID`)
) ENGINE=InnoDB DEFAULT CHARSET=tis620;
/*!40101 SET character_set_client = @saved_cs_client */;

--
-- Dumping data for table `rewardpointgroup`
--

LOCK TABLES `rewardpointgroup` WRITE;
/*!40000 ALTER TABLE `rewardpointgroup` DISABLE KEYS */;
INSERT INTO `rewardpointgroup` VALUES (1,'Reward Point',2),(2,'Redeem Point',4);
/*!40000 ALTER TABLE `rewardpointgroup` ENABLE KEYS */;
UNLOCK TABLES;

--
-- Table structure for table `rewardpointhistory`
--

DROP TABLE IF EXISTS `rewardpointhistory`;
/*!40101 SET @saved_cs_client     = @@character_set_client */;
/*!40101 SET character_set_client = utf8 */;
CREATE TABLE `rewardpointhistory` (
  `HistoryID` varchar(50) NOT NULL DEFAULT '',
  `HistoryComputerID` int(11) NOT NULL DEFAULT '0',
  `TransactionID` int(11) NOT NULL DEFAULT '0',
  `ComputerID` int(11) NOT NULL DEFAULT '0',
  `PointType` tinyint(4) NOT NULL DEFAULT '0',
  `ShopID` int(11) NOT NULL DEFAULT '0',
  `ShopCode` varchar(20) DEFAULT NULL,
  `ShopName` varchar(100) DEFAULT NULL,
  `BrandID` int(11) NOT NULL DEFAULT '0',
  `PointDate` date DEFAULT NULL,
  `ReceiptNumber` varchar(30) DEFAULT NULL,
  `ReceiptPrice` decimal(18,4) NOT NULL DEFAULT '0.0000',
  `TotalPointPrice` decimal(18,4) NOT NULL DEFAULT '0.0000',
  `PreviousPoint` decimal(18,4) NOT NULL DEFAULT '0.0000',
  `TotalPoint` decimal(18,4) NOT NULL DEFAULT '0.0000',
  `MemberID` int(11) NOT NULL DEFAULT '0',
  `StaffID` int(11) NOT NULL DEFAULT '0',
  `HistoryDateTime` datetime DEFAULT NULL,
  `InsertAtHQDateTime` datetime DEFAULT NULL,
  `Reason` text,
  `AlreadyExportToHQ` tinyint(4) NOT NULL DEFAULT '0',
  PRIMARY KEY (`HistoryID`,`HistoryComputerID`),
  KEY `TransactionIndex` (`TransactionID`,`ComputerID`,`PointType`)
) ENGINE=InnoDB DEFAULT CHARSET=utf8;
/*!40101 SET character_set_client = @saved_cs_client */;

--
-- Dumping data for table `rewardpointhistory`
--

LOCK TABLES `rewardpointhistory` WRITE;
/*!40000 ALTER TABLE `rewardpointhistory` DISABLE KEYS */;
/*!40000 ALTER TABLE `rewardpointhistory` ENABLE KEYS */;
UNLOCK TABLES;

--
-- Table structure for table `rewardpointhistorybackup`
--

DROP TABLE IF EXISTS `rewardpointhistorybackup`;
/*!40101 SET @saved_cs_client     = @@character_set_client */;
/*!40101 SET character_set_client = utf8 */;
CREATE TABLE `rewardpointhistorybackup` (
  `HistoryID` varchar(50) NOT NULL DEFAULT '',
  `HistoryComputerID` int(11) NOT NULL DEFAULT '0',
  `TransactionID` int(11) NOT NULL DEFAULT '0',
  `ComputerID` int(11) NOT NULL DEFAULT '0',
  `PointType` tinyint(4) NOT NULL DEFAULT '0',
  `ShopID` int(11) NOT NULL DEFAULT '0',
  `PointDate` date DEFAULT NULL,
  `ReceiptNumber` varchar(30) DEFAULT NULL,
  `ReceiptPrice` decimal(18,4) NOT NULL DEFAULT '0.0000',
  `TotalPointPrice` decimal(18,4) NOT NULL DEFAULT '0.0000',
  `PreviousPoint` decimal(18,4) NOT NULL DEFAULT '0.0000',
  `TotalPoint` decimal(18,4) NOT NULL DEFAULT '0.0000',
  `MemberID` int(11) NOT NULL DEFAULT '0',
  `StaffID` int(11) NOT NULL DEFAULT '0',
  `HistoryDateTime` datetime DEFAULT NULL,
  `InsertAtHQDateTime` datetime DEFAULT NULL,
  `Reason` text,
  `BackupDateTime` datetime DEFAULT NULL,
  PRIMARY KEY (`HistoryID`,`HistoryComputerID`)
) ENGINE=InnoDB DEFAULT CHARSET=tis620;
/*!40101 SET character_set_client = @saved_cs_client */;

--
-- Dumping data for table `rewardpointhistorybackup`
--

LOCK TABLES `rewardpointhistorybackup` WRITE;
/*!40000 ALTER TABLE `rewardpointhistorybackup` DISABLE KEYS */;
/*!40000 ALTER TABLE `rewardpointhistorybackup` ENABLE KEYS */;
UNLOCK TABLES;

--
-- Table structure for table `rewardpointhistorybackuplog`
--

DROP TABLE IF EXISTS `rewardpointhistorybackuplog`;
/*!40101 SET @saved_cs_client     = @@character_set_client */;
/*!40101 SET character_set_client = utf8 */;
CREATE TABLE `rewardpointhistorybackuplog` (
  `LogID` int(11) NOT NULL AUTO_INCREMENT,
  `TransferPointDate` date DEFAULT NULL,
  `TransferUpToMonth` tinyint(4) NOT NULL DEFAULT '0',
  `BackupDateTime` datetime DEFAULT NULL,
  `FinishBackupDateTime` datetime DEFAULT NULL,
  PRIMARY KEY (`LogID`)
) ENGINE=InnoDB DEFAULT CHARSET=tis620;
/*!40101 SET character_set_client = @saved_cs_client */;

--
-- Dumping data for table `rewardpointhistorybackuplog`
--

LOCK TABLES `rewardpointhistorybackuplog` WRITE;
/*!40000 ALTER TABLE `rewardpointhistorybackuplog` DISABLE KEYS */;
/*!40000 ALTER TABLE `rewardpointhistorybackuplog` ENABLE KEYS */;
UNLOCK TABLES;

--
-- Table structure for table `rewardpointmembergroupsetting`
--

DROP TABLE IF EXISTS `rewardpointmembergroupsetting`;
/*!40101 SET @saved_cs_client     = @@character_set_client */;
/*!40101 SET character_set_client = utf8 */;
CREATE TABLE `rewardpointmembergroupsetting` (
  `RewardSettingID` int(11) NOT NULL DEFAULT '0',
  `MemberGroupID` int(11) NOT NULL DEFAULT '0',
  PRIMARY KEY (`RewardSettingID`,`MemberGroupID`)
) ENGINE=InnoDB DEFAULT CHARSET=utf8;
/*!40101 SET character_set_client = @saved_cs_client */;

--
-- Dumping data for table `rewardpointmembergroupsetting`
--

LOCK TABLES `rewardpointmembergroupsetting` WRITE;
/*!40000 ALTER TABLE `rewardpointmembergroupsetting` DISABLE KEYS */;
/*!40000 ALTER TABLE `rewardpointmembergroupsetting` ENABLE KEYS */;
UNLOCK TABLES;

--
-- Table structure for table `rewardpointpaymentsetting`
--

DROP TABLE IF EXISTS `rewardpointpaymentsetting`;
/*!40101 SET @saved_cs_client     = @@character_set_client */;
/*!40101 SET character_set_client = utf8 */;
CREATE TABLE `rewardpointpaymentsetting` (
  `RewardSettingID` int(11) NOT NULL DEFAULT '0',
  `PayTypeID` int(11) NOT NULL DEFAULT '0',
  PRIMARY KEY (`RewardSettingID`,`PayTypeID`)
) ENGINE=InnoDB DEFAULT CHARSET=utf8;
/*!40101 SET character_set_client = @saved_cs_client */;

--
-- Dumping data for table `rewardpointpaymentsetting`
--

LOCK TABLES `rewardpointpaymentsetting` WRITE;
/*!40000 ALTER TABLE `rewardpointpaymentsetting` DISABLE KEYS */;
/*!40000 ALTER TABLE `rewardpointpaymentsetting` ENABLE KEYS */;
UNLOCK TABLES;

--
-- Table structure for table `rewardpointproductsetting`
--

DROP TABLE IF EXISTS `rewardpointproductsetting`;
/*!40101 SET @saved_cs_client     = @@character_set_client */;
/*!40101 SET character_set_client = utf8 */;
CREATE TABLE `rewardpointproductsetting` (
  `RewardSettingID` int(11) NOT NULL DEFAULT '0',
  `ProductID` int(11) NOT NULL DEFAULT '0',
  PRIMARY KEY (`RewardSettingID`,`ProductID`)
) ENGINE=InnoDB DEFAULT CHARSET=utf8;
/*!40101 SET character_set_client = @saved_cs_client */;

--
-- Dumping data for table `rewardpointproductsetting`
--

LOCK TABLES `rewardpointproductsetting` WRITE;
/*!40000 ALTER TABLE `rewardpointproductsetting` DISABLE KEYS */;
/*!40000 ALTER TABLE `rewardpointproductsetting` ENABLE KEYS */;
UNLOCK TABLES;

--
-- Table structure for table `rewardpointsetting`
--

DROP TABLE IF EXISTS `rewardpointsetting`;
/*!40101 SET @saved_cs_client     = @@character_set_client */;
/*!40101 SET character_set_client = utf8 */;
CREATE TABLE `rewardpointsetting` (
  `RewardSettingID` int(11) NOT NULL DEFAULT '0',
  `RewardName` varchar(100) DEFAULT NULL,
  `StartPointTime` datetime DEFAULT NULL,
  `EndPointTime` datetime DEFAULT NULL,
  `Activated` tinyint(4) NOT NULL DEFAULT '0',
  `CalculatePrice` decimal(18,4) NOT NULL DEFAULT '0.0000',
  `PerPoint` decimal(18,4) NOT NULL DEFAULT '0.0000',
  `PointBaseOn` tinyint(4) NOT NULL DEFAULT '0',
  `StartPriceForCalculatePoint` decimal(18,4) NOT NULL DEFAULT '0.0000',
  `IsPointRoundingUp` tinyint(4) NOT NULL DEFAULT '0',
  `CalculateIncludeServiceCharge` tinyint(4) NOT NULL DEFAULT '0',
  `CalculateIncludeBonusProduct` tinyint(4) NOT NULL DEFAULT '0',
  `Description` text,
  `UpdateBy` int(11) NOT NULL DEFAULT '0',
  `UpdateDate` datetime DEFAULT NULL,
  `Deleted` tinyint(4) NOT NULL DEFAULT '0',
  PRIMARY KEY (`RewardSettingID`)
) ENGINE=InnoDB DEFAULT CHARSET=utf8;
/*!40101 SET character_set_client = @saved_cs_client */;

--
-- Dumping data for table `rewardpointsetting`
--

LOCK TABLES `rewardpointsetting` WRITE;
/*!40000 ALTER TABLE `rewardpointsetting` DISABLE KEYS */;
/*!40000 ALTER TABLE `rewardpointsetting` ENABLE KEYS */;
UNLOCK TABLES;

--
-- Table structure for table `rewardpointsettingpricelevel`
--

DROP TABLE IF EXISTS `rewardpointsettingpricelevel`;
/*!40101 SET @saved_cs_client     = @@character_set_client */;
/*!40101 SET character_set_client = utf8 */;
CREATE TABLE `rewardpointsettingpricelevel` (
  `RewardSettingID` int(11) NOT NULL DEFAULT '0',
  `LevelID` tinyint(4) NOT NULL DEFAULT '0',
  `CalculatePrice` decimal(18,4) NOT NULL DEFAULT '0.0000',
  `PerPoint` decimal(18,4) NOT NULL DEFAULT '1.0000',
  PRIMARY KEY (`RewardSettingID`,`LevelID`)
) ENGINE=InnoDB DEFAULT CHARSET=utf8;
/*!40101 SET character_set_client = @saved_cs_client */;

--
-- Dumping data for table `rewardpointsettingpricelevel`
--

LOCK TABLES `rewardpointsettingpricelevel` WRITE;
/*!40000 ALTER TABLE `rewardpointsettingpricelevel` DISABLE KEYS */;
/*!40000 ALTER TABLE `rewardpointsettingpricelevel` ENABLE KEYS */;
UNLOCK TABLES;

--
-- Table structure for table `rewardpointshoplink`
--

DROP TABLE IF EXISTS `rewardpointshoplink`;
/*!40101 SET @saved_cs_client     = @@character_set_client */;
/*!40101 SET character_set_client = utf8 */;
CREATE TABLE `rewardpointshoplink` (
  `RewardSettingID` int(11) NOT NULL DEFAULT '0',
  `ShopID` int(11) NOT NULL DEFAULT '0',
  PRIMARY KEY (`RewardSettingID`,`ShopID`)
) ENGINE=InnoDB DEFAULT CHARSET=utf8;
/*!40101 SET character_set_client = @saved_cs_client */;

--
-- Dumping data for table `rewardpointshoplink`
--

LOCK TABLES `rewardpointshoplink` WRITE;
/*!40000 ALTER TABLE `rewardpointshoplink` DISABLE KEYS */;
/*!40000 ALTER TABLE `rewardpointshoplink` ENABLE KEYS */;
UNLOCK TABLES;

--
-- Table structure for table `rewardpointspecialdaysetting`
--

DROP TABLE IF EXISTS `rewardpointspecialdaysetting`;
/*!40101 SET @saved_cs_client     = @@character_set_client */;
/*!40101 SET character_set_client = utf8 */;
CREATE TABLE `rewardpointspecialdaysetting` (
  `RewardSettingID` int(11) NOT NULL DEFAULT '0',
  `SpecialSettingID` tinyint(4) NOT NULL DEFAULT '0',
  `FromDate` date DEFAULT NULL,
  `ToDate` date DEFAULT NULL,
  `ForMemberBirthday` tinyint(4) NOT NULL DEFAULT '0',
  `DayBeforeBirthDay` tinyint(4) NOT NULL DEFAULT '0',
  `DayAfterBirthDay` tinyint(4) NOT NULL DEFAULT '0',
  `IsInMonthOfBirthDay` tinyint(4) NOT NULL DEFAULT '0',
  `CalculatePrice` decimal(18,4) NOT NULL DEFAULT '0.0000',
  `PerPoint` decimal(18,4) NOT NULL DEFAULT '0.0000',
  PRIMARY KEY (`RewardSettingID`,`SpecialSettingID`)
) ENGINE=InnoDB DEFAULT CHARSET=utf8;
/*!40101 SET character_set_client = @saved_cs_client */;

--
-- Dumping data for table `rewardpointspecialdaysetting`
--

LOCK TABLES `rewardpointspecialdaysetting` WRITE;
/*!40000 ALTER TABLE `rewardpointspecialdaysetting` DISABLE KEYS */;
/*!40000 ALTER TABLE `rewardpointspecialdaysetting` ENABLE KEYS */;
UNLOCK TABLES;

--
-- Table structure for table `rewardpointsummary`
--

DROP TABLE IF EXISTS `rewardpointsummary`;
/*!40101 SET @saved_cs_client     = @@character_set_client */;
/*!40101 SET character_set_client = utf8 */;
CREATE TABLE `rewardpointsummary` (
  `MemberID` int(11) NOT NULL DEFAULT '0',
  `TotalPoint` decimal(18,4) NOT NULL DEFAULT '0.0000',
  `UpdateDate` datetime DEFAULT NULL,
  `OnlineStatus` tinyint(4) NOT NULL DEFAULT '0',
  PRIMARY KEY (`MemberID`)
) ENGINE=InnoDB DEFAULT CHARSET=utf8;
/*!40101 SET character_set_client = @saved_cs_client */;

--
-- Dumping data for table `rewardpointsummary`
--

LOCK TABLES `rewardpointsummary` WRITE;
/*!40000 ALTER TABLE `rewardpointsummary` DISABLE KEYS */;
INSERT INTO `rewardpointsummary` VALUES (2,'0.0000','2013-10-04 13:37:30',0);
/*!40000 ALTER TABLE `rewardpointsummary` ENABLE KEYS */;
UNLOCK TABLES;

--
-- Table structure for table `rewardpointtype`
--

DROP TABLE IF EXISTS `rewardpointtype`;
/*!40101 SET @saved_cs_client     = @@character_set_client */;
/*!40101 SET character_set_client = utf8 */;
CREATE TABLE `rewardpointtype` (
  `PointTypeID` int(11) NOT NULL DEFAULT '0',
  `Description` varchar(50) DEFAULT NULL,
  `PointTypeGroup` tinyint(4) NOT NULL DEFAULT '0',
  `PointTypeOrder` tinyint(4) NOT NULL DEFAULT '0',
  PRIMARY KEY (`PointTypeID`)
) ENGINE=InnoDB DEFAULT CHARSET=utf8;
/*!40101 SET character_set_client = @saved_cs_client */;

--
-- Dumping data for table `rewardpointtype`
--

LOCK TABLES `rewardpointtype` WRITE;
/*!40000 ALTER TABLE `rewardpointtype` DISABLE KEYS */;
INSERT INTO `rewardpointtype` VALUES (1,'Point From Sale',1,1),(2,'Point From Void Sale',1,2),(3,'Point From Redeem Point',2,3),(4,'Point From Void Redeem Point',2,4),(5,'Point From Manual Edit',0,5),(6,'Point From Manual',0,6),(99,'Transfer Point',0,99);
/*!40000 ALTER TABLE `rewardpointtype` ENABLE KEYS */;
UNLOCK TABLES;

--
-- Table structure for table `runningpackagenumbertype`
--

DROP TABLE IF EXISTS `runningpackagenumbertype`;
/*!40101 SET @saved_cs_client     = @@character_set_client */;
/*!40101 SET character_set_client = utf8 */;
CREATE TABLE `runningpackagenumbertype` (
  `RunningPackageID` int(11) NOT NULL DEFAULT '0',
  `Description` varchar(100) DEFAULT NULL,
  PRIMARY KEY (`RunningPackageID`)
) ENGINE=InnoDB DEFAULT CHARSET=utf8;
/*!40101 SET character_set_client = @saved_cs_client */;

--
-- Dumping data for table `runningpackagenumbertype`
--

LOCK TABLES `runningpackagenumbertype` WRITE;
/*!40000 ALTER TABLE `runningpackagenumbertype` DISABLE KEYS */;
INSERT INTO `runningpackagenumbertype` VALUES (1,'Manual Insert'),(2,'Auto By ShopMonthYearID'),(3,'Auto By ShopCodeID');
/*!40000 ALTER TABLE `runningpackagenumbertype` ENABLE KEYS */;
UNLOCK TABLES;

--
-- Table structure for table `saledocdetailfront`
--

DROP TABLE IF EXISTS `saledocdetailfront`;
/*!40101 SET @saved_cs_client     = @@character_set_client */;
/*!40101 SET character_set_client = utf8 */;
CREATE TABLE `saledocdetailfront` (
  `SaleDocumentID` int(11) NOT NULL DEFAULT '0',
  `SaleDocShopID` int(11) NOT NULL DEFAULT '0',
  `SaleDocDetailID` int(11) NOT NULL DEFAULT '0',
  `TransactionID` int(11) NOT NULL DEFAULT '0',
  `ComputerID` int(11) NOT NULL DEFAULT '0',
  `OrderDetailID` int(11) NOT NULL DEFAULT '0',
  `MaterialID` int(11) NOT NULL DEFAULT '0',
  `UseSmallAmount` decimal(18,4) NOT NULL DEFAULT '0.0000',
  `UnitName` varchar(50) DEFAULT NULL,
  `UnitID` int(11) NOT NULL DEFAULT '0',
  `MaterialPricePerUnit` decimal(18,4) NOT NULL DEFAULT '0.0000',
  `MaterialNetPrice` decimal(18,4) NOT NULL DEFAULT '0.0000',
  PRIMARY KEY (`SaleDocumentID`,`SaleDocShopID`,`SaleDocDetailID`),
  KEY `SaleDocDetailFrontTransactionIndex` (`TransactionID`,`ComputerID`,`OrderDetailID`),
  KEY `SaleDocDetailFrontMaterialIndex` (`SaleDocumentID`,`SaleDocShopID`,`SaleDocDetailID`,`MaterialID`)
) ENGINE=InnoDB DEFAULT CHARSET=utf8;
/*!40101 SET character_set_client = @saved_cs_client */;

--
-- Dumping data for table `saledocdetailfront`
--

LOCK TABLES `saledocdetailfront` WRITE;
/*!40000 ALTER TABLE `saledocdetailfront` DISABLE KEYS */;
/*!40000 ALTER TABLE `saledocdetailfront` ENABLE KEYS */;
UNLOCK TABLES;

--
-- Table structure for table `saledocdetailhistory`
--

DROP TABLE IF EXISTS `saledocdetailhistory`;
/*!40101 SET @saved_cs_client     = @@character_set_client */;
/*!40101 SET character_set_client = utf8 */;
CREATE TABLE `saledocdetailhistory` (
  `SaleDocumentID` int(11) NOT NULL DEFAULT '0',
  `SaleDocShopID` int(11) NOT NULL DEFAULT '0',
  `SaleDocDetailID` int(11) NOT NULL DEFAULT '0',
  `TransactionID` int(11) NOT NULL DEFAULT '0',
  `ComputerID` int(11) NOT NULL DEFAULT '0',
  `OrderDetailID` int(11) NOT NULL DEFAULT '0',
  `MaterialID` int(11) NOT NULL DEFAULT '0',
  `UseSmallAmount` decimal(18,4) NOT NULL DEFAULT '0.0000',
  `UnitName` varchar(50) DEFAULT NULL,
  `UnitID` int(11) NOT NULL DEFAULT '0',
  `MaterialPricePerUnit` decimal(18,4) NOT NULL DEFAULT '0.0000',
  `MaterialNetPrice` decimal(18,4) NOT NULL DEFAULT '0.0000',
  PRIMARY KEY (`SaleDocumentID`,`SaleDocShopID`,`SaleDocDetailID`),
  KEY `SaleDocDetailHistoryTransactionIndex` (`TransactionID`,`ComputerID`,`OrderDetailID`),
  KEY `SaleDocDetailHistoryMaterialIndex` (`SaleDocumentID`,`SaleDocShopID`,`SaleDocDetailID`,`MaterialID`)
) ENGINE=InnoDB DEFAULT CHARSET=utf8;
/*!40101 SET character_set_client = @saved_cs_client */;

--
-- Dumping data for table `saledocdetailhistory`
--

LOCK TABLES `saledocdetailhistory` WRITE;
/*!40000 ALTER TABLE `saledocdetailhistory` DISABLE KEYS */;
/*!40000 ALTER TABLE `saledocdetailhistory` ENABLE KEYS */;
UNLOCK TABLES;

--
-- Table structure for table `saledocumentfront`
--

DROP TABLE IF EXISTS `saledocumentfront`;
/*!40101 SET @saved_cs_client     = @@character_set_client */;
/*!40101 SET character_set_client = utf8 */;
CREATE TABLE `saledocumentfront` (
  `SaleDocumentID` int(11) NOT NULL DEFAULT '0',
  `SaleDocShopID` int(11) NOT NULL DEFAULT '0',
  `ProductLevelID` int(11) NOT NULL DEFAULT '0',
  `DocumentTypeID` int(11) NOT NULL DEFAULT '0',
  `DocumentDate` datetime DEFAULT NULL,
  `SaleFromComputerID` int(11) NOT NULL DEFAULT '0',
  PRIMARY KEY (`SaleDocumentID`,`SaleDocShopID`),
  KEY `SaleDocumentFrontDocumentDateIndex` (`ProductLevelID`,`DocumentDate`,`DocumentTypeID`)
) ENGINE=InnoDB DEFAULT CHARSET=utf8;
/*!40101 SET character_set_client = @saved_cs_client */;

--
-- Dumping data for table `saledocumentfront`
--

LOCK TABLES `saledocumentfront` WRITE;
/*!40000 ALTER TABLE `saledocumentfront` DISABLE KEYS */;
/*!40000 ALTER TABLE `saledocumentfront` ENABLE KEYS */;
UNLOCK TABLES;

--
-- Table structure for table `saledocumenthistory`
--

DROP TABLE IF EXISTS `saledocumenthistory`;
/*!40101 SET @saved_cs_client     = @@character_set_client */;
/*!40101 SET character_set_client = utf8 */;
CREATE TABLE `saledocumenthistory` (
  `SaleDocumentID` int(11) NOT NULL DEFAULT '0',
  `SaleDocShopID` int(11) NOT NULL DEFAULT '0',
  `ProductLevelID` int(11) NOT NULL DEFAULT '0',
  `DocumentTypeID` int(11) NOT NULL DEFAULT '0',
  `DocumentDate` datetime DEFAULT NULL,
  `SaleFromComputerID` int(11) NOT NULL DEFAULT '0',
  PRIMARY KEY (`SaleDocumentID`,`SaleDocShopID`),
  KEY `SaleDocumentHistoryDocumentDateIndex` (`ProductLevelID`,`DocumentDate`,`DocumentTypeID`)
) ENGINE=InnoDB DEFAULT CHARSET=utf8;
/*!40101 SET character_set_client = @saved_cs_client */;

--
-- Dumping data for table `saledocumenthistory`
--

LOCK TABLES `saledocumenthistory` WRITE;
/*!40000 ALTER TABLE `saledocumenthistory` DISABLE KEYS */;
/*!40000 ALTER TABLE `saledocumenthistory` ENABLE KEYS */;
UNLOCK TABLES;

--
-- Table structure for table `saledocumentsummarylog`
--

DROP TABLE IF EXISTS `saledocumentsummarylog`;
/*!40101 SET @saved_cs_client     = @@character_set_client */;
/*!40101 SET character_set_client = utf8 */;
CREATE TABLE `saledocumentsummarylog` (
  `LogID` int(11) NOT NULL DEFAULT '0',
  `StockInvID` int(11) NOT NULL DEFAULT '0',
  `LogDateTime` datetime DEFAULT NULL,
  `IsFromLastSaleDate` tinyint(4) NOT NULL DEFAULT '0',
  `StartDocumentDate` date DEFAULT NULL,
  `EndDocumentDate` date DEFAULT NULL,
  `StaffID` int(11) NOT NULL DEFAULT '0',
  PRIMARY KEY (`LogID`,`StockInvID`)
) ENGINE=InnoDB DEFAULT CHARSET=utf8;
/*!40101 SET character_set_client = @saved_cs_client */;

--
-- Dumping data for table `saledocumentsummarylog`
--

LOCK TABLES `saledocumentsummarylog` WRITE;
/*!40000 ALTER TABLE `saledocumentsummarylog` DISABLE KEYS */;
/*!40000 ALTER TABLE `saledocumentsummarylog` ENABLE KEYS */;
UNLOCK TABLES;

--
-- Table structure for table `salemode`
--

DROP TABLE IF EXISTS `salemode`;
/*!40101 SET @saved_cs_client     = @@character_set_client */;
/*!40101 SET character_set_client = utf8 */;
CREATE TABLE `salemode` (
  `SaleModeID` tinyint(4) NOT NULL DEFAULT '1',
  `SaleModeName` varchar(100) DEFAULT '0',
  `Deleted` tinyint(4) NOT NULL DEFAULT '0',
  `PositionPrefix` tinyint(4) NOT NULL DEFAULT '0',
  `PrefixText` varchar(30) DEFAULT NULL,
  `PrefixTextPrinting` varchar(30) DEFAULT NULL,
  `PrefixQueue` varchar(30) DEFAULT NULL,
  `ReceiptHeaderText` varchar(50) DEFAULT NULL,
  `HasServiceCharge` tinyint(4) NOT NULL DEFAULT '0',
  `SaleModeType` int(11) NOT NULL DEFAULT '0',
  PRIMARY KEY (`SaleModeID`)
) ENGINE=InnoDB DEFAULT CHARSET=utf8;
/*!40101 SET character_set_client = @saved_cs_client */;

--
-- Dumping data for table `salemode`
--

LOCK TABLES `salemode` WRITE;
/*!40000 ALTER TABLE `salemode` DISABLE KEYS */;
INSERT INTO `salemode` VALUES (1,'Eat In',0,0,NULL,NULL,NULL,NULL,0,0),(2,'Take Away',0,0,'(TW)','(TW)','(TW)',NULL,0,0),(3,'Delivery',1,0,'(D)','(D)','(D)',NULL,0,0),(4,'Deposit Transaction',1,0,NULL,NULL,NULL,NULL,0,0);
/*!40000 ALTER TABLE `salemode` ENABLE KEYS */;
UNLOCK TABLES;

--
-- Table structure for table `salemodeproduct`
--

DROP TABLE IF EXISTS `salemodeproduct`;
/*!40101 SET @saved_cs_client     = @@character_set_client */;
/*!40101 SET character_set_client = utf8 */;
CREATE TABLE `salemodeproduct` (
  `ProductID` int(11) NOT NULL DEFAULT '0',
  `SaleModeID` tinyint(4) NOT NULL DEFAULT '0',
  PRIMARY KEY (`ProductID`,`SaleModeID`)
) ENGINE=InnoDB DEFAULT CHARSET=utf8;
/*!40101 SET character_set_client = @saved_cs_client */;

--
-- Dumping data for table `salemodeproduct`
--

LOCK TABLES `salemodeproduct` WRITE;
/*!40000 ALTER TABLE `salemodeproduct` DISABLE KEYS */;
INSERT INTO `salemodeproduct` VALUES (200001,2),(200002,2),(200003,2),(200004,2),(200005,2),(200006,2),(200007,2),(200008,2),(200009,2),(200010,2),(200011,2),(200012,2),(200013,2),(200014,2),(200015,2);
/*!40000 ALTER TABLE `salemodeproduct` ENABLE KEYS */;
UNLOCK TABLES;

--
-- Table structure for table `salemodeproductlevelproperty`
--

DROP TABLE IF EXISTS `salemodeproductlevelproperty`;
/*!40101 SET @saved_cs_client     = @@character_set_client */;
/*!40101 SET character_set_client = utf8 */;
CREATE TABLE `salemodeproductlevelproperty` (
  `SaleMode` tinyint(4) NOT NULL DEFAULT '0',
  `ProductLevelID` int(11) NOT NULL DEFAULT '0',
  `PrintToKitchen` tinyint(4) NOT NULL DEFAULT '0',
  `PayTypeAvailable` text,
  `ServiceCharge` decimal(5,2) NOT NULL DEFAULT '0.00',
  `PrintBillDetailBeforeCheckBill` tinyint(4) NOT NULL DEFAULT '0',
  `ProcessAfterSubmitOrder` tinyint(4) NOT NULL DEFAULT '0',
  `ProcessAfterSaveOrder` tinyint(4) NOT NULL DEFAULT '0',
  `ProcessAfterPrintBillDetail` tinyint(4) NOT NULL DEFAULT '0',
  `AddQueueNoForNewTransaction` int(11) NOT NULL DEFAULT '0',
  `AutoCloseTransactionAfterPaid` tinyint(4) NOT NULL DEFAULT '1',
  `PrintReceiptCopyToPrinter` varchar(255) DEFAULT NULL,
  `PrintCheckSummaryWhenPrintJobOrder` tinyint(4) NOT NULL DEFAULT '0',
  `PrinterNameForCheckSummaryWhenPrintJobOrder` varchar(200) DEFAULT NULL,
  `PrintReferenceBarCodeInReceipt` tinyint(4) NOT NULL DEFAULT '0',
  `SaleModeProperty` varchar(1000) DEFAULT NULL,
  `AutoSubmitOrderAfterHoldTransaction` tinyint(4) NOT NULL DEFAULT '0',
  `MaxTaskForDeliveryDispatcher` tinyint(4) NOT NULL DEFAULT '1',
  `EnableAllDiscount` tinyint(4) NOT NULL DEFAULT '-1',
  `EnableFastDiscount` tinyint(4) NOT NULL DEFAULT '-1',
  PRIMARY KEY (`SaleMode`,`ProductLevelID`)
) ENGINE=InnoDB DEFAULT CHARSET=utf8;
/*!40101 SET character_set_client = @saved_cs_client */;

--
-- Dumping data for table `salemodeproductlevelproperty`
--

LOCK TABLES `salemodeproductlevelproperty` WRITE;
/*!40000 ALTER TABLE `salemodeproductlevelproperty` DISABLE KEYS */;
INSERT INTO `salemodeproductlevelproperty` VALUES (2,1,0,NULL,'0.00',0,0,0,0,0,1,'',0,'',0,NULL,0,1,-1,-1),(2,2,1,NULL,'0.00',1,0,0,0,0,1,'',0,'',0,NULL,0,1,-1,-1);
/*!40000 ALTER TABLE `salemodeproductlevelproperty` ENABLE KEYS */;
UNLOCK TABLES;

--
-- Table structure for table `salevoiddocumentorderdetaillink`
--

DROP TABLE IF EXISTS `salevoiddocumentorderdetaillink`;
/*!40101 SET @saved_cs_client     = @@character_set_client */;
/*!40101 SET character_set_client = utf8 */;
CREATE TABLE `salevoiddocumentorderdetaillink` (
  `TransactionID` int(11) NOT NULL DEFAULT '0',
  `ComputerID` int(11) NOT NULL DEFAULT '0',
  `OrderDetailID` int(11) NOT NULL DEFAULT '0',
  `SaleDocID` int(11) NOT NULL DEFAULT '0',
  `SaleDocShopID` int(11) NOT NULL DEFAULT '0',
  `SaleDocDetailID` int(11) NOT NULL DEFAULT '0',
  `VoidDocID` int(11) NOT NULL DEFAULT '0',
  `VoidDocShopID` int(11) NOT NULL DEFAULT '0',
  `VoidDocDetailID` int(11) NOT NULL DEFAULT '0',
  PRIMARY KEY (`TransactionID`,`ComputerID`,`OrderDetailID`,`SaleDocID`,`SaleDocShopID`,`SaleDocDetailID`)
) ENGINE=InnoDB DEFAULT CHARSET=utf8;
/*!40101 SET character_set_client = @saved_cs_client */;

--
-- Dumping data for table `salevoiddocumentorderdetaillink`
--

LOCK TABLES `salevoiddocumentorderdetaillink` WRITE;
/*!40000 ALTER TABLE `salevoiddocumentorderdetaillink` DISABLE KEYS */;
/*!40000 ALTER TABLE `salevoiddocumentorderdetaillink` ENABLE KEYS */;
UNLOCK TABLES;

--
-- Table structure for table `seatnomapping`
--

DROP TABLE IF EXISTS `seatnomapping`;
/*!40101 SET @saved_cs_client     = @@character_set_client */;
/*!40101 SET character_set_client = utf8 */;
CREATE TABLE `seatnomapping` (
  `SeatID` tinyint(4) NOT NULL DEFAULT '0',
  `SeatName` varchar(10) DEFAULT NULL,
  `SeatPrintName` varchar(20) DEFAULT NULL,
  PRIMARY KEY (`SeatID`)
) ENGINE=InnoDB DEFAULT CHARSET=tis620;
/*!40101 SET character_set_client = @saved_cs_client */;

--
-- Dumping data for table `seatnomapping`
--

LOCK TABLES `seatnomapping` WRITE;
/*!40000 ALTER TABLE `seatnomapping` DISABLE KEYS */;
INSERT INTO `seatnomapping` VALUES (1,'A',NULL),(2,'B',NULL),(3,'C',NULL),(4,'D',NULL),(5,'E',NULL),(6,'F',NULL),(7,'G',NULL),(8,'H',NULL),(9,'I',NULL),(10,'J',NULL);
/*!40000 ALTER TABLE `seatnomapping` ENABLE KEYS */;
UNLOCK TABLES;

--
-- Table structure for table `session`
--

DROP TABLE IF EXISTS `session`;
/*!40101 SET @saved_cs_client     = @@character_set_client */;
/*!40101 SET character_set_client = utf8 */;
CREATE TABLE `session` (
  `SessionID` int(11) NOT NULL DEFAULT '0',
  `ComputerID` int(11) NOT NULL DEFAULT '0',
  `OpenStaffID` int(11) NOT NULL DEFAULT '0',
  `CloseStaffID` int(11) NOT NULL DEFAULT '0',
  `OpenSessionDateTime` datetime DEFAULT NULL,
  `CloseSessionDateTime` datetime DEFAULT NULL,
  `SessionDate` datetime NOT NULL DEFAULT '0000-00-00 00:00:00',
  `OpenSessionAmount` decimal(18,4) NOT NULL DEFAULT '0.0000',
  `CloseSessionAmount` decimal(18,4) NOT NULL DEFAULT '0.0000',
  `CashShortOver` decimal(18,4) NOT NULL DEFAULT '0.0000',
  `SessionUpdateDate` datetime DEFAULT NULL,
  `ProductLevelID` int(11) NOT NULL DEFAULT '0',
  `IsEndDaySession` tinyint(4) NOT NULL DEFAULT '0',
  PRIMARY KEY (`SessionID`,`ComputerID`)
) ENGINE=InnoDB DEFAULT CHARSET=utf8;
/*!40101 SET character_set_client = @saved_cs_client */;

--
-- Dumping data for table `session`
--

LOCK TABLES `session` WRITE;
/*!40000 ALTER TABLE `session` DISABLE KEYS */;
/*!40000 ALTER TABLE `session` ENABLE KEYS */;
UNLOCK TABLES;

--
-- Table structure for table `sessionadjustamountinaccount`
--

DROP TABLE IF EXISTS `sessionadjustamountinaccount`;
/*!40101 SET @saved_cs_client     = @@character_set_client */;
/*!40101 SET character_set_client = utf8 */;
CREATE TABLE `sessionadjustamountinaccount` (
  `SessionID` int(11) NOT NULL DEFAULT '0',
  `SessionComputerID` int(11) NOT NULL DEFAULT '0',
  `TransactionID` int(11) NOT NULL DEFAULT '0',
  `ComputerID` int(11) NOT NULL DEFAULT '0',
  `AdjustAmount` decimal(18,4) NOT NULL DEFAULT '0.0000',
  `AdjustFromType` tinyint(4) NOT NULL DEFAULT '0',
  `FromSessionID` int(11) NOT NULL DEFAULT '0',
  `FromSessionComputerID` int(11) NOT NULL DEFAULT '0',
  `AdjustDateTime` datetime DEFAULT NULL,
  PRIMARY KEY (`SessionID`,`SessionComputerID`,`TransactionID`,`ComputerID`)
) ENGINE=InnoDB DEFAULT CHARSET=utf8;
/*!40101 SET character_set_client = @saved_cs_client */;

--
-- Dumping data for table `sessionadjustamountinaccount`
--

LOCK TABLES `sessionadjustamountinaccount` WRITE;
/*!40000 ALTER TABLE `sessionadjustamountinaccount` DISABLE KEYS */;
/*!40000 ALTER TABLE `sessionadjustamountinaccount` ENABLE KEYS */;
UNLOCK TABLES;

--
-- Table structure for table `sessionadjustamountinaccounttype`
--

DROP TABLE IF EXISTS `sessionadjustamountinaccounttype`;
/*!40101 SET @saved_cs_client     = @@character_set_client */;
/*!40101 SET character_set_client = utf8 */;
CREATE TABLE `sessionadjustamountinaccounttype` (
  `AdjustFromTypeID` tinyint(4) NOT NULL DEFAULT '0',
  `Description` varchar(50) DEFAULT NULL,
  PRIMARY KEY (`AdjustFromTypeID`)
) ENGINE=InnoDB DEFAULT CHARSET=utf8;
/*!40101 SET character_set_client = @saved_cs_client */;

--
-- Dumping data for table `sessionadjustamountinaccounttype`
--

LOCK TABLES `sessionadjustamountinaccounttype` WRITE;
/*!40000 ALTER TABLE `sessionadjustamountinaccounttype` DISABLE KEYS */;
INSERT INTO `sessionadjustamountinaccounttype` VALUES (1,'From Void Transaction');
/*!40000 ALTER TABLE `sessionadjustamountinaccounttype` ENABLE KEYS */;
UNLOCK TABLES;

--
-- Table structure for table `sessionbankaccountdetail`
--

DROP TABLE IF EXISTS `sessionbankaccountdetail`;
/*!40101 SET @saved_cs_client     = @@character_set_client */;
/*!40101 SET character_set_client = utf8 */;
CREATE TABLE `sessionbankaccountdetail` (
  `AccountID` int(11) NOT NULL DEFAULT '0',
  `AccountShopID` int(11) NOT NULL DEFAULT '0',
  `SubAccountID` int(11) NOT NULL DEFAULT '0',
  `AccountDate` datetime DEFAULT NULL,
  `AmountInAccount` decimal(18,4) NOT NULL DEFAULT '0.0000',
  `AmountToBankInAccount` decimal(18,4) NOT NULL DEFAULT '0.0000',
  `AccountBankID` int(11) NOT NULL DEFAULT '0',
  `AccountReference` varchar(50) DEFAULT NULL,
  `AccountFee` decimal(18,4) NOT NULL DEFAULT '0.0000',
  `AdjustAmount` decimal(18,4) NOT NULL DEFAULT '0.0000',
  `AdjustCashChange` decimal(18,4) NOT NULL DEFAULT '0.0000',
  `AmountFromSale` decimal(18,4) NOT NULL DEFAULT '0.0000',
  `AmountFromCashIn` decimal(18,4) NOT NULL DEFAULT '0.0000',
  `AmountFromCashOut` decimal(18,4) NOT NULL DEFAULT '0.0000',
  `AccountInformation` text,
  `DepositStaffID` int(11) NOT NULL DEFAULT '0',
  `DepositDateTime` datetime DEFAULT NULL,
  `DepositNote` text,
  `SessionAccountStatus` tinyint(4) NOT NULL DEFAULT '0',
  `IsMultipleSession` tinyint(4) NOT NULL DEFAULT '0',
  `SessionUpdateDate` datetime DEFAULT NULL,
  PRIMARY KEY (`AccountID`,`AccountShopID`,`SubAccountID`)
) ENGINE=InnoDB DEFAULT CHARSET=utf8;
/*!40101 SET character_set_client = @saved_cs_client */;

--
-- Dumping data for table `sessionbankaccountdetail`
--

LOCK TABLES `sessionbankaccountdetail` WRITE;
/*!40000 ALTER TABLE `sessionbankaccountdetail` DISABLE KEYS */;
/*!40000 ALTER TABLE `sessionbankaccountdetail` ENABLE KEYS */;
UNLOCK TABLES;

--
-- Table structure for table `sessionbankaccountlink`
--

DROP TABLE IF EXISTS `sessionbankaccountlink`;
/*!40101 SET @saved_cs_client     = @@character_set_client */;
/*!40101 SET character_set_client = utf8 */;
CREATE TABLE `sessionbankaccountlink` (
  `AccountID` int(11) NOT NULL DEFAULT '0',
  `AccountShopID` int(11) NOT NULL DEFAULT '0',
  `SessionID` int(11) NOT NULL DEFAULT '0',
  `ComputerID` int(11) NOT NULL DEFAULT '0',
  PRIMARY KEY (`AccountID`,`AccountShopID`,`SessionID`,`ComputerID`)
) ENGINE=InnoDB DEFAULT CHARSET=utf8;
/*!40101 SET character_set_client = @saved_cs_client */;

--
-- Dumping data for table `sessionbankaccountlink`
--

LOCK TABLES `sessionbankaccountlink` WRITE;
/*!40000 ALTER TABLE `sessionbankaccountlink` DISABLE KEYS */;
/*!40000 ALTER TABLE `sessionbankaccountlink` ENABLE KEYS */;
UNLOCK TABLES;

--
-- Table structure for table `sessioneditopenamount`
--

DROP TABLE IF EXISTS `sessioneditopenamount`;
/*!40101 SET @saved_cs_client     = @@character_set_client */;
/*!40101 SET character_set_client = utf8 */;
CREATE TABLE `sessioneditopenamount` (
  `EditID` int(11) NOT NULL AUTO_INCREMENT,
  `SessionID` int(11) NOT NULL DEFAULT '0',
  `ComputerID` int(11) NOT NULL DEFAULT '0',
  `SessionAmount` decimal(18,4) NOT NULL DEFAULT '0.0000',
  `IsOpenAmount` tinyint(4) NOT NULL DEFAULT '0',
  `ProductLevelID` int(11) NOT NULL DEFAULT '0',
  `EditStaffID` int(11) NOT NULL DEFAULT '0',
  `EditDateTime` datetime DEFAULT NULL,
  PRIMARY KEY (`EditID`,`SessionID`,`ComputerID`)
) ENGINE=InnoDB AUTO_INCREMENT=6 DEFAULT CHARSET=tis620;
/*!40101 SET character_set_client = @saved_cs_client */;

--
-- Dumping data for table `sessioneditopenamount`
--

LOCK TABLES `sessioneditopenamount` WRITE;
/*!40000 ALTER TABLE `sessioneditopenamount` DISABLE KEYS */;
/*!40000 ALTER TABLE `sessioneditopenamount` ENABLE KEYS */;
UNLOCK TABLES;

--
-- Table structure for table `sessionenddaydetail`
--

DROP TABLE IF EXISTS `sessionenddaydetail`;
/*!40101 SET @saved_cs_client     = @@character_set_client */;
/*!40101 SET character_set_client = utf8 */;
CREATE TABLE `sessionenddaydetail` (
  `SessionDate` date NOT NULL DEFAULT '0000-00-00',
  `ProductLevelID` int(11) NOT NULL DEFAULT '0',
  `IsEndDay` tinyint(4) NOT NULL DEFAULT '0',
  `EndDayStaffID` int(11) NOT NULL DEFAULT '0',
  `EndDayDateTime` datetime DEFAULT NULL,
  `TotalReceipt` smallint(6) NOT NULL DEFAULT '0',
  `TotalPayPrice` decimal(18,4) NOT NULL DEFAULT '0.0000',
  `CloneTotalReceipt` smallint(6) NOT NULL DEFAULT '0',
  `CloneTotalPayPrice` decimal(18,4) NOT NULL DEFAULT '0.0000',
  `CloneTotalDiffPayPrice` decimal(18,4) NOT NULL DEFAULT '0.0000',
  `EndDayComputerID` int(11) NOT NULL DEFAULT '-1',
  PRIMARY KEY (`SessionDate`,`ProductLevelID`)
) ENGINE=InnoDB DEFAULT CHARSET=utf8;
/*!40101 SET character_set_client = @saved_cs_client */;

--
-- Dumping data for table `sessionenddaydetail`
--

LOCK TABLES `sessionenddaydetail` WRITE;
/*!40000 ALTER TABLE `sessionenddaydetail` DISABLE KEYS */;
/*!40000 ALTER TABLE `sessionenddaydetail` ENABLE KEYS */;
UNLOCK TABLES;

--
-- Table structure for table `sessionformdescription`
--

DROP TABLE IF EXISTS `sessionformdescription`;
/*!40101 SET @saved_cs_client     = @@character_set_client */;
/*!40101 SET character_set_client = utf8 */;
CREATE TABLE `sessionformdescription` (
  `FormID` int(11) NOT NULL DEFAULT '0',
  `Description` varchar(100) NOT NULL,
  PRIMARY KEY (`FormID`)
) ENGINE=InnoDB DEFAULT CHARSET=utf8;
/*!40101 SET character_set_client = @saved_cs_client */;

--
-- Dumping data for table `sessionformdescription`
--

LOCK TABLES `sessionformdescription` WRITE;
/*!40000 ALTER TABLE `sessionformdescription` DISABLE KEYS */;
INSERT INTO `sessionformdescription` VALUES (0,'Default'),(2,'Doro'),(3,'Oishi'),(4,'Oishi Buffet'),(5,'Daddy Dough'),(6,'Ootoya V.6'),(7,'Waketa'),(8,'SushiTei'),(9,'Cash Count Only'),(99,'Not Print Session');
/*!40000 ALTER TABLE `sessionformdescription` ENABLE KEYS */;
UNLOCK TABLES;

--
-- Table structure for table `sessionootoyadailydetail`
--

DROP TABLE IF EXISTS `sessionootoyadailydetail`;
/*!40101 SET @saved_cs_client     = @@character_set_client */;
/*!40101 SET character_set_client = utf8 */;
CREATE TABLE `sessionootoyadailydetail` (
  `SessionDate` date NOT NULL,
  `ProductLevelID` int(11) NOT NULL DEFAULT '0',
  `CashAmount` decimal(18,4) NOT NULL DEFAULT '0.0000',
  `EDC_BBL_Visa` decimal(18,4) NOT NULL DEFAULT '0.0000',
  `EDC_BBL_Master` decimal(18,4) NOT NULL DEFAULT '0.0000',
  `EDC_BBL_AMex` decimal(18,4) NOT NULL DEFAULT '0.0000',
  `EDC_BBL_Other` decimal(18,4) NOT NULL DEFAULT '0.0000',
  `EDC_Kasikorn_Visa` decimal(18,4) NOT NULL DEFAULT '0.0000',
  `EDC_Kasikorn_Master` decimal(18,4) NOT NULL DEFAULT '0.0000',
  `EDC_Kasikorn_AMex` decimal(18,4) NOT NULL DEFAULT '0.0000',
  `EDC_Kasikorn_Other` decimal(18,4) NOT NULL DEFAULT '0.0000',
  `TipAmount` decimal(18,4) NOT NULL DEFAULT '0.0000',
  `TipPerson` int(11) NOT NULL DEFAULT '0',
  `Remark` varchar(250) DEFAULT NULL,
  `UpdateDate` datetime DEFAULT NULL,
  `UpdateStaffID` int(11) NOT NULL DEFAULT '0',
  PRIMARY KEY (`SessionDate`,`ProductLevelID`)
) ENGINE=InnoDB DEFAULT CHARSET=tis620;
/*!40101 SET character_set_client = @saved_cs_client */;

--
-- Dumping data for table `sessionootoyadailydetail`
--

LOCK TABLES `sessionootoyadailydetail` WRITE;
/*!40000 ALTER TABLE `sessionootoyadailydetail` DISABLE KEYS */;
/*!40000 ALTER TABLE `sessionootoyadailydetail` ENABLE KEYS */;
UNLOCK TABLES;

--
-- Table structure for table `sessionterminalenddaydetail`
--

DROP TABLE IF EXISTS `sessionterminalenddaydetail`;
/*!40101 SET @saved_cs_client     = @@character_set_client */;
/*!40101 SET character_set_client = utf8 */;
CREATE TABLE `sessionterminalenddaydetail` (
  `SessionDate` date NOT NULL DEFAULT '0000-00-00',
  `ProductLevelID` int(11) NOT NULL DEFAULT '0',
  `FromComputerID` int(11) NOT NULL DEFAULT '0',
  `IsEndDay` tinyint(4) NOT NULL DEFAULT '0',
  `EndDayStaffID` int(11) NOT NULL DEFAULT '0',
  `EndDayDateTime` datetime DEFAULT NULL,
  `TotalReceipt` smallint(6) NOT NULL DEFAULT '0',
  `TotalPayPrice` decimal(18,4) NOT NULL DEFAULT '0.0000',
  `EndDayComputerID` int(11) NOT NULL DEFAULT '0',
  PRIMARY KEY (`SessionDate`,`ProductLevelID`,`FromComputerID`)
) ENGINE=InnoDB DEFAULT CHARSET=utf8;
/*!40101 SET character_set_client = @saved_cs_client */;

--
-- Dumping data for table `sessionterminalenddaydetail`
--

LOCK TABLES `sessionterminalenddaydetail` WRITE;
/*!40000 ALTER TABLE `sessionterminalenddaydetail` DISABLE KEYS */;
/*!40000 ALTER TABLE `sessionterminalenddaydetail` ENABLE KEYS */;
UNLOCK TABLES;

--
-- Table structure for table `shopcategorydata`
--

DROP TABLE IF EXISTS `shopcategorydata`;
/*!40101 SET @saved_cs_client     = @@character_set_client */;
/*!40101 SET character_set_client = utf8 */;
CREATE TABLE `shopcategorydata` (
  `ShopCategoryID` smallint(6) NOT NULL DEFAULT '0',
  `ShopCategoryDataID` smallint(6) NOT NULL DEFAULT '0',
  `ShopCategoryData` varchar(100) DEFAULT NULL,
  `Ordering` smallint(6) NOT NULL DEFAULT '0',
  `Deleted` tinyint(1) NOT NULL DEFAULT '0',
  PRIMARY KEY (`ShopCategoryID`,`ShopCategoryDataID`)
) ENGINE=InnoDB DEFAULT CHARSET=tis620;
/*!40101 SET character_set_client = @saved_cs_client */;

--
-- Dumping data for table `shopcategorydata`
--

LOCK TABLES `shopcategorydata` WRITE;
/*!40000 ALTER TABLE `shopcategorydata` DISABLE KEYS */;
/*!40000 ALTER TABLE `shopcategorydata` ENABLE KEYS */;
UNLOCK TABLES;

--
-- Table structure for table `shopcategoryinfo`
--

DROP TABLE IF EXISTS `shopcategoryinfo`;
/*!40101 SET @saved_cs_client     = @@character_set_client */;
/*!40101 SET character_set_client = utf8 */;
CREATE TABLE `shopcategoryinfo` (
  `ShopCategoryID` smallint(6) NOT NULL DEFAULT '0',
  `ShopCategoryDesp` varchar(100) DEFAULT NULL,
  `ShopCatOrdering` smallint(6) NOT NULL DEFAULT '0',
  `Deleted` tinyint(1) NOT NULL DEFAULT '0',
  PRIMARY KEY (`ShopCategoryID`)
) ENGINE=InnoDB DEFAULT CHARSET=tis620;
/*!40101 SET character_set_client = @saved_cs_client */;

--
-- Dumping data for table `shopcategoryinfo`
--

LOCK TABLES `shopcategoryinfo` WRITE;
/*!40000 ALTER TABLE `shopcategoryinfo` DISABLE KEYS */;
INSERT INTO `shopcategoryinfo` VALUES (1,'Shop Type',0,0),(2,'Shop Group',0,0),(3,'Shop Area',0,0),(4,'Shop Region',0,0);
/*!40000 ALTER TABLE `shopcategoryinfo` ENABLE KEYS */;
UNLOCK TABLES;

--
-- Table structure for table `shopcategorymappingdata`
--

DROP TABLE IF EXISTS `shopcategorymappingdata`;
/*!40101 SET @saved_cs_client     = @@character_set_client */;
/*!40101 SET character_set_client = utf8 */;
CREATE TABLE `shopcategorymappingdata` (
  `ShopID` int(11) DEFAULT NULL,
  `ShopCategoryID` int(11) DEFAULT NULL,
  `ShopCategoryDataID` int(11) DEFAULT NULL
) ENGINE=InnoDB DEFAULT CHARSET=tis620;
/*!40101 SET character_set_client = @saved_cs_client */;

--
-- Dumping data for table `shopcategorymappingdata`
--

LOCK TABLES `shopcategorymappingdata` WRITE;
/*!40000 ALTER TABLE `shopcategorymappingdata` DISABLE KEYS */;
/*!40000 ALTER TABLE `shopcategorymappingdata` ENABLE KEYS */;
UNLOCK TABLES;

--
-- Table structure for table `shopextdata`
--

DROP TABLE IF EXISTS `shopextdata`;
/*!40101 SET @saved_cs_client     = @@character_set_client */;
/*!40101 SET character_set_client = utf8 */;
CREATE TABLE `shopextdata` (
  `ShopID` int(11) NOT NULL DEFAULT '0',
  `UUID` varchar(50) DEFAULT NULL,
  `DeviceCode` varchar(50) DEFAULT NULL,
  `LicenseCode` varchar(50) DEFAULT NULL,
  `RegisterCode` varchar(50) DEFAULT NULL,
  `LicenseExpireDate` datetime DEFAULT NULL,
  `LicenseStatus` tinyint(4) NOT NULL DEFAULT '0',
  `ShopCategory_1` smallint(6) NOT NULL DEFAULT '0',
  `ShopCategory_2` smallint(6) NOT NULL DEFAULT '0',
  `ShopCategory_3` smallint(6) NOT NULL DEFAULT '0',
  `ShopCategory_4` smallint(6) NOT NULL DEFAULT '0',
  `ShopCategory_5` smallint(6) NOT NULL DEFAULT '0',
  `ShopCategory_6` smallint(6) NOT NULL DEFAULT '0',
  `ShopCategory_7` smallint(6) NOT NULL DEFAULT '0',
  `ShopCategory_8` smallint(6) NOT NULL DEFAULT '0',
  `ShopCategory_9` smallint(6) NOT NULL DEFAULT '0',
  `ShopCategory_10` smallint(6) NOT NULL DEFAULT '0',
  `ERPShopCode` varchar(100) DEFAULT NULL,
  `WHShopCode` varchar(100) DEFAULT NULL,
  `StoreSize` decimal(10,2) NOT NULL DEFAULT '0.00',
  `TotalTable` smallint(6) NOT NULL DEFAULT '0',
  `TotalChair` smallint(6) NOT NULL DEFAULT '0',
  `TotalWorker` smallint(6) NOT NULL DEFAULT '0',
  `TotalInvestment` decimal(18,4) NOT NULL DEFAULT '0.0000',
  `ShopLevelCode` varchar(10) NOT NULL DEFAULT '0',
  `CompanyCode` varchar(10) DEFAULT NULL,
  `ExportERP` tinyint(4) NOT NULL DEFAULT '0',
  `Deleted` tinyint(1) NOT NULL DEFAULT '0',
  PRIMARY KEY (`ShopID`)
) ENGINE=InnoDB DEFAULT CHARSET=tis620;
/*!40101 SET character_set_client = @saved_cs_client */;

--
-- Dumping data for table `shopextdata`
--

LOCK TABLES `shopextdata` WRITE;
/*!40000 ALTER TABLE `shopextdata` DISABLE KEYS */;
/*!40000 ALTER TABLE `shopextdata` ENABLE KEYS */;
UNLOCK TABLES;

--
-- Table structure for table `shoptype`
--

DROP TABLE IF EXISTS `shoptype`;
/*!40101 SET @saved_cs_client     = @@character_set_client */;
/*!40101 SET character_set_client = utf8 */;
CREATE TABLE `shoptype` (
  `ShopTypeID` smallint(6) NOT NULL DEFAULT '0',
  `ShopTypeCode` varchar(50) DEFAULT NULL,
  `ShopTypeName` varchar(100) DEFAULT NULL,
  `ShopTypeOrdering` smallint(6) NOT NULL DEFAULT '0',
  `Deleted` tinyint(4) NOT NULL DEFAULT '0',
  PRIMARY KEY (`ShopTypeID`)
) ENGINE=InnoDB DEFAULT CHARSET=utf8;
/*!40101 SET character_set_client = @saved_cs_client */;

--
-- Dumping data for table `shoptype`
--

LOCK TABLES `shoptype` WRITE;
/*!40000 ALTER TABLE `shoptype` DISABLE KEYS */;
INSERT INTO `shoptype` VALUES (0,'00','-- Select Shop Type --',0,0),(1,'01','Shop',10,0);
/*!40000 ALTER TABLE `shoptype` ENABLE KEYS */;
UNLOCK TABLES;

--
-- Table structure for table `shoptypefastfoodtabledescription`
--

DROP TABLE IF EXISTS `shoptypefastfoodtabledescription`;
/*!40101 SET @saved_cs_client     = @@character_set_client */;
/*!40101 SET character_set_client = utf8 */;
CREATE TABLE `shoptypefastfoodtabledescription` (
  `FieldName` varchar(50) NOT NULL DEFAULT '',
  `TypeID` tinyint(4) NOT NULL DEFAULT '0',
  `Description` varchar(100) DEFAULT NULL,
  PRIMARY KEY (`FieldName`,`TypeID`)
) ENGINE=InnoDB DEFAULT CHARSET=tis620;
/*!40101 SET character_set_client = @saved_cs_client */;

--
-- Dumping data for table `shoptypefastfoodtabledescription`
--

LOCK TABLES `shoptypefastfoodtabledescription` WRITE;
/*!40000 ALTER TABLE `shoptypefastfoodtabledescription` DISABLE KEYS */;
INSERT INTO `shoptypefastfoodtabledescription` VALUES ('FastFoodType',1,'Manual Insert QueueNo (Front And iPad)'),('FastFoodType',2,'Auto Insert QueueNo'),('TableType',1,'Select Table From List (iPad Only)'),('TableType',2,'Select Table From Layout (iPad Only)');
/*!40000 ALTER TABLE `shoptypefastfoodtabledescription` ENABLE KEYS */;
UNLOCK TABLES;

--
-- Table structure for table `slotoccupiedstaff`
--

DROP TABLE IF EXISTS `slotoccupiedstaff`;
/*!40101 SET @saved_cs_client     = @@character_set_client */;
/*!40101 SET character_set_client = utf8 */;
CREATE TABLE `slotoccupiedstaff` (
  `ID` int(11) NOT NULL AUTO_INCREMENT,
  `StaffID` int(11) NOT NULL DEFAULT '0',
  `ReserveDate` datetime DEFAULT NULL,
  `SlotNumber` int(11) NOT NULL DEFAULT '0',
  PRIMARY KEY (`ID`),
  KEY `SlotOcStaffIndex` (`StaffID`,`ReserveDate`)
) ENGINE=InnoDB DEFAULT CHARSET=utf8;
/*!40101 SET character_set_client = @saved_cs_client */;

--
-- Dumping data for table `slotoccupiedstaff`
--

LOCK TABLES `slotoccupiedstaff` WRITE;
/*!40000 ALTER TABLE `slotoccupiedstaff` DISABLE KEYS */;
/*!40000 ALTER TABLE `slotoccupiedstaff` ENABLE KEYS */;
UNLOCK TABLES;

--
-- Table structure for table `slotoccupiedsubroom`
--

DROP TABLE IF EXISTS `slotoccupiedsubroom`;
/*!40101 SET @saved_cs_client     = @@character_set_client */;
/*!40101 SET character_set_client = utf8 */;
CREATE TABLE `slotoccupiedsubroom` (
  `ID` int(11) NOT NULL AUTO_INCREMENT,
  `SubRoomID` int(11) NOT NULL DEFAULT '0',
  `ReserveDate` datetime DEFAULT NULL,
  `SlotNumber` int(11) NOT NULL DEFAULT '0',
  PRIMARY KEY (`ID`),
  KEY `SlotOcSubRoomIndex` (`SubRoomID`,`ReserveDate`)
) ENGINE=InnoDB DEFAULT CHARSET=utf8;
/*!40101 SET character_set_client = @saved_cs_client */;

--
-- Dumping data for table `slotoccupiedsubroom`
--

LOCK TABLES `slotoccupiedsubroom` WRITE;
/*!40000 ALTER TABLE `slotoccupiedsubroom` DISABLE KEYS */;
/*!40000 ALTER TABLE `slotoccupiedsubroom` ENABLE KEYS */;
UNLOCK TABLES;

--
-- Table structure for table `slotorderdetailfront`
--

DROP TABLE IF EXISTS `slotorderdetailfront`;
/*!40101 SET @saved_cs_client     = @@character_set_client */;
/*!40101 SET character_set_client = utf8 */;
CREATE TABLE `slotorderdetailfront` (
  `ID` int(11) NOT NULL AUTO_INCREMENT,
  `TransactionID` int(11) NOT NULL DEFAULT '0',
  `ComputerID` int(11) NOT NULL DEFAULT '0',
  `OrderDetailID` int(11) NOT NULL DEFAULT '0',
  `OrderDate` datetime DEFAULT NULL,
  `ProductID` int(11) NOT NULL DEFAULT '0',
  `CustomerFirstName` varchar(50) DEFAULT NULL,
  `CustomerLastName` varchar(50) DEFAULT NULL,
  `MemberID` int(11) NOT NULL DEFAULT '0',
  `TransactionStatus` int(11) NOT NULL DEFAULT '0',
  PRIMARY KEY (`ID`),
  KEY `SlotOrderDetailIndex` (`TransactionID`,`ComputerID`,`OrderDetailID`)
) ENGINE=InnoDB DEFAULT CHARSET=utf8;
/*!40101 SET character_set_client = @saved_cs_client */;

--
-- Dumping data for table `slotorderdetailfront`
--

LOCK TABLES `slotorderdetailfront` WRITE;
/*!40000 ALTER TABLE `slotorderdetailfront` DISABLE KEYS */;
/*!40000 ALTER TABLE `slotorderdetailfront` ENABLE KEYS */;
UNLOCK TABLES;

--
-- Table structure for table `slotstaffdetailfront`
--

DROP TABLE IF EXISTS `slotstaffdetailfront`;
/*!40101 SET @saved_cs_client     = @@character_set_client */;
/*!40101 SET character_set_client = utf8 */;
CREATE TABLE `slotstaffdetailfront` (
  `ID` int(11) NOT NULL AUTO_INCREMENT,
  `TransactionID` int(11) NOT NULL DEFAULT '0',
  `ComputerID` int(11) NOT NULL DEFAULT '0',
  `OrderDetailID` int(11) NOT NULL DEFAULT '0',
  `StartSlot` int(11) NOT NULL DEFAULT '0',
  `EndSlot` int(11) NOT NULL DEFAULT '0',
  `StaffID` int(11) NOT NULL DEFAULT '0',
  `StartTime` datetime DEFAULT NULL,
  `EndTime` datetime DEFAULT NULL,
  PRIMARY KEY (`ID`),
  KEY `SlotStaffIndex` (`TransactionID`,`ComputerID`,`OrderDetailID`),
  KEY `SlotStaffIDIndex` (`StaffID`)
) ENGINE=InnoDB DEFAULT CHARSET=utf8;
/*!40101 SET character_set_client = @saved_cs_client */;

--
-- Dumping data for table `slotstaffdetailfront`
--

LOCK TABLES `slotstaffdetailfront` WRITE;
/*!40000 ALTER TABLE `slotstaffdetailfront` DISABLE KEYS */;
/*!40000 ALTER TABLE `slotstaffdetailfront` ENABLE KEYS */;
UNLOCK TABLES;

--
-- Table structure for table `slotsubroomdetailfront`
--

DROP TABLE IF EXISTS `slotsubroomdetailfront`;
/*!40101 SET @saved_cs_client     = @@character_set_client */;
/*!40101 SET character_set_client = utf8 */;
CREATE TABLE `slotsubroomdetailfront` (
  `ID` int(11) NOT NULL AUTO_INCREMENT,
  `TransactionID` int(11) NOT NULL DEFAULT '0',
  `ComputerID` int(11) NOT NULL DEFAULT '0',
  `OrderDetailID` int(11) NOT NULL DEFAULT '0',
  `StartSlot` int(11) NOT NULL DEFAULT '0',
  `EndSlot` int(11) NOT NULL DEFAULT '0',
  `SubRoomID` int(11) NOT NULL DEFAULT '0',
  `StartTime` datetime DEFAULT NULL,
  `EndTime` datetime DEFAULT NULL,
  PRIMARY KEY (`ID`),
  KEY `SlotSubRoomIndex` (`TransactionID`,`ComputerID`,`OrderDetailID`),
  KEY `SlotSubRoomIDIndex` (`SubRoomID`)
) ENGINE=InnoDB DEFAULT CHARSET=utf8;
/*!40101 SET character_set_client = @saved_cs_client */;

--
-- Dumping data for table `slotsubroomdetailfront`
--

LOCK TABLES `slotsubroomdetailfront` WRITE;
/*!40000 ALTER TABLE `slotsubroomdetailfront` DISABLE KEYS */;
/*!40000 ALTER TABLE `slotsubroomdetailfront` ENABLE KEYS */;
UNLOCK TABLES;

--
-- Table structure for table `smartcardhistory`
--

DROP TABLE IF EXISTS `smartcardhistory`;
/*!40101 SET @saved_cs_client     = @@character_set_client */;
/*!40101 SET character_set_client = utf8 */;
CREATE TABLE `smartcardhistory` (
  `HistoryID` int(11) NOT NULL DEFAULT '0',
  `CardID` int(11) NOT NULL DEFAULT '0',
  `ProductLevelID` int(11) NOT NULL DEFAULT '0',
  `Amount` decimal(18,4) NOT NULL DEFAULT '0.0000',
  `PreviousAmount` decimal(18,4) NOT NULL DEFAULT '0.0000',
  `HistoryDateTime` datetime DEFAULT NULL,
  `TransactionID` int(11) NOT NULL DEFAULT '0',
  `ComputerID` int(11) NOT NULL DEFAULT '0',
  `StaffID` int(11) NOT NULL DEFAULT '0',
  `SmartcardComment` varchar(100) DEFAULT NULL,
  `InsertProductLevelID` int(11) NOT NULL DEFAULT '0',
  PRIMARY KEY (`HistoryID`,`CardID`,`ProductLevelID`,`TransactionID`,`ComputerID`)
) ENGINE=InnoDB DEFAULT CHARSET=utf8;
/*!40101 SET character_set_client = @saved_cs_client */;

--
-- Dumping data for table `smartcardhistory`
--

LOCK TABLES `smartcardhistory` WRITE;
/*!40000 ALTER TABLE `smartcardhistory` DISABLE KEYS */;
/*!40000 ALTER TABLE `smartcardhistory` ENABLE KEYS */;
UNLOCK TABLES;

--
-- Table structure for table `smartcardinfo`
--

DROP TABLE IF EXISTS `smartcardinfo`;
/*!40101 SET @saved_cs_client     = @@character_set_client */;
/*!40101 SET character_set_client = utf8 */;
CREATE TABLE `smartcardinfo` (
  `CardID` int(11) NOT NULL DEFAULT '0',
  `ProductLevelID` int(11) NOT NULL DEFAULT '0',
  `Activated` tinyint(2) NOT NULL DEFAULT '0',
  `Deleted` tinyint(2) NOT NULL DEFAULT '0',
  `CurrentAmountMoney` decimal(18,4) NOT NULL DEFAULT '0.0000',
  `DepositMoney` decimal(18,4) NOT NULL DEFAULT '0.0000',
  `MemberOrStaff` tinyint(2) NOT NULL DEFAULT '0',
  `MemberID` int(11) NOT NULL DEFAULT '0',
  `ExpireDate` datetime DEFAULT NULL,
  `CreateDate` datetime DEFAULT NULL,
  `LastUpdate` datetime DEFAULT NULL,
  `CreateStaffID` int(11) NOT NULL DEFAULT '0',
  PRIMARY KEY (`CardID`,`ProductLevelID`)
) ENGINE=InnoDB DEFAULT CHARSET=utf8;
/*!40101 SET character_set_client = @saved_cs_client */;

--
-- Dumping data for table `smartcardinfo`
--

LOCK TABLES `smartcardinfo` WRITE;
/*!40000 ALTER TABLE `smartcardinfo` DISABLE KEYS */;
/*!40000 ALTER TABLE `smartcardinfo` ENABLE KEYS */;
UNLOCK TABLES;

--
-- Table structure for table `softwareversion`
--

DROP TABLE IF EXISTS `softwareversion`;
/*!40101 SET @saved_cs_client     = @@character_set_client */;
/*!40101 SET character_set_client = utf8 */;
CREATE TABLE `softwareversion` (
  `ComputerID` int(11) NOT NULL DEFAULT '0',
  `ProductLevelID` int(11) NOT NULL DEFAULT '0',
  `IPAddress` varchar(30) DEFAULT NULL,
  `FrontVersion` varchar(30) DEFAULT NULL,
  `FrontFileDate` datetime DEFAULT NULL,
  `FrontUpdateDate` datetime DEFAULT NULL,
  `PocketVersion` varchar(30) DEFAULT '',
  `PocketFileDate` datetime DEFAULT NULL,
  `PocketUpdateDate` datetime DEFAULT NULL,
  `InvVersion` varchar(30) DEFAULT NULL,
  `InvFileDate` datetime DEFAULT NULL,
  `InvUpdateDate` datetime DEFAULT NULL,
  `BackOfficeVersion` varchar(30) DEFAULT NULL,
  `BackOfficeFileDate` datetime DEFAULT NULL,
  `BackOfficeUpdateDate` datetime DEFAULT NULL,
  PRIMARY KEY (`ComputerID`)
) ENGINE=InnoDB DEFAULT CHARSET=utf8;
/*!40101 SET character_set_client = @saved_cs_client */;

--
-- Dumping data for table `softwareversion`
--

LOCK TABLES `softwareversion` WRITE;
/*!40000 ALTER TABLE `softwareversion` DISABLE KEYS */;
INSERT INTO `softwareversion` VALUES (1,2,'1.1.0.210','6.3.3.52','2017-02-16 10:10:40','2017-06-03 17:16:06','6.0.0.1','2011-11-24 22:13:54','2011-12-14 16:45:25','1.0.0.1','2011-05-30 18:21:34','2011-12-14 16:45:25',NULL,NULL,NULL);
/*!40000 ALTER TABLE `softwareversion` ENABLE KEYS */;
UNLOCK TABLES;

--
-- Table structure for table `spaproductroom`
--

DROP TABLE IF EXISTS `spaproductroom`;
/*!40101 SET @saved_cs_client     = @@character_set_client */;
/*!40101 SET character_set_client = utf8 */;
CREATE TABLE `spaproductroom` (
  `ProductID` int(11) NOT NULL DEFAULT '0',
  `RoomID` int(11) NOT NULL DEFAULT '0',
  PRIMARY KEY (`ProductID`,`RoomID`)
) ENGINE=InnoDB DEFAULT CHARSET=utf8;
/*!40101 SET character_set_client = @saved_cs_client */;

--
-- Dumping data for table `spaproductroom`
--

LOCK TABLES `spaproductroom` WRITE;
/*!40000 ALTER TABLE `spaproductroom` DISABLE KEYS */;
/*!40000 ALTER TABLE `spaproductroom` ENABLE KEYS */;
UNLOCK TABLES;

--
-- Table structure for table `spaproductstaff`
--

DROP TABLE IF EXISTS `spaproductstaff`;
/*!40101 SET @saved_cs_client     = @@character_set_client */;
/*!40101 SET character_set_client = utf8 */;
CREATE TABLE `spaproductstaff` (
  `ProductID` int(11) NOT NULL DEFAULT '0',
  `StaffID` int(11) NOT NULL DEFAULT '0',
  PRIMARY KEY (`ProductID`,`StaffID`)
) ENGINE=InnoDB DEFAULT CHARSET=utf8;
/*!40101 SET character_set_client = @saved_cs_client */;

--
-- Dumping data for table `spaproductstaff`
--

LOCK TABLES `spaproductstaff` WRITE;
/*!40000 ALTER TABLE `spaproductstaff` DISABLE KEYS */;
/*!40000 ALTER TABLE `spaproductstaff` ENABLE KEYS */;
UNLOCK TABLES;

--
-- Table structure for table `spaproductstaffnumber`
--

DROP TABLE IF EXISTS `spaproductstaffnumber`;
/*!40101 SET @saved_cs_client     = @@character_set_client */;
/*!40101 SET character_set_client = utf8 */;
CREATE TABLE `spaproductstaffnumber` (
  `ProductID` int(11) NOT NULL DEFAULT '0',
  `StaffNumber` tinyint(4) NOT NULL DEFAULT '0',
  `DurationTime` int(11) NOT NULL DEFAULT '0',
  `StaffDetail` varchar(100) DEFAULT NULL,
  PRIMARY KEY (`ProductID`,`StaffNumber`)
) ENGINE=InnoDB DEFAULT CHARSET=utf8;
/*!40101 SET character_set_client = @saved_cs_client */;

--
-- Dumping data for table `spaproductstaffnumber`
--

LOCK TABLES `spaproductstaffnumber` WRITE;
/*!40000 ALTER TABLE `spaproductstaffnumber` DISABLE KEYS */;
/*!40000 ALTER TABLE `spaproductstaffnumber` ENABLE KEYS */;
UNLOCK TABLES;

--
-- Table structure for table `sparoomstaffusetemp`
--

DROP TABLE IF EXISTS `sparoomstaffusetemp`;
/*!40101 SET @saved_cs_client     = @@character_set_client */;
/*!40101 SET character_set_client = utf8 */;
CREATE TABLE `sparoomstaffusetemp` (
  `ID` int(11) NOT NULL AUTO_INCREMENT,
  `TransactionID` int(11) NOT NULL DEFAULT '0',
  `ComputerID` int(11) NOT NULL DEFAULT '0',
  `OrderTempID` int(11) NOT NULL DEFAULT '0',
  `SubRoomID` int(11) NOT NULL DEFAULT '0',
  `StaffID` int(11) NOT NULL DEFAULT '0',
  `StartTime` datetime DEFAULT NULL,
  `DurationTime` int(11) NOT NULL DEFAULT '0',
  `StaffBitSlot` varchar(100) DEFAULT NULL,
  `SubRoomBitSlot` varchar(100) DEFAULT NULL,
  `SessionID` int(11) NOT NULL DEFAULT '0',
  `OrderDate` date DEFAULT NULL,
  PRIMARY KEY (`ID`)
) ENGINE=InnoDB DEFAULT CHARSET=utf8;
/*!40101 SET character_set_client = @saved_cs_client */;

--
-- Dumping data for table `sparoomstaffusetemp`
--

LOCK TABLES `sparoomstaffusetemp` WRITE;
/*!40000 ALTER TABLE `sparoomstaffusetemp` DISABLE KEYS */;
/*!40000 ALTER TABLE `sparoomstaffusetemp` ENABLE KEYS */;
UNLOCK TABLES;

--
-- Table structure for table `sparoomusetemp`
--

DROP TABLE IF EXISTS `sparoomusetemp`;
/*!40101 SET @saved_cs_client     = @@character_set_client */;
/*!40101 SET character_set_client = utf8 */;
CREATE TABLE `sparoomusetemp` (
  `ID` int(11) NOT NULL AUTO_INCREMENT,
  `TransactionID` int(11) NOT NULL DEFAULT '0',
  `ComputerID` int(11) NOT NULL DEFAULT '0',
  `OrderTempID` int(11) NOT NULL DEFAULT '0',
  `SubRoomID` int(11) NOT NULL DEFAULT '0',
  `StartTime` datetime DEFAULT NULL,
  `DurationTime` int(11) NOT NULL DEFAULT '0',
  `SubRoomBitSlot` varchar(100) DEFAULT NULL,
  `SessionID` int(11) NOT NULL DEFAULT '0',
  `OrderDate` date DEFAULT NULL,
  PRIMARY KEY (`ID`)
) ENGINE=InnoDB DEFAULT CHARSET=utf8;
/*!40101 SET character_set_client = @saved_cs_client */;

--
-- Dumping data for table `sparoomusetemp`
--

LOCK TABLES `sparoomusetemp` WRITE;
/*!40000 ALTER TABLE `sparoomusetemp` DISABLE KEYS */;
/*!40000 ALTER TABLE `sparoomusetemp` ENABLE KEYS */;
UNLOCK TABLES;

--
-- Table structure for table `spastaffusetemp`
--

DROP TABLE IF EXISTS `spastaffusetemp`;
/*!40101 SET @saved_cs_client     = @@character_set_client */;
/*!40101 SET character_set_client = utf8 */;
CREATE TABLE `spastaffusetemp` (
  `ID` int(11) NOT NULL AUTO_INCREMENT,
  `TransactionID` int(11) NOT NULL DEFAULT '0',
  `ComputerID` int(11) NOT NULL DEFAULT '0',
  `OrderTempID` int(11) NOT NULL DEFAULT '0',
  `StaffID` int(11) NOT NULL DEFAULT '0',
  `StartTime` datetime DEFAULT NULL,
  `DurationTime` int(11) NOT NULL DEFAULT '0',
  `StaffBitSlot` varchar(100) DEFAULT NULL,
  `SessionID` int(11) NOT NULL DEFAULT '0',
  `OrderDate` date DEFAULT NULL,
  PRIMARY KEY (`ID`)
) ENGINE=InnoDB DEFAULT CHARSET=utf8;
/*!40101 SET character_set_client = @saved_cs_client */;

--
-- Dumping data for table `spastaffusetemp`
--

LOCK TABLES `spastaffusetemp` WRITE;
/*!40000 ALTER TABLE `spastaffusetemp` DISABLE KEYS */;
/*!40000 ALTER TABLE `spastaffusetemp` ENABLE KEYS */;
UNLOCK TABLES;

--
-- Table structure for table `splitorderdetail`
--

DROP TABLE IF EXISTS `splitorderdetail`;
/*!40101 SET @saved_cs_client     = @@character_set_client */;
/*!40101 SET character_set_client = utf8 */;
CREATE TABLE `splitorderdetail` (
  `SplitTransactionID` int(11) NOT NULL DEFAULT '0',
  `SplitComputerID` int(11) NOT NULL DEFAULT '0',
  `SplitOrderDetailID` int(11) NOT NULL DEFAULT '0',
  `OriginalTransactionID` int(11) NOT NULL DEFAULT '0',
  `OriginalComputerID` int(11) NOT NULL DEFAULT '0',
  `OriginalOrderDetailID` int(11) NOT NULL DEFAULT '0',
  `SplitTime` datetime DEFAULT NULL,
  `SplitStaffID` int(11) NOT NULL DEFAULT '0',
  `SplitFromComputerID` int(11) NOT NULL DEFAULT '0',
  PRIMARY KEY (`SplitTransactionID`,`SplitComputerID`,`SplitOrderDetailID`),
  KEY `OriginalOrderIndex` (`OriginalTransactionID`,`OriginalComputerID`,`OriginalOrderDetailID`)
) ENGINE=InnoDB DEFAULT CHARSET=utf8;
/*!40101 SET character_set_client = @saved_cs_client */;

--
-- Dumping data for table `splitorderdetail`
--

LOCK TABLES `splitorderdetail` WRITE;
/*!40000 ALTER TABLE `splitorderdetail` DISABLE KEYS */;
/*!40000 ALTER TABLE `splitorderdetail` ENABLE KEYS */;
UNLOCK TABLES;

--
-- Table structure for table `splitorderdetailfront`
--

DROP TABLE IF EXISTS `splitorderdetailfront`;
/*!40101 SET @saved_cs_client     = @@character_set_client */;
/*!40101 SET character_set_client = utf8 */;
CREATE TABLE `splitorderdetailfront` (
  `SplitTransactionID` int(11) NOT NULL DEFAULT '0',
  `SplitComputerID` int(11) NOT NULL DEFAULT '0',
  `SplitOrderDetailID` int(11) NOT NULL DEFAULT '0',
  `OriginalTransactionID` int(11) NOT NULL DEFAULT '0',
  `OriginalComputerID` int(11) NOT NULL DEFAULT '0',
  `OriginalOrderDetailID` int(11) NOT NULL DEFAULT '0',
  `SplitTime` datetime DEFAULT NULL,
  `SplitStaffID` int(11) NOT NULL DEFAULT '0',
  `SplitFromComputerID` int(11) NOT NULL DEFAULT '0',
  PRIMARY KEY (`SplitTransactionID`,`SplitComputerID`,`SplitOrderDetailID`)
) ENGINE=InnoDB DEFAULT CHARSET=utf8;
/*!40101 SET character_set_client = @saved_cs_client */;

--
-- Dumping data for table `splitorderdetailfront`
--

LOCK TABLES `splitorderdetailfront` WRITE;
/*!40000 ALTER TABLE `splitorderdetailfront` DISABLE KEYS */;
/*!40000 ALTER TABLE `splitorderdetailfront` ENABLE KEYS */;
UNLOCK TABLES;

--
-- Table structure for table `splitordertransaction`
--

DROP TABLE IF EXISTS `splitordertransaction`;
/*!40101 SET @saved_cs_client     = @@character_set_client */;
/*!40101 SET character_set_client = utf8 */;
CREATE TABLE `splitordertransaction` (
  `SplitTransactionID` int(11) NOT NULL DEFAULT '0',
  `SplitComputerID` int(11) NOT NULL DEFAULT '0',
  `OriginalTransactionID` int(11) NOT NULL DEFAULT '0',
  `OriginalComputerID` int(11) NOT NULL DEFAULT '0',
  `SplitNo` int(11) NOT NULL DEFAULT '0',
  `SplitTime` datetime DEFAULT NULL,
  `SplitStaffID` int(11) NOT NULL DEFAULT '0',
  `SplitFromComputerID` int(11) NOT NULL DEFAULT '0',
  `SplitTransactionStatusID` int(11) NOT NULL DEFAULT '0',
  PRIMARY KEY (`SplitTransactionID`,`SplitComputerID`),
  KEY `OriginalTransactionIndex` (`OriginalTransactionID`,`OriginalComputerID`)
) ENGINE=InnoDB DEFAULT CHARSET=utf8;
/*!40101 SET character_set_client = @saved_cs_client */;

--
-- Dumping data for table `splitordertransaction`
--

LOCK TABLES `splitordertransaction` WRITE;
/*!40000 ALTER TABLE `splitordertransaction` DISABLE KEYS */;
/*!40000 ALTER TABLE `splitordertransaction` ENABLE KEYS */;
UNLOCK TABLES;

--
-- Table structure for table `splitordertransactionfront`
--

DROP TABLE IF EXISTS `splitordertransactionfront`;
/*!40101 SET @saved_cs_client     = @@character_set_client */;
/*!40101 SET character_set_client = utf8 */;
CREATE TABLE `splitordertransactionfront` (
  `SplitTransactionID` int(11) NOT NULL DEFAULT '0',
  `SplitComputerID` int(11) NOT NULL DEFAULT '0',
  `OriginalTransactionID` int(11) NOT NULL DEFAULT '0',
  `OriginalComputerID` int(11) NOT NULL DEFAULT '0',
  `SplitNo` int(11) NOT NULL DEFAULT '0',
  `SplitTime` datetime DEFAULT NULL,
  `SplitStaffID` int(11) NOT NULL DEFAULT '0',
  `SplitFromComputerID` int(11) NOT NULL DEFAULT '0',
  `SplitTransactionStatusID` int(11) NOT NULL DEFAULT '0',
  PRIMARY KEY (`SplitTransactionID`,`SplitComputerID`)
) ENGINE=InnoDB DEFAULT CHARSET=utf8;
/*!40101 SET character_set_client = @saved_cs_client */;

--
-- Dumping data for table `splitordertransactionfront`
--

LOCK TABLES `splitordertransactionfront` WRITE;
/*!40000 ALTER TABLE `splitordertransactionfront` DISABLE KEYS */;
/*!40000 ALTER TABLE `splitordertransactionfront` ENABLE KEYS */;
UNLOCK TABLES;

--
-- Table structure for table `staffaccess`
--

DROP TABLE IF EXISTS `staffaccess`;
/*!40101 SET @saved_cs_client     = @@character_set_client */;
/*!40101 SET character_set_client = utf8 */;
CREATE TABLE `staffaccess` (
  `StaffRoleID` int(11) NOT NULL DEFAULT '0',
  `ProductLevelID` int(11) NOT NULL DEFAULT '0',
  PRIMARY KEY (`StaffRoleID`,`ProductLevelID`)
) ENGINE=InnoDB DEFAULT CHARSET=utf8;
/*!40101 SET character_set_client = @saved_cs_client */;

--
-- Dumping data for table `staffaccess`
--

LOCK TABLES `staffaccess` WRITE;
/*!40000 ALTER TABLE `staffaccess` DISABLE KEYS */;
INSERT INTO `staffaccess` VALUES (1,2),(2,2),(3,2),(4,2),(5,2),(6,2),(7,2);
/*!40000 ALTER TABLE `staffaccess` ENABLE KEYS */;
UNLOCK TABLES;

--
-- Table structure for table `staffloginouttime`
--

DROP TABLE IF EXISTS `staffloginouttime`;
/*!40101 SET @saved_cs_client     = @@character_set_client */;
/*!40101 SET character_set_client = utf8 */;
CREATE TABLE `staffloginouttime` (
  `LogInOutID` int(11) NOT NULL AUTO_INCREMENT,
  `StaffID` int(11) NOT NULL DEFAULT '0',
  `ComputerID` int(11) NOT NULL DEFAULT '0',
  `LogInTime` datetime DEFAULT NULL,
  `LogOutTime` datetime DEFAULT NULL,
  `SaleDate` date DEFAULT NULL,
  `ProgramTypeID` tinyint(4) NOT NULL DEFAULT '0',
  PRIMARY KEY (`LogInOutID`,`StaffID`,`ComputerID`,`ProgramTypeID`)
) ENGINE=InnoDB DEFAULT CHARSET=utf8;
/*!40101 SET character_set_client = @saved_cs_client */;

--
-- Dumping data for table `staffloginouttime`
--

LOCK TABLES `staffloginouttime` WRITE;
/*!40000 ALTER TABLE `staffloginouttime` DISABLE KEYS */;
/*!40000 ALTER TABLE `staffloginouttime` ENABLE KEYS */;
UNLOCK TABLES;

--
-- Table structure for table `staffpermission`
--

DROP TABLE IF EXISTS `staffpermission`;
/*!40101 SET @saved_cs_client     = @@character_set_client */;
/*!40101 SET character_set_client = utf8 */;
CREATE TABLE `staffpermission` (
  `StaffPermissionID` int(11) NOT NULL AUTO_INCREMENT,
  `StaffRoleID` int(11) DEFAULT NULL,
  `PermissionItemID` int(11) DEFAULT NULL,
  PRIMARY KEY (`StaffPermissionID`)
) ENGINE=InnoDB AUTO_INCREMENT=57131 DEFAULT CHARSET=utf8;
/*!40101 SET character_set_client = @saved_cs_client */;

--
-- Dumping data for table `staffpermission`
--

LOCK TABLES `staffpermission` WRITE;
/*!40000 ALTER TABLE `staffpermission` DISABLE KEYS */;
INSERT INTO `staffpermission` VALUES (15140,1,15140),(15142,1,15133),(15144,1,15144),(15146,1,15145),(15148,1,15146),(15150,1,15147),(15152,1,15148),(40222,1,40216),(40224,1,40217),(40226,1,40218),(40228,1,40222),(40246,1,40231),(55181,6,642),(55534,1,1),(55535,1,40000),(55536,1,15),(55537,1,74),(55538,1,75),(55539,1,63),(55540,1,64),(55541,1,65),(55542,1,147),(55543,1,618),(55544,1,630),(55545,1,43),(55546,1,20008),(55547,1,610),(55548,1,166),(55549,1,165),(55550,1,40503),(55551,1,40502),(55552,1,30011),(55553,1,15108),(55554,1,30013),(55555,1,30012),(55556,1,175),(55557,1,176),(55558,1,15100),(55559,1,15101),(55560,1,15102),(55561,1,15103),(55562,1,3),(55563,1,4),(55564,1,5),(55565,1,6),(55566,1,7),(55567,1,9),(55568,1,10),(55569,1,8),(55570,1,613),(55571,1,80),(55572,1,23),(55573,1,24),(55574,1,25),(55575,1,26),(55576,1,27),(55577,1,28),(55578,1,29),(55579,1,97),(55580,1,98),(55581,1,99),(55582,1,100),(55583,1,66),(55584,1,30004),(55585,1,11),(55586,1,12),(55587,1,13),(55588,1,15121),(55589,1,15122),(55590,1,41001),(55591,1,41002),(55592,1,41003),(55593,1,34),(55594,1,39),(55595,1,40),(55596,1,84),(55597,1,30001),(55598,1,30002),(55599,1,155),(55600,1,181),(55601,1,36),(55602,1,90),(55603,1,134),(55604,1,171),(55605,1,89),(55606,1,161),(55607,1,133),(55608,1,92),(55609,1,91),(55610,1,139),(55611,1,30),(55612,1,184),(55613,1,516),(55614,1,125),(55615,1,31),(55616,1,188),(55617,1,522),(55618,1,189),(55619,1,190),(55620,1,526),(55621,1,179),(55622,1,506),(55623,1,507),(55624,1,508),(55625,1,509),(55626,1,510),(55627,1,511),(55628,1,512),(55629,1,513),(55630,1,514),(55631,1,517),(55632,1,515),(55633,1,180),(55634,1,182),(55635,1,183),(55636,1,187),(55637,1,191),(55638,1,192),(55639,1,1031),(55640,1,1032),(55641,1,151),(55642,1,150),(55643,1,154),(55644,1,153),(55645,1,152),(55646,1,157),(55647,1,15105),(55648,1,642),(55649,1,167),(55650,1,617),(55651,1,635),(55652,1,626),(55653,1,500),(55654,1,162),(55655,1,520),(55656,1,50),(55657,1,163),(55658,1,519),(55659,1,616),(55660,1,647),(55662,1,502),(55663,1,504),(55664,1,505),(55665,1,40500),(55666,1,40501),(55667,1,82),(55668,1,96),(55669,1,142),(55670,1,503),(55671,1,15015),(55672,1,15000),(55673,1,15001),(55674,1,40002),(55675,1,164),(55676,1,169),(55677,1,646),(55678,1,170),(55679,1,107),(55680,1,627),(55681,1,603),(55682,1,178),(55683,1,177),(55684,1,40001),(55685,1,40222),(55686,1,523),(55687,1,159),(55688,1,52),(55689,1,648),(55690,1,61),(55691,1,122),(55692,1,622),(55693,1,40006),(55694,1,40005),(55695,1,19),(55696,1,20),(55697,1,15045),(55698,1,16),(55699,1,15061),(55700,1,15062),(55701,1,119),(55702,1,15047),(55703,1,15079),(55704,1,15119),(55705,1,518),(55706,1,15120),(55707,1,120),(55708,1,15048),(55709,1,116),(55710,1,15068),(55711,1,15057),(55712,1,117),(55713,1,15112),(55714,1,121),(55715,1,15096),(55716,1,15067),(55717,1,15052),(55718,1,15050),(55719,1,15065),(55720,1,15051),(55721,1,15056),(55722,1,15053),(55723,1,15054),(55724,1,15055),(55906,3,8),(55907,3,155),(55908,3,181),(55909,3,36),(55910,3,90),(55911,3,134),(55912,3,171),(55913,3,161),(55914,3,139),(55915,3,30),(55916,3,184),(55917,3,516),(55918,3,125),(55919,3,31),(55920,3,188),(55921,3,522),(55922,3,189),(55923,3,190),(55924,3,179),(55925,3,506),(55926,3,507),(55927,3,508),(55928,3,509),(55929,3,510),(55930,3,511),(55931,3,512),(55932,3,513),(55933,3,514),(55934,3,515),(55935,3,180),(55936,3,182),(55937,3,183),(55938,5,3),(55939,5,4),(55940,5,5),(55941,5,6),(55942,5,7),(55943,5,9),(55944,5,10),(55945,5,8),(55946,5,613),(55947,5,80),(55948,5,23),(55949,5,24),(55950,5,25),(55951,5,26),(55952,5,27),(55953,5,28),(55954,5,29),(55955,5,97),(55956,5,98),(55957,5,99),(55958,5,11),(55959,5,13),(55960,5,34),(55961,5,39),(55962,5,40),(55963,5,84),(55964,5,155),(55965,5,181),(55966,5,36),(55967,5,90),(55968,5,134),(55969,5,171),(55970,5,89),(55971,5,161),(55972,5,133),(55973,5,91),(55974,5,139),(55975,5,30),(55976,5,184),(55977,5,516),(55978,5,125),(55979,5,31),(55980,5,188),(55981,5,522),(55982,5,189),(55983,5,190),(55984,5,526),(55985,5,179),(55986,5,506),(55987,5,507),(55988,5,508),(55989,5,509),(55990,5,510),(55991,5,511),(55992,5,512),(55993,5,513),(55994,5,514),(55995,5,517),(55996,5,515),(55997,5,180),(55998,5,182),(55999,5,183),(56000,5,1031),(56001,5,1032),(56002,5,151),(56003,5,150),(56004,5,154),(56005,5,153),(56006,5,152),(56007,5,157),(56008,5,642),(56009,5,167),(56010,5,617),(56011,5,626),(56012,5,500),(56013,5,162),(56014,5,520),(56015,5,50),(56016,5,163),(56017,5,519),(56018,5,616),(56019,5,82),(56020,5,96),(56021,5,142),(56022,5,503),(56023,5,15015),(56024,5,164),(56025,5,169),(56026,5,646),(56027,5,170),(56028,5,107),(56029,5,627),(56030,5,603),(56031,5,178),(56032,5,177),(56033,5,40001),(56034,5,40222),(56035,5,159),(56036,5,52),(56037,5,648),(56038,5,61),(56039,5,122),(56040,5,622),(56041,5,19),(56042,5,20),(56043,5,15045),(56044,5,16),(56045,5,15061),(56046,5,15062),(56047,5,119),(56048,5,15047),(56049,5,15079),(56050,5,15057),(56051,5,15067),(56052,5,15052),(56053,5,15050),(56054,5,15065),(56055,5,15051),(56056,5,15056),(56057,5,15053),(56058,5,15054),(56059,5,15055),(56060,4,8),(56061,4,155),(56062,4,36),(56063,4,188),(56426,1,17),(56444,7,1),(56445,7,40000),(56446,7,64),(56447,7,618),(56448,7,630),(56449,7,166),(56450,7,165),(56451,7,175),(56452,7,176),(56453,7,15100),(56454,7,15101),(56455,7,15102),(56456,7,15103),(56457,7,3),(56458,7,30004),(56459,7,30001),(56460,7,30002),(56795,1,659),(56799,1,663),(56801,1,664),(56803,1,649),(56805,1,655),(56807,1,40215),(56809,1,193),(56811,1,194),(56815,1,196),(56817,1,197),(56819,1,198),(56821,1,199),(56823,1,700),(56825,1,701),(56827,1,702),(56829,1,703),(56831,1,203),(56833,1,204),(56835,1,205),(56837,1,206),(56839,1,704),(56841,1,207),(56843,1,208),(56845,1,209),(56995,2,1),(56996,2,15),(56997,2,74),(56998,2,75),(56999,2,63),(57000,2,64),(57001,2,65),(57002,2,147),(57003,2,618),(57004,2,630),(57005,2,43),(57006,2,610),(57007,2,3),(57008,2,4),(57009,2,5),(57010,2,6),(57011,2,7),(57012,2,9),(57013,2,10),(57014,2,8),(57015,2,613),(57016,2,80),(57017,2,23),(57018,2,24),(57019,2,25),(57020,2,26),(57021,2,27),(57022,2,28),(57023,2,29),(57024,2,97),(57025,2,98),(57026,2,99),(57027,2,100),(57028,2,11),(57029,2,12),(57030,2,13),(57031,2,34),(57032,2,39),(57033,2,40),(57034,2,84),(57035,2,36),(57036,2,125),(57037,2,209),(57038,2,89),(57039,2,90),(57040,2,522),(57041,2,190),(57042,2,133),(57043,2,179),(57044,2,506),(57045,2,134),(57046,2,507),(57047,2,508),(57048,2,161),(57049,2,509),(57050,2,510),(57051,2,511),(57052,2,512),(57053,2,513),(57054,2,517),(57055,2,526),(57056,2,1031),(57057,2,1032),(57058,2,171),(57059,2,181),(57060,2,30),(57061,2,31),(57062,2,184),(57063,2,516),(57064,2,515),(57065,2,180),(57066,2,182),(57067,2,183),(57068,2,187),(57069,2,191),(57070,2,152),(57071,2,157),(57072,2,151),(57073,2,150),(57074,2,154),(57075,2,153),(57076,2,642),(57077,2,167),(57078,2,664),(57079,2,617),(57080,2,635),(57081,2,626),(57082,2,500),(57083,2,162),(57084,2,520),(57085,2,50),(57086,2,163),(57087,2,519),(57088,2,616),(57089,2,647),(57090,2,655),(57091,2,502),(57092,2,504),(57093,2,505),(57094,2,40500),(57095,2,40501),(57096,2,82),(57097,2,96),(57098,2,142),(57099,2,503),(57100,2,15015),(57101,2,659),(57102,2,164),(57103,2,169),(57104,2,646),(57105,2,170),(57106,2,107),(57107,2,603),(57108,2,178),(57109,2,177),(57110,2,523),(57111,2,159),(57112,2,52),(57113,2,648),(57114,2,61),(57115,2,122),(57116,2,19),(57117,2,17),(57118,2,20),(57119,2,16),(57120,2,15045),(57121,2,15061),(57122,2,15062),(57123,2,119),(57124,2,15067),(57125,2,15052),(57126,2,15050),(57127,2,15051),(57128,2,15056),(57129,2,15053),(57130,2,15055);
/*!40000 ALTER TABLE `staffpermission` ENABLE KEYS */;
UNLOCK TABLES;

--
-- Table structure for table `staffqueuing`
--

DROP TABLE IF EXISTS `staffqueuing`;
/*!40101 SET @saved_cs_client     = @@character_set_client */;
/*!40101 SET character_set_client = utf8 */;
CREATE TABLE `staffqueuing` (
  `StaffID` int(11) NOT NULL DEFAULT '0',
  `ProductLevelID` int(11) NOT NULL DEFAULT '0',
  `QueueDate` date NOT NULL DEFAULT '0000-00-00',
  `QueueNo` int(11) NOT NULL DEFAULT '0',
  `PreviousQueueNo` int(11) NOT NULL DEFAULT '0',
  `NumberWork` int(11) NOT NULL DEFAULT '0',
  `Activated` tinyint(2) NOT NULL DEFAULT '0',
  PRIMARY KEY (`StaffID`,`ProductLevelID`,`QueueDate`)
) ENGINE=InnoDB DEFAULT CHARSET=utf8;
/*!40101 SET character_set_client = @saved_cs_client */;

--
-- Dumping data for table `staffqueuing`
--

LOCK TABLES `staffqueuing` WRITE;
/*!40000 ALTER TABLE `staffqueuing` DISABLE KEYS */;
/*!40000 ALTER TABLE `staffqueuing` ENABLE KEYS */;
UNLOCK TABLES;

--
-- Table structure for table `staffqueuinghistory`
--

DROP TABLE IF EXISTS `staffqueuinghistory`;
/*!40101 SET @saved_cs_client     = @@character_set_client */;
/*!40101 SET character_set_client = utf8 */;
CREATE TABLE `staffqueuinghistory` (
  `StaffID` int(11) NOT NULL DEFAULT '0',
  `ProductLevelID` int(11) NOT NULL DEFAULT '0',
  `QueueDate` date NOT NULL DEFAULT '0000-00-00',
  `QueueNo` int(11) NOT NULL DEFAULT '0',
  `PreviousQueueNo` int(11) NOT NULL DEFAULT '0',
  `NumberWork` int(11) NOT NULL DEFAULT '0',
  `Activated` tinyint(2) NOT NULL DEFAULT '0',
  PRIMARY KEY (`StaffID`,`ProductLevelID`,`QueueDate`)
) ENGINE=InnoDB DEFAULT CHARSET=utf8;
/*!40101 SET character_set_client = @saved_cs_client */;

--
-- Dumping data for table `staffqueuinghistory`
--

LOCK TABLES `staffqueuinghistory` WRITE;
/*!40000 ALTER TABLE `staffqueuinghistory` DISABLE KEYS */;
/*!40000 ALTER TABLE `staffqueuinghistory` ENABLE KEYS */;
UNLOCK TABLES;

--
-- Table structure for table `staffqueuingsetting`
--

DROP TABLE IF EXISTS `staffqueuingsetting`;
/*!40101 SET @saved_cs_client     = @@character_set_client */;
/*!40101 SET character_set_client = utf8 */;
CREATE TABLE `staffqueuingsetting` (
  `ProductLevelID` int(11) NOT NULL DEFAULT '0',
  `QueuingOrderStaffBy` tinyint(4) NOT NULL DEFAULT '2',
  `QueuingForSelectStaff` tinyint(4) NOT NULL DEFAULT '2',
  `QueuingForReturnStaffInOneDay` tinyint(4) NOT NULL DEFAULT '2',
  `InsertQueueTypeDifferentSessionStaff` tinyint(4) NOT NULL DEFAULT '2',
  `InsertQueueTypeSameSessionStaff` tinyint(4) NOT NULL DEFAULT '2',
  PRIMARY KEY (`ProductLevelID`)
) ENGINE=InnoDB DEFAULT CHARSET=utf8;
/*!40101 SET character_set_client = @saved_cs_client */;

--
-- Dumping data for table `staffqueuingsetting`
--

LOCK TABLES `staffqueuingsetting` WRITE;
/*!40000 ALTER TABLE `staffqueuingsetting` DISABLE KEYS */;
/*!40000 ALTER TABLE `staffqueuingsetting` ENABLE KEYS */;
UNLOCK TABLES;

--
-- Table structure for table `staffqueuingtypeii`
--

DROP TABLE IF EXISTS `staffqueuingtypeii`;
/*!40101 SET @saved_cs_client     = @@character_set_client */;
/*!40101 SET character_set_client = utf8 */;
CREATE TABLE `staffqueuingtypeii` (
  `StaffID` int(11) NOT NULL DEFAULT '0',
  `QueueType` tinyint(4) NOT NULL DEFAULT '0',
  `QueueValue` int(11) NOT NULL DEFAULT '0',
  `QueueOrdering` int(11) NOT NULL DEFAULT '0',
  PRIMARY KEY (`StaffID`,`QueueType`)
) ENGINE=InnoDB DEFAULT CHARSET=utf8;
/*!40101 SET character_set_client = @saved_cs_client */;

--
-- Dumping data for table `staffqueuingtypeii`
--

LOCK TABLES `staffqueuingtypeii` WRITE;
/*!40000 ALTER TABLE `staffqueuingtypeii` DISABLE KEYS */;
/*!40000 ALTER TABLE `staffqueuingtypeii` ENABLE KEYS */;
UNLOCK TABLES;

--
-- Table structure for table `staffrole`
--

DROP TABLE IF EXISTS `staffrole`;
/*!40101 SET @saved_cs_client     = @@character_set_client */;
/*!40101 SET character_set_client = utf8 */;
CREATE TABLE `staffrole` (
  `StaffRoleID` int(11) NOT NULL DEFAULT '0',
  `StaffRoleLevel` int(11) NOT NULL DEFAULT '0',
  `StaffRoleName` varchar(50) DEFAULT NULL,
  `Deleted` tinyint(2) NOT NULL DEFAULT '0',
  `AddingFromBranch` int(11) NOT NULL DEFAULT '0',
  PRIMARY KEY (`StaffRoleID`)
) ENGINE=InnoDB DEFAULT CHARSET=utf8;
/*!40101 SET character_set_client = @saved_cs_client */;

--
-- Dumping data for table `staffrole`
--

LOCK TABLES `staffrole` WRITE;
/*!40000 ALTER TABLE `staffrole` DISABLE KEYS */;
INSERT INTO `staffrole` VALUES (1,0,'Administrator',0,0),(2,0,'System Administrator',0,0),(3,0,'Cashier',0,0),(4,0,'Order',0,0),(5,0,'Manager',0,0),(6,0,'SCB',1,0),(7,0,'Config',0,0);
/*!40000 ALTER TABLE `staffrole` ENABLE KEYS */;
UNLOCK TABLES;

--
-- Table structure for table `staffroleaccessinventory`
--

DROP TABLE IF EXISTS `staffroleaccessinventory`;
/*!40101 SET @saved_cs_client     = @@character_set_client */;
/*!40101 SET character_set_client = utf8 */;
CREATE TABLE `staffroleaccessinventory` (
  `StaffRoleID` int(11) NOT NULL DEFAULT '0',
  `ProductLevelID` int(11) NOT NULL DEFAULT '0',
  PRIMARY KEY (`StaffRoleID`,`ProductLevelID`)
) ENGINE=InnoDB DEFAULT CHARSET=utf8;
/*!40101 SET character_set_client = @saved_cs_client */;

--
-- Dumping data for table `staffroleaccessinventory`
--

LOCK TABLES `staffroleaccessinventory` WRITE;
/*!40000 ALTER TABLE `staffroleaccessinventory` DISABLE KEYS */;
INSERT INTO `staffroleaccessinventory` VALUES (1,1),(1,2),(2,1),(2,2),(3,2),(4,2),(5,2),(6,1),(6,2),(7,1),(7,2);
/*!40000 ALTER TABLE `staffroleaccessinventory` ENABLE KEYS */;
UNLOCK TABLES;

--
-- Table structure for table `staffroleaccessuser`
--

DROP TABLE IF EXISTS `staffroleaccessuser`;
/*!40101 SET @saved_cs_client     = @@character_set_client */;
/*!40101 SET character_set_client = utf8 */;
CREATE TABLE `staffroleaccessuser` (
  `staffroleaccessuserid` int(11) NOT NULL AUTO_INCREMENT,
  `StaffRoleID` int(11) DEFAULT NULL,
  `StaffRoleIDAccess` int(11) DEFAULT NULL,
  PRIMARY KEY (`staffroleaccessuserid`)
) ENGINE=InnoDB AUTO_INCREMENT=298 DEFAULT CHARSET=utf8;
/*!40101 SET character_set_client = @saved_cs_client */;

--
-- Dumping data for table `staffroleaccessuser`
--

LOCK TABLES `staffroleaccessuser` WRITE;
/*!40000 ALTER TABLE `staffroleaccessuser` DISABLE KEYS */;
INSERT INTO `staffroleaccessuser` VALUES (1,1,1),(2,1,2),(3,1,3),(4,1,4),(5,1,5),(6,1,6),(256,6,6),(264,3,3),(265,5,3),(266,5,5),(267,5,4),(268,4,4),(279,1,7),(281,7,2),(294,2,3),(295,2,5),(296,2,4),(297,2,2);
/*!40000 ALTER TABLE `staffroleaccessuser` ENABLE KEYS */;
UNLOCK TABLES;

--
-- Table structure for table `staffroleviewinventory`
--

DROP TABLE IF EXISTS `staffroleviewinventory`;
/*!40101 SET @saved_cs_client     = @@character_set_client */;
/*!40101 SET character_set_client = utf8 */;
CREATE TABLE `staffroleviewinventory` (
  `StaffRoleID` int(11) NOT NULL DEFAULT '0',
  `ProductLevelID` int(11) NOT NULL DEFAULT '0',
  `ViewType` tinyint(4) NOT NULL DEFAULT '0',
  PRIMARY KEY (`StaffRoleID`,`ProductLevelID`,`ViewType`)
) ENGINE=InnoDB DEFAULT CHARSET=utf8;
/*!40101 SET character_set_client = @saved_cs_client */;

--
-- Dumping data for table `staffroleviewinventory`
--

LOCK TABLES `staffroleviewinventory` WRITE;
/*!40000 ALTER TABLE `staffroleviewinventory` DISABLE KEYS */;
INSERT INTO `staffroleviewinventory` VALUES (1,1,1),(1,1,2),(1,1,3),(1,2,1),(1,2,2),(1,2,3),(2,2,1),(2,2,2),(2,2,3),(3,2,1),(3,2,2),(3,2,3),(4,2,1),(4,2,2),(4,2,3),(5,2,1),(5,2,2),(5,2,3),(6,1,1),(6,2,2);
/*!40000 ALTER TABLE `staffroleviewinventory` ENABLE KEYS */;
UNLOCK TABLES;

--
-- Table structure for table `staffroleviewinventorytype`
--

DROP TABLE IF EXISTS `staffroleviewinventorytype`;
/*!40101 SET @saved_cs_client     = @@character_set_client */;
/*!40101 SET character_set_client = utf8 */;
CREATE TABLE `staffroleviewinventorytype` (
  `ViewType` tinyint(4) NOT NULL DEFAULT '0',
  `Description` varchar(50) DEFAULT NULL,
  PRIMARY KEY (`ViewType`)
) ENGINE=InnoDB DEFAULT CHARSET=utf8;
/*!40101 SET character_set_client = @saved_cs_client */;

--
-- Dumping data for table `staffroleviewinventorytype`
--

LOCK TABLES `staffroleviewinventorytype` WRITE;
/*!40000 ALTER TABLE `staffroleviewinventorytype` DISABLE KEYS */;
INSERT INTO `staffroleviewinventorytype` VALUES (1,'Access Inventory for Stock card Document'),(2,'Access Inventory for PO&RO Document'),(3,'Access Inventory for Transfer Between Location Doc'),(4,'Access Inventory for Request');
/*!40000 ALTER TABLE `staffroleviewinventorytype` ENABLE KEYS */;
UNLOCK TABLES;

--
-- Table structure for table `staffs`
--

DROP TABLE IF EXISTS `staffs`;
/*!40101 SET @saved_cs_client     = @@character_set_client */;
/*!40101 SET character_set_client = utf8 */;
CREATE TABLE `staffs` (
  `StaffID` int(11) NOT NULL DEFAULT '0',
  `StaffRoleID` int(11) DEFAULT NULL,
  `StaffPassword` varchar(255) DEFAULT NULL,
  `StaffCode` varchar(50) DEFAULT NULL,
  `StaffGender` tinyint(4) DEFAULT NULL,
  `StaffFirstName` varchar(50) DEFAULT NULL,
  `StaffLastName` varchar(50) DEFAULT NULL,
  `StaffAddress1` varchar(255) DEFAULT NULL,
  `StaffAddress2` varchar(255) DEFAULT NULL,
  `StaffCity` varchar(100) DEFAULT NULL,
  `StaffProvince` smallint(6) DEFAULT NULL,
  `StaffZipCode` varchar(20) DEFAULT NULL,
  `StaffTelephone` varchar(20) DEFAULT NULL,
  `StaffMobile` varchar(20) DEFAULT NULL,
  `StaffEmail` varchar(100) DEFAULT NULL,
  `StaffBirthDay` datetime DEFAULT NULL,
  `StaffAdditional` text,
  `StaffIDNumber` varchar(50) DEFAULT NULL,
  `StaffIDIssueDate` datetime DEFAULT NULL,
  `StaffIDExpiration` datetime DEFAULT NULL,
  `StaffBlood` varchar(5) DEFAULT NULL,
  `StaffPictureFileServer` varchar(50) DEFAULT NULL,
  `StaffPictureFileClient` varchar(50) DEFAULT NULL,
  `BasedSalary` decimal(18,2) NOT NULL DEFAULT '0.00',
  `Activated` tinyint(4) NOT NULL DEFAULT '0',
  `Deleted` tinyint(2) NOT NULL DEFAULT '0',
  `LangID` smallint(6) DEFAULT NULL,
  `InputDate` datetime DEFAULT NULL,
  `InputBy` int(11) DEFAULT NULL,
  `UpdateDate` datetime DEFAULT NULL,
  `UpdateBy` int(11) DEFAULT NULL,
  `LastUseDate` datetime DEFAULT NULL,
  `ImageFolder` int(11) NOT NULL DEFAULT '0',
  `MinPerDay` decimal(10,4) NOT NULL DEFAULT '0.0000',
  `StaffPasswordPocket` varchar(100) CHARACTER SET ascii DEFAULT NULL,
  `AddingFromBranch` int(11) NOT NULL DEFAULT '0',
  PRIMARY KEY (`StaffID`)
) ENGINE=InnoDB DEFAULT CHARSET=utf8;
/*!40101 SET character_set_client = @saved_cs_client */;

--
-- Dumping data for table `staffs`
--

LOCK TABLES `staffs` WRITE;
/*!40000 ALTER TABLE `staffs` DISABLE KEYS */;
INSERT INTO `staffs` VALUES (1,1,'6171F586FA24E1812E83DA404B29F4FA733D0CF8','promise',1,'pRoMiSe','Administrator',NULL,NULL,NULL,0,NULL,NULL,NULL,NULL,NULL,NULL,NULL,NULL,NULL,NULL,NULL,NULL,'0.00',1,0,2,NULL,NULL,'2013-09-24 12:20:04',1,NULL,0,'0.0000','???7&???M??i?',0),(2,2,'D033E22AE348AEB5660FC2140AEC35850C4DA997','admin',1,'System','Administrator',NULL,NULL,NULL,0,NULL,NULL,NULL,NULL,NULL,NULL,NULL,NULL,NULL,NULL,NULL,NULL,'0.00',1,0,2,'2005-06-07 16:37:52',1,'2013-09-24 12:20:09',1,NULL,0,'0.0000','??O?',0),(3,6,'1BAF2A4560A07369016C1176FE1BF5BC8C0F27D2','scb',1,'SCB','-',NULL,NULL,NULL,0,NULL,NULL,NULL,NULL,NULL,NULL,NULL,NULL,NULL,NULL,NULL,NULL,'0.00',1,1,1,'2011-09-29 12:43:41',2,'2013-09-24 12:20:07',1,NULL,0,'0.0000','?>?',0),(4,3,'DBC0F004854457F59FB16AB863A3A1722CEF553F','101',1,'Cashier','-',NULL,NULL,NULL,0,NULL,NULL,NULL,NULL,NULL,NULL,NULL,NULL,NULL,NULL,NULL,NULL,'0.00',1,0,1,'2011-12-20 16:14:49',1,'2014-01-23 16:28:45',2,NULL,0,'0.0000','?)?',0),(5,4,'7F03F3F2FEBC46F3FA832D98251B0C98F64BC19B','201',1,'Order','-',NULL,NULL,NULL,0,NULL,NULL,NULL,NULL,NULL,NULL,NULL,NULL,NULL,NULL,NULL,NULL,'0.00',1,0,2,'2014-01-23 15:38:50',2,'2014-01-23 16:28:34',2,NULL,0,'0.0000','R*?',0),(6,5,'A071F3CF900D868205B8CC4C7E6AA7885CAC3643','901',1,'Manager','-',NULL,NULL,NULL,0,NULL,NULL,NULL,NULL,NULL,NULL,NULL,NULL,NULL,NULL,NULL,NULL,'0.00',1,0,2,'2014-01-23 16:28:11',2,'2014-01-23 16:28:31',2,NULL,0,'0.0000','?!?',0),(7,7,'DFBA7AADE0868074C2861C98E2A9A92F3178A51B','config',1,'config','-',NULL,NULL,NULL,0,NULL,NULL,NULL,NULL,NULL,NULL,NULL,NULL,NULL,NULL,NULL,NULL,'0.00',1,0,2,'2014-01-24 14:55:44',1,'2014-01-24 14:55:50',1,NULL,0,'0.0000','q??|\"?',0);
/*!40000 ALTER TABLE `staffs` ENABLE KEYS */;
UNLOCK TABLES;

--
-- Table structure for table `staffsessiondetail`
--

DROP TABLE IF EXISTS `staffsessiondetail`;
/*!40101 SET @saved_cs_client     = @@character_set_client */;
/*!40101 SET character_set_client = utf8 */;
CREATE TABLE `staffsessiondetail` (
  `SessionID` int(11) NOT NULL DEFAULT '0',
  `ProductLevelID` int(11) NOT NULL DEFAULT '0',
  `SessionDay` tinyint(4) NOT NULL DEFAULT '0',
  `StartTime` datetime DEFAULT NULL,
  `EndTime` datetime DEFAULT NULL,
  `Deleted` int(11) NOT NULL DEFAULT '0',
  PRIMARY KEY (`SessionID`,`ProductLevelID`)
) ENGINE=InnoDB DEFAULT CHARSET=utf8;
/*!40101 SET character_set_client = @saved_cs_client */;

--
-- Dumping data for table `staffsessiondetail`
--

LOCK TABLES `staffsessiondetail` WRITE;
/*!40000 ALTER TABLE `staffsessiondetail` DISABLE KEYS */;
/*!40000 ALTER TABLE `staffsessiondetail` ENABLE KEYS */;
UNLOCK TABLES;

--
-- Table structure for table `staffshopdata`
--

DROP TABLE IF EXISTS `staffshopdata`;
/*!40101 SET @saved_cs_client     = @@character_set_client */;
/*!40101 SET character_set_client = utf8 */;
CREATE TABLE `staffshopdata` (
  `StaffID` int(11) NOT NULL DEFAULT '0',
  `ProductLevelID` int(11) NOT NULL DEFAULT '0',
  PRIMARY KEY (`StaffID`,`ProductLevelID`)
) ENGINE=InnoDB DEFAULT CHARSET=utf8;
/*!40101 SET character_set_client = @saved_cs_client */;

--
-- Dumping data for table `staffshopdata`
--

LOCK TABLES `staffshopdata` WRITE;
/*!40000 ALTER TABLE `staffshopdata` DISABLE KEYS */;
INSERT INTO `staffshopdata` VALUES (1,2),(2,2),(3,2),(4,2),(5,2),(6,2),(7,2);
/*!40000 ALTER TABLE `staffshopdata` ENABLE KEYS */;
UNLOCK TABLES;

--
-- Table structure for table `staffworkingsession`
--

DROP TABLE IF EXISTS `staffworkingsession`;
/*!40101 SET @saved_cs_client     = @@character_set_client */;
/*!40101 SET character_set_client = utf8 */;
CREATE TABLE `staffworkingsession` (
  `WorkingID` int(11) NOT NULL DEFAULT '0',
  `SessionID` int(11) NOT NULL DEFAULT '0',
  `SessionDate` date DEFAULT NULL,
  `StaffID` int(11) NOT NULL DEFAULT '0',
  `ProductLevelID` int(11) NOT NULL DEFAULT '0',
  `StartTime` datetime DEFAULT NULL,
  `EndTime` datetime DEFAULT NULL,
  `SessionNote` text,
  PRIMARY KEY (`WorkingID`,`ProductLevelID`),
  KEY `StaffWorkingIndex` (`ProductLevelID`,`SessionDate`,`StaffID`)
) ENGINE=InnoDB DEFAULT CHARSET=utf8;
/*!40101 SET character_set_client = @saved_cs_client */;

--
-- Dumping data for table `staffworkingsession`
--

LOCK TABLES `staffworkingsession` WRITE;
/*!40000 ALTER TABLE `staffworkingsession` DISABLE KEYS */;
/*!40000 ALTER TABLE `staffworkingsession` ENABLE KEYS */;
UNLOCK TABLES;

--
-- Table structure for table `stockcountmaterial`
--

DROP TABLE IF EXISTS `stockcountmaterial`;
/*!40101 SET @saved_cs_client     = @@character_set_client */;
/*!40101 SET character_set_client = utf8 */;
CREATE TABLE `stockcountmaterial` (
  `StockCountTypeID` tinyint(4) NOT NULL DEFAULT '0',
  `ProductLevelID` int(11) NOT NULL DEFAULT '0',
  `ShopID` int(11) NOT NULL DEFAULT '0',
  `MaterialID` int(11) NOT NULL DEFAULT '0',
  PRIMARY KEY (`StockCountTypeID`,`ProductLevelID`,`ShopID`,`MaterialID`)
) ENGINE=InnoDB DEFAULT CHARSET=utf8;
/*!40101 SET character_set_client = @saved_cs_client */;

--
-- Dumping data for table `stockcountmaterial`
--

LOCK TABLES `stockcountmaterial` WRITE;
/*!40000 ALTER TABLE `stockcountmaterial` DISABLE KEYS */;
/*!40000 ALTER TABLE `stockcountmaterial` ENABLE KEYS */;
UNLOCK TABLES;

--
-- Table structure for table `stockcountmaterialsetting`
--

DROP TABLE IF EXISTS `stockcountmaterialsetting`;
/*!40101 SET @saved_cs_client     = @@character_set_client */;
/*!40101 SET character_set_client = utf8 */;
CREATE TABLE `stockcountmaterialsetting` (
  `StockCountTypeID` tinyint(4) NOT NULL DEFAULT '0',
  `StockCountName` varchar(50) DEFAULT NULL,
  `DocumentTypeID` int(11) NOT NULL DEFAULT '0',
  `LangID` tinyint(2) NOT NULL DEFAULT '1',
  `StockCountTypeTableName` varchar(50) DEFAULT '',
  PRIMARY KEY (`StockCountTypeID`,`LangID`)
) ENGINE=InnoDB DEFAULT CHARSET=utf8;
/*!40101 SET character_set_client = @saved_cs_client */;

--
-- Dumping data for table `stockcountmaterialsetting`
--

LOCK TABLES `stockcountmaterialsetting` WRITE;
/*!40000 ALTER TABLE `stockcountmaterialsetting` DISABLE KEYS */;
INSERT INTO `stockcountmaterialsetting` VALUES (1,'Daily Stock',24,1,'dailystockmaterial'),(1,'นับสต๊อกรายวัน',24,2,'dailystockmaterial'),(2,'Weekly Stock',30,1,'weeklystockmaterial'),(2,'นับสต๊อกรายสัปดาห์',30,2,'weeklystockmaterial'),(3,'Monthly Stock',7,1,'monthlystockmaterial'),(3,'นับสต๊อกรายเดือน',7,2,'monthlystockmaterial'),(4,'Adjust Stock',57,1,'StockCountMaterial');
/*!40000 ALTER TABLE `stockcountmaterialsetting` ENABLE KEYS */;
UNLOCK TABLES;

--
-- Table structure for table `stockdetailhistory`
--

DROP TABLE IF EXISTS `stockdetailhistory`;
/*!40101 SET @saved_cs_client     = @@character_set_client */;
/*!40101 SET character_set_client = utf8 */;
CREATE TABLE `stockdetailhistory` (
  `HistoryID` int(11) NOT NULL DEFAULT '0',
  `DocumentID` int(11) NOT NULL DEFAULT '0',
  `ShopID` int(11) NOT NULL DEFAULT '0',
  `MaterialID` int(11) NOT NULL DEFAULT '0',
  `Amount` decimal(18,4) NOT NULL DEFAULT '0.0000',
  `UnitSmallName` varchar(50) DEFAULT NULL,
  PRIMARY KEY (`HistoryID`,`DocumentID`,`ShopID`,`MaterialID`),
  KEY `JoinIndex` (`DocumentID`,`ShopID`)
) ENGINE=InnoDB DEFAULT CHARSET=utf8;
/*!40101 SET character_set_client = @saved_cs_client */;

--
-- Dumping data for table `stockdetailhistory`
--

LOCK TABLES `stockdetailhistory` WRITE;
/*!40000 ALTER TABLE `stockdetailhistory` DISABLE KEYS */;
/*!40000 ALTER TABLE `stockdetailhistory` ENABLE KEYS */;
UNLOCK TABLES;

--
-- Table structure for table `stockhistory`
--

DROP TABLE IF EXISTS `stockhistory`;
/*!40101 SET @saved_cs_client     = @@character_set_client */;
/*!40101 SET character_set_client = utf8 */;
CREATE TABLE `stockhistory` (
  `HistoryID` int(11) NOT NULL DEFAULT '0',
  `DocumentID` int(11) NOT NULL DEFAULT '0',
  `ShopID` int(11) NOT NULL DEFAULT '0',
  `NameType` varchar(50) DEFAULT NULL,
  PRIMARY KEY (`HistoryID`,`DocumentID`,`ShopID`),
  KEY `StockHistoryIndex` (`DocumentID`,`ShopID`)
) ENGINE=InnoDB DEFAULT CHARSET=utf8;
/*!40101 SET character_set_client = @saved_cs_client */;

--
-- Dumping data for table `stockhistory`
--

LOCK TABLES `stockhistory` WRITE;
/*!40000 ALTER TABLE `stockhistory` DISABLE KEYS */;
/*!40000 ALTER TABLE `stockhistory` ENABLE KEYS */;
UNLOCK TABLES;

--
-- Table structure for table `stockinventorybyprinter`
--

DROP TABLE IF EXISTS `stockinventorybyprinter`;
/*!40101 SET @saved_cs_client     = @@character_set_client */;
/*!40101 SET character_set_client = utf8 */;
CREATE TABLE `stockinventorybyprinter` (
  `PrinterID` int(11) NOT NULL DEFAULT '0',
  `StockInvID` int(11) NOT NULL DEFAULT '0',
  PRIMARY KEY (`PrinterID`,`StockInvID`)
) ENGINE=InnoDB DEFAULT CHARSET=utf8;
/*!40101 SET character_set_client = @saved_cs_client */;

--
-- Dumping data for table `stockinventorybyprinter`
--

LOCK TABLES `stockinventorybyprinter` WRITE;
/*!40000 ALTER TABLE `stockinventorybyprinter` DISABLE KEYS */;
/*!40000 ALTER TABLE `stockinventorybyprinter` ENABLE KEYS */;
UNLOCK TABLES;

--
-- Table structure for table `stockmaterialdeptordering2`
--

DROP TABLE IF EXISTS `stockmaterialdeptordering2`;
/*!40101 SET @saved_cs_client     = @@character_set_client */;
/*!40101 SET character_set_client = utf8 */;
CREATE TABLE `stockmaterialdeptordering2` (
  `MaterialDeptOrdering` int(11) NOT NULL AUTO_INCREMENT,
  `MaterialDeptID` int(11) NOT NULL,
  PRIMARY KEY (`MaterialDeptOrdering`),
  KEY `StockMaterialDeptOrdering2Index` (`MaterialDeptID`)
) ENGINE=InnoDB DEFAULT CHARSET=utf8;
/*!40101 SET character_set_client = @saved_cs_client */;

--
-- Dumping data for table `stockmaterialdeptordering2`
--

LOCK TABLES `stockmaterialdeptordering2` WRITE;
/*!40000 ALTER TABLE `stockmaterialdeptordering2` DISABLE KEYS */;
/*!40000 ALTER TABLE `stockmaterialdeptordering2` ENABLE KEYS */;
UNLOCK TABLES;

--
-- Table structure for table `stockmaterialgroupordering2`
--

DROP TABLE IF EXISTS `stockmaterialgroupordering2`;
/*!40101 SET @saved_cs_client     = @@character_set_client */;
/*!40101 SET character_set_client = utf8 */;
CREATE TABLE `stockmaterialgroupordering2` (
  `MaterialGroupOrdering` int(11) NOT NULL AUTO_INCREMENT,
  `MaterialGroupID` int(11) NOT NULL,
  PRIMARY KEY (`MaterialGroupOrdering`),
  KEY `StockMaterialGroupOrdering2Index` (`MaterialGroupID`)
) ENGINE=InnoDB DEFAULT CHARSET=utf8;
/*!40101 SET character_set_client = @saved_cs_client */;

--
-- Dumping data for table `stockmaterialgroupordering2`
--

LOCK TABLES `stockmaterialgroupordering2` WRITE;
/*!40000 ALTER TABLE `stockmaterialgroupordering2` DISABLE KEYS */;
/*!40000 ALTER TABLE `stockmaterialgroupordering2` ENABLE KEYS */;
UNLOCK TABLES;

--
-- Table structure for table `stockmaterialordering2`
--

DROP TABLE IF EXISTS `stockmaterialordering2`;
/*!40101 SET @saved_cs_client     = @@character_set_client */;
/*!40101 SET character_set_client = utf8 */;
CREATE TABLE `stockmaterialordering2` (
  `MaterialOrdering` int(11) NOT NULL AUTO_INCREMENT,
  `MaterialID` int(11) NOT NULL,
  PRIMARY KEY (`MaterialOrdering`),
  KEY `StockMaterialOrdering2Index` (`MaterialID`)
) ENGINE=InnoDB DEFAULT CHARSET=utf8;
/*!40101 SET character_set_client = @saved_cs_client */;

--
-- Dumping data for table `stockmaterialordering2`
--

LOCK TABLES `stockmaterialordering2` WRITE;
/*!40000 ALTER TABLE `stockmaterialordering2` DISABLE KEYS */;
/*!40000 ALTER TABLE `stockmaterialordering2` ENABLE KEYS */;
UNLOCK TABLES;

--
-- Table structure for table `stocktype`
--

DROP TABLE IF EXISTS `stocktype`;
/*!40101 SET @saved_cs_client     = @@character_set_client */;
/*!40101 SET character_set_client = utf8 */;
CREATE TABLE `stocktype` (
  `StockTypeID` int(11) NOT NULL DEFAULT '0',
  `Description` varchar(100) DEFAULT NULL,
  PRIMARY KEY (`StockTypeID`)
) ENGINE=InnoDB DEFAULT CHARSET=utf8;
/*!40101 SET character_set_client = @saved_cs_client */;

--
-- Dumping data for table `stocktype`
--

LOCK TABLES `stocktype` WRITE;
/*!40000 ALTER TABLE `stocktype` DISABLE KEYS */;
INSERT INTO `stocktype` VALUES (-1,'No Stock Count'),(0,'Normal Stock'),(1,'Daily Stock');
/*!40000 ALTER TABLE `stocktype` ENABLE KEYS */;
UNLOCK TABLES;

--
-- Table structure for table `subroom`
--

DROP TABLE IF EXISTS `subroom`;
/*!40101 SET @saved_cs_client     = @@character_set_client */;
/*!40101 SET character_set_client = utf8 */;
CREATE TABLE `subroom` (
  `SubRoomID` int(11) NOT NULL AUTO_INCREMENT,
  `RoomID` int(11) NOT NULL DEFAULT '0',
  `SubRoomNumber` int(11) NOT NULL DEFAULT '0',
  `Status` tinyint(4) NOT NULL DEFAULT '0',
  `Deleted` tinyint(2) NOT NULL DEFAULT '0',
  `TransactionID` int(11) NOT NULL DEFAULT '0',
  `ComputerID` int(11) NOT NULL DEFAULT '0',
  `OrderDetailID` int(11) NOT NULL DEFAULT '0',
  PRIMARY KEY (`SubRoomID`)
) ENGINE=InnoDB AUTO_INCREMENT=4 DEFAULT CHARSET=utf8;
/*!40101 SET character_set_client = @saved_cs_client */;

--
-- Dumping data for table `subroom`
--

LOCK TABLES `subroom` WRITE;
/*!40000 ALTER TABLE `subroom` DISABLE KEYS */;
INSERT INTO `subroom` VALUES (1,1,1,0,0,0,0,0),(2,2,1,0,0,0,0,0),(3,3,1,0,0,0,0,0);
/*!40000 ALTER TABLE `subroom` ENABLE KEYS */;
UNLOCK TABLES;

--
-- Temporary table structure for view `summary_dummypromotion`
--

DROP TABLE IF EXISTS `summary_dummypromotion`;
/*!50001 DROP VIEW IF EXISTS `summary_dummypromotion`*/;
SET @saved_cs_client     = @@character_set_client;
SET character_set_client = utf8;
/*!50001 CREATE TABLE `summary_dummypromotion` (
  `transactionid` int(11),
  `computerid` int(11),
  `PriceGroupID` int(11),
  `TotalCoupon` bigint(21)
) ENGINE=MyISAM */;
SET character_set_client = @saved_cs_client;

--
-- Temporary table structure for view `summary_hourlyreport`
--

DROP TABLE IF EXISTS `summary_hourlyreport`;
/*!50001 DROP VIEW IF EXISTS `summary_hourlyreport`*/;
SET @saved_cs_client     = @@character_set_client;
SET character_set_client = utf8;
/*!50001 CREATE TABLE `summary_hourlyreport` (
  `Hourly` int(2),
  `ShopID` int(11),
  `SaleDate` date,
  `DocType` int(11),
  `TotalBill` bigint(21),
  `TotalCustomer` decimal(27,0),
  `TransactionVATable` decimal(40,4),
  `TransactionVAT` decimal(40,6),
  `TransactionExcludeVAT` decimal(40,4),
  `ServiceCharge` decimal(40,4),
  `ServiceChargeVAT` decimal(40,4),
  `ReceiptTotalAmount` decimal(40,4),
  `TotalDiscount` decimal(40,4),
  `SalePrice` decimal(41,4),
  `TotalRetailPrice` decimal(40,4),
  `OtherIncome` decimal(40,4),
  `OtherIncomeVAT` decimal(40,4)
) ENGINE=MyISAM */;
SET character_set_client = @saved_cs_client;

--
-- Temporary table structure for view `summary_productreport`
--

DROP TABLE IF EXISTS `summary_productreport`;
/*!50001 DROP VIEW IF EXISTS `summary_productreport`*/;
SET @saved_cs_client     = @@character_set_client;
SET character_set_client = utf8;
/*!50001 CREATE TABLE `summary_productreport` (
  `SaleDate` date,
  `ShopID` int(11),
  `ShopCode` varchar(10),
  `ShopName` varchar(50),
  `ProductLinkID` int(11),
  `TransactionStatusID` smallint(6),
  `OtherFoodName` varchar(50),
  `OrderStatusID` smallint(6),
  `ProductSetType` int(11),
  `VATType` tinyint(4),
  `VATPercent` decimal(5,2),
  `DocType` int(11),
  `ProductID` int(11),
  `ProductCode` varchar(50),
  `ProductName` varchar(100),
  `ProductName1` varchar(100),
  `ProductDesp` varchar(255),
  `ProductDeptName` varchar(50),
  `ProductGroupName` varchar(50),
  `ProductGroupCode` varchar(50),
  `ProductDeptCode` varchar(50),
  `GroupOrdering` int(11),
  `DeptOrdering` int(11),
  `SaleMode` tinyint(4),
  `SaleModeName` varchar(100),
  `PositionPrefix` tinyint(4),
  `PrefixText` varchar(30),
  `Amount` decimal(40,4),
  `TotalPrice` decimal(40,4),
  `TotalRetailPrice` decimal(40,4),
  `SalePrice` decimal(40,4),
  `MemberDiscount` decimal(40,4),
  `StaffDiscount` decimal(40,4),
  `CouponDiscount` decimal(40,4),
  `VoucherDiscount` decimal(40,4),
  `OtherPercentDiscount` decimal(40,4),
  `EachProductOtherDiscount` decimal(40,4),
  `PricePromotionDiscount` decimal(40,4)
) ENGINE=MyISAM */;
SET character_set_client = @saved_cs_client;

--
-- Temporary table structure for view `summary_productreport_stockonly`
--

DROP TABLE IF EXISTS `summary_productreport_stockonly`;
/*!50001 DROP VIEW IF EXISTS `summary_productreport_stockonly`*/;
SET @saved_cs_client     = @@character_set_client;
SET character_set_client = utf8;
/*!50001 CREATE TABLE `summary_productreport_stockonly` (
  `SaleDate` date,
  `ShopID` int(11),
  `ShopCode` varchar(10),
  `ShopName` varchar(50),
  `ProductLinkID` int(11),
  `TransactionStatusID` smallint(6),
  `OtherFoodName` varchar(50),
  `OrderStatusID` smallint(6),
  `ProductSetType` int(11),
  `VATType` tinyint(4),
  `DocType` int(11),
  `ProductID` int(11),
  `ProductCode` varchar(50),
  `ProductName` varchar(100),
  `ProductName1` varchar(100),
  `ProductDesp` varchar(255),
  `ProductDeptName` varchar(50),
  `ProductGroupName` varchar(50),
  `ProductGroupCode` varchar(50),
  `ProductDeptCode` varchar(50),
  `GroupOrdering` int(11),
  `DeptOrdering` int(11),
  `SaleMode` tinyint(4),
  `SaleModeName` varchar(100),
  `PositionPrefix` tinyint(4),
  `PrefixText` varchar(30),
  `Amount` decimal(40,4),
  `TotalPrice` decimal(40,4),
  `TotalRetailPrice` decimal(40,4),
  `SalePrice` decimal(40,4),
  `MemberDiscount` decimal(40,4),
  `StaffDiscount` decimal(40,4),
  `CouponDiscount` decimal(40,4),
  `VoucherDiscount` decimal(40,4),
  `OtherPercentDiscount` decimal(40,4),
  `EachProductOtherDiscount` decimal(40,4),
  `PricePromotionDiscount` decimal(40,4)
) ENGINE=MyISAM */;
SET character_set_client = @saved_cs_client;

--
-- Temporary table structure for view `summary_productreportall`
--

DROP TABLE IF EXISTS `summary_productreportall`;
/*!50001 DROP VIEW IF EXISTS `summary_productreportall`*/;
SET @saved_cs_client     = @@character_set_client;
SET character_set_client = utf8;
/*!50001 CREATE TABLE `summary_productreportall` (
  `SaleDate` date,
  `ProductLinkID` int(11),
  `TransactionStatusID` smallint(6),
  `OtherFoodName` varchar(50),
  `OrderStatusID` smallint(6),
  `ProductSetType` int(11),
  `VATType` tinyint(4),
  `DocType` int(11),
  `ProductID` int(11),
  `ProductCode` varchar(50),
  `ProductName` varchar(100),
  `ProductName1` varchar(100),
  `ProductDesp` varchar(255),
  `ProductDeptName` varchar(50),
  `ProductGroupName` varchar(50),
  `ProductGroupCode` varchar(50),
  `ProductDeptCode` varchar(50),
  `GroupOrdering` int(11),
  `DeptOrdering` int(11),
  `SaleMode` tinyint(4),
  `SaleModeName` varchar(100),
  `PositionPrefix` tinyint(4),
  `PrefixText` varchar(30),
  `Amount` decimal(62,4),
  `TotalPrice` decimal(62,4),
  `TotalRetailPrice` decimal(62,4),
  `SalePrice` decimal(62,4),
  `MemberDiscount` decimal(62,4),
  `StaffDiscount` decimal(62,4),
  `CouponDiscount` decimal(62,4),
  `VoucherDiscount` decimal(62,4),
  `OtherPercentDiscount` decimal(62,4),
  `EachProductOtherDiscount` decimal(62,4),
  `PricePromotionDiscount` decimal(62,4)
) ENGINE=MyISAM */;
SET character_set_client = @saved_cs_client;

--
-- Temporary table structure for view `summary_promotiondiscountsummary`
--

DROP TABLE IF EXISTS `summary_promotiondiscountsummary`;
/*!50001 DROP VIEW IF EXISTS `summary_promotiondiscountsummary`*/;
SET @saved_cs_client     = @@character_set_client;
SET character_set_client = utf8;
/*!50001 CREATE TABLE `summary_promotiondiscountsummary` (
  `ShopID` int(11),
  `SaleDate` date,
  `PromotionID` int(11),
  `ProductID` int(11),
  `ProductCode` varchar(50),
  `ProductName` varchar(100),
  `Amount` decimal(40,4),
  `PricePerUnit` decimal(18,4),
  `Discount` decimal(41,4),
  `TotalCoupon` decimal(41,0),
  `ProductSetType` int(11)
) ENGINE=MyISAM */;
SET character_set_client = @saved_cs_client;

--
-- Temporary table structure for view `summary_promotionreport`
--

DROP TABLE IF EXISTS `summary_promotionreport`;
/*!50001 DROP VIEW IF EXISTS `summary_promotionreport`*/;
SET @saved_cs_client     = @@character_set_client;
SET character_set_client = utf8;
/*!50001 CREATE TABLE `summary_promotionreport` (
  `ShopID` int(11),
  `SaleDate` date,
  `PromotionID` int(11),
  `PromotionName` varchar(100),
  `TotalDiscount` decimal(40,4),
  `PriceAfterDiscount` decimal(40,4)
) ENGINE=MyISAM */;
SET character_set_client = @saved_cs_client;

--
-- Temporary table structure for view `summary_promotionreport2`
--

DROP TABLE IF EXISTS `summary_promotionreport2`;
/*!50001 DROP VIEW IF EXISTS `summary_promotionreport2`*/;
SET @saved_cs_client     = @@character_set_client;
SET character_set_client = utf8;
/*!50001 CREATE TABLE `summary_promotionreport2` (
  `ShopID` int(11),
  `SaleDate` date,
  `PromotionID` int(11),
  `PromotionName` varchar(100),
  `TotalDiscount` decimal(40,4),
  `PriceAfterDiscount` decimal(40,4),
  `TotalBill` bigint(21)
) ENGINE=MyISAM */;
SET character_set_client = @saved_cs_client;

--
-- Temporary table structure for view `summary_salehourlyproduct`
--

DROP TABLE IF EXISTS `summary_salehourlyproduct`;
/*!50001 DROP VIEW IF EXISTS `summary_salehourlyproduct`*/;
SET @saved_cs_client     = @@character_set_client;
SET character_set_client = utf8;
/*!50001 CREATE TABLE `summary_salehourlyproduct` (
  `Hourly` int(2),
  `SaleDate` date,
  `ShopID` int(11),
  `ShopCode` varchar(10),
  `ShopName` varchar(50),
  `ProductLinkID` int(11),
  `TransactionStatusID` smallint(6),
  `OtherFoodName` varchar(50),
  `OrderStatusID` smallint(6),
  `ProductSetType` int(11),
  `VATType` tinyint(4),
  `DocType` int(11),
  `ProductID` int(11),
  `ProductCode` varchar(50),
  `ProductBarCode` varchar(50),
  `ProductName` varchar(100),
  `ProductName1` varchar(100),
  `ProductDesp` varchar(255),
  `ProductDeptName` varchar(50),
  `ProductGroupName` varchar(50),
  `ProductGroupCode` varchar(50),
  `ProductDeptCode` varchar(50),
  `GroupOrdering` int(11),
  `DeptOrdering` int(11),
  `SaleMode` tinyint(4),
  `SaleModeName` varchar(100),
  `PositionPrefix` tinyint(4),
  `PrefixText` varchar(30),
  `Amount` decimal(40,4),
  `TotalPrice` decimal(40,4),
  `TotalRetailPrice` decimal(40,4),
  `SalePrice` decimal(40,4)
) ENGINE=MyISAM */;
SET character_set_client = @saved_cs_client;

--
-- Temporary table structure for view `summary_tranreport`
--

DROP TABLE IF EXISTS `summary_tranreport`;
/*!50001 DROP VIEW IF EXISTS `summary_tranreport`*/;
SET @saved_cs_client     = @@character_set_client;
SET character_set_client = utf8;
/*!50001 CREATE TABLE `summary_tranreport` (
  `ShopID` int(11),
  `ShopCode` varchar(10),
  `ShopName` varchar(50),
  `ShopOrdering` int(11),
  `SaleDate` date,
  `DocType` int(11),
  `TransactionStatusID` smallint(6),
  `TotalBill` bigint(21),
  `TotalCustomer` decimal(27,0),
  `TransactionVATable` decimal(40,4),
  `TransactionVAT` decimal(40,6),
  `TransactionExcludeVAT` decimal(40,4),
  `ServiceCharge` decimal(40,4),
  `ServiceChargeVAT` decimal(40,4),
  `ReceiptTotalAmount` decimal(40,4),
  `TotalDiscount` decimal(40,4),
  `SalePrice` decimal(41,4),
  `TotalRetailPrice` decimal(40,4),
  `OtherIncome` decimal(40,4),
  `OtherIncomeVAT` decimal(40,4)
) ENGINE=MyISAM */;
SET character_set_client = @saved_cs_client;

--
-- Temporary table structure for view `summary_transalemodereport`
--

DROP TABLE IF EXISTS `summary_transalemodereport`;
/*!50001 DROP VIEW IF EXISTS `summary_transalemodereport`*/;
SET @saved_cs_client     = @@character_set_client;
SET character_set_client = utf8;
/*!50001 CREATE TABLE `summary_transalemodereport` (
  `SaleMode` tinyint(4),
  `SaleModeName` varchar(100),
  `ShopID` int(11),
  `ShopCode` varchar(10),
  `ShopName` varchar(50),
  `ShopOrdering` int(11),
  `SaleDate` date,
  `DocType` int(11),
  `TransactionStatusID` smallint(6),
  `TotalBill` bigint(21),
  `TotalCustomer` decimal(27,0),
  `TransactionVATable` decimal(40,4),
  `TransactionVAT` decimal(40,6),
  `TransactionExcludeVAT` decimal(40,4),
  `ServiceCharge` decimal(40,4),
  `ServiceChargeVAT` decimal(40,4),
  `ReceiptTotalAmount` decimal(40,4),
  `TotalDiscount` decimal(40,4),
  `SalePrice` decimal(41,4),
  `TotalRetailPrice` decimal(40,4),
  `OtherIncome` decimal(40,4),
  `OtherIncomeVAT` decimal(40,4)
) ENGINE=MyISAM */;
SET character_set_client = @saved_cs_client;

--
-- Table structure for table `summarypaymentbydate`
--

DROP TABLE IF EXISTS `summarypaymentbydate`;
/*!40101 SET @saved_cs_client     = @@character_set_client */;
/*!40101 SET character_set_client = utf8 */;
CREATE TABLE `summarypaymentbydate` (
  `ProductLevelID` int(11) NOT NULL DEFAULT '0',
  `SaleDate` datetime NOT NULL DEFAULT '0000-00-00 00:00:00',
  `PayTypeID` int(11) NOT NULL DEFAULT '0',
  `Amount` decimal(18,4) NOT NULL DEFAULT '0.0000',
  PRIMARY KEY (`ProductLevelID`,`SaleDate`,`PayTypeID`)
) ENGINE=InnoDB DEFAULT CHARSET=utf8;
/*!40101 SET character_set_client = @saved_cs_client */;

--
-- Dumping data for table `summarypaymentbydate`
--

LOCK TABLES `summarypaymentbydate` WRITE;
/*!40000 ALTER TABLE `summarypaymentbydate` DISABLE KEYS */;
/*!40000 ALTER TABLE `summarypaymentbydate` ENABLE KEYS */;
UNLOCK TABLES;

--
-- Table structure for table `summarysalebydate`
--

DROP TABLE IF EXISTS `summarysalebydate`;
/*!40101 SET @saved_cs_client     = @@character_set_client */;
/*!40101 SET character_set_client = utf8 */;
CREATE TABLE `summarysalebydate` (
  `ProductLevelID` int(11) NOT NULL DEFAULT '0',
  `SaleDate` datetime NOT NULL DEFAULT '0000-00-00 00:00:00',
  `TotalPrice` decimal(18,4) NOT NULL DEFAULT '0.0000',
  `SalePrice` decimal(18,4) NOT NULL DEFAULT '0.0000',
  `ExcludeVAT` decimal(18,4) NOT NULL DEFAULT '0.0000',
  `ServiceCharge` decimal(18,4) NOT NULL DEFAULT '0.0000',
  `ServiceChargeVAT` decimal(18,4) NOT NULL DEFAULT '0.0000',
  `OtherIncome` decimal(18,4) NOT NULL DEFAULT '0.0000',
  `OtherIncomeVAT` decimal(18,4) NOT NULL DEFAULT '0.0000',
  `TransactionVAT` decimal(18,4) NOT NULL DEFAULT '0.0000',
  `TransactionVATable` decimal(18,4) NOT NULL DEFAULT '0.0000',
  `UpdateDate` datetime DEFAULT NULL,
  PRIMARY KEY (`ProductLevelID`,`SaleDate`)
) ENGINE=InnoDB DEFAULT CHARSET=utf8;
/*!40101 SET character_set_client = @saved_cs_client */;

--
-- Dumping data for table `summarysalebydate`
--

LOCK TABLES `summarysalebydate` WRITE;
/*!40000 ALTER TABLE `summarysalebydate` DISABLE KEYS */;
/*!40000 ALTER TABLE `summarysalebydate` ENABLE KEYS */;
UNLOCK TABLES;

--
-- Table structure for table `syncdataforexport`
--

DROP TABLE IF EXISTS `syncdataforexport`;
/*!40101 SET @saved_cs_client     = @@character_set_client */;
/*!40101 SET character_set_client = utf8 */;
CREATE TABLE `syncdataforexport` (
  `ExportID` varchar(15) NOT NULL DEFAULT '',
  `SyncID` int(11) NOT NULL DEFAULT '0',
  `ProductLevelID` int(11) NOT NULL DEFAULT '0',
  `SyncType` tinyint(4) NOT NULL DEFAULT '0',
  PRIMARY KEY (`ExportID`,`SyncID`,`ProductLevelID`),
  KEY `SyncID` (`SyncID`,`ProductLevelID`)
) ENGINE=InnoDB DEFAULT CHARSET=utf8;
/*!40101 SET character_set_client = @saved_cs_client */;

--
-- Dumping data for table `syncdataforexport`
--

LOCK TABLES `syncdataforexport` WRITE;
/*!40000 ALTER TABLE `syncdataforexport` DISABLE KEYS */;
/*!40000 ALTER TABLE `syncdataforexport` ENABLE KEYS */;
UNLOCK TABLES;

--
-- Table structure for table `syncdatalog`
--

DROP TABLE IF EXISTS `syncdatalog`;
/*!40101 SET @saved_cs_client     = @@character_set_client */;
/*!40101 SET character_set_client = utf8 */;
CREATE TABLE `syncdatalog` (
  `SyncID` int(11) NOT NULL AUTO_INCREMENT,
  `ProductLevelID` int(11) NOT NULL DEFAULT '0',
  `SyncType` tinyint(4) NOT NULL DEFAULT '0',
  `SyncTime` datetime DEFAULT NULL,
  `SyncSuccess` tinyint(4) NOT NULL DEFAULT '0',
  `KeyID1` int(11) NOT NULL DEFAULT '0',
  `KeyID2` int(11) NOT NULL DEFAULT '0',
  `KeyID3` int(11) NOT NULL DEFAULT '0',
  `KeyID4` int(11) NOT NULL DEFAULT '0',
  `KeyText` varchar(50) DEFAULT NULL,
  `SyncNote` varchar(255) DEFAULT NULL,
  `InsertDate` datetime DEFAULT NULL,
  `UpdateDate` datetime DEFAULT NULL,
  PRIMARY KEY (`SyncID`,`ProductLevelID`)
) ENGINE=InnoDB DEFAULT CHARSET=utf8;
/*!40101 SET character_set_client = @saved_cs_client */;

--
-- Dumping data for table `syncdatalog`
--

LOCK TABLES `syncdatalog` WRITE;
/*!40000 ALTER TABLE `syncdatalog` DISABLE KEYS */;
/*!40000 ALTER TABLE `syncdatalog` ENABLE KEYS */;
UNLOCK TABLES;

--
-- Table structure for table `syncdatalogfront`
--

DROP TABLE IF EXISTS `syncdatalogfront`;
/*!40101 SET @saved_cs_client     = @@character_set_client */;
/*!40101 SET character_set_client = utf8 */;
CREATE TABLE `syncdatalogfront` (
  `SyncID` int(11) NOT NULL AUTO_INCREMENT,
  `ProductLevelID` int(11) NOT NULL DEFAULT '0',
  `SyncType` tinyint(4) NOT NULL DEFAULT '0',
  `SyncTime` datetime DEFAULT NULL,
  `SyncSuccess` tinyint(4) NOT NULL DEFAULT '0',
  `KeyID1` int(11) NOT NULL DEFAULT '0',
  `KeyID2` int(11) NOT NULL DEFAULT '0',
  `KeyID3` int(11) NOT NULL DEFAULT '0',
  `KeyID4` int(11) NOT NULL DEFAULT '0',
  `KeyText` varchar(50) DEFAULT NULL,
  `SyncNote` varchar(255) DEFAULT NULL,
  `InsertDate` datetime DEFAULT NULL,
  `UpdateDate` datetime DEFAULT NULL,
  PRIMARY KEY (`SyncID`,`ProductLevelID`)
) ENGINE=InnoDB DEFAULT CHARSET=utf8;
/*!40101 SET character_set_client = @saved_cs_client */;

--
-- Dumping data for table `syncdatalogfront`
--

LOCK TABLES `syncdatalogfront` WRITE;
/*!40000 ALTER TABLE `syncdatalogfront` DISABLE KEYS */;
/*!40000 ALTER TABLE `syncdatalogfront` ENABLE KEYS */;
UNLOCK TABLES;

--
-- Table structure for table `syncdatatype`
--

DROP TABLE IF EXISTS `syncdatatype`;
/*!40101 SET @saved_cs_client     = @@character_set_client */;
/*!40101 SET character_set_client = utf8 */;
CREATE TABLE `syncdatatype` (
  `SyncType` tinyint(4) NOT NULL DEFAULT '0',
  `Description` varchar(100) DEFAULT NULL,
  PRIMARY KEY (`SyncType`)
) ENGINE=InnoDB DEFAULT CHARSET=utf8;
/*!40101 SET character_set_client = @saved_cs_client */;

--
-- Dumping data for table `syncdatatype`
--

LOCK TABLES `syncdatatype` WRITE;
/*!40000 ALTER TABLE `syncdatatype` DISABLE KEYS */;
INSERT INTO `syncdatatype` VALUES (1,'Activate Member'),(2,'Update Member Detail'),(3,'RewardPointHistory'),(4,'Update Status Coupon/ Voucher');
/*!40000 ALTER TABLE `syncdatatype` ENABLE KEYS */;
UNLOCK TABLES;

--
-- Table structure for table `systemedition`
--

DROP TABLE IF EXISTS `systemedition`;
/*!40101 SET @saved_cs_client     = @@character_set_client */;
/*!40101 SET character_set_client = utf8 */;
CREATE TABLE `systemedition` (
  `SystemEditionID` tinyint(4) NOT NULL DEFAULT '0',
  `SystemEditionDesp` varchar(100) DEFAULT NULL,
  PRIMARY KEY (`SystemEditionID`)
) ENGINE=InnoDB DEFAULT CHARSET=utf8;
/*!40101 SET character_set_client = @saved_cs_client */;

--
-- Dumping data for table `systemedition`
--

LOCK TABLES `systemedition` WRITE;
/*!40000 ALTER TABLE `systemedition` DISABLE KEYS */;
INSERT INTO `systemedition` VALUES (1,'Standard Edition'),(2,'Professional Edition'),(3,'Enterprise Edition');
/*!40000 ALTER TABLE `systemedition` ENABLE KEYS */;
UNLOCK TABLES;

--
-- Table structure for table `systemmodule`
--

DROP TABLE IF EXISTS `systemmodule`;
/*!40101 SET @saved_cs_client     = @@character_set_client */;
/*!40101 SET character_set_client = utf8 */;
CREATE TABLE `systemmodule` (
  `SystemModuleID` int(11) NOT NULL DEFAULT '0',
  `SystemModuleDesp` varchar(255) DEFAULT NULL,
  `ShopTypeList` varchar(255) DEFAULT NULL,
  `Ordering` smallint(6) NOT NULL DEFAULT '0',
  PRIMARY KEY (`SystemModuleID`)
) ENGINE=InnoDB DEFAULT CHARSET=utf8;
/*!40101 SET character_set_client = @saved_cs_client */;

--
-- Dumping data for table `systemmodule`
--

LOCK TABLES `systemmodule` WRITE;
/*!40000 ALTER TABLE `systemmodule` DISABLE KEYS */;
INSERT INTO `systemmodule` VALUES (1,'Smart Card Feature','0,1,2,3,4',10),(2,'Prepaid Feature','0,1,2,3,4',20),(3,'Pocket PC Feature','0,1,2,3,4',30),(4,'Finger Print Feature','0,1,2,3,4',40),(5,'Queuing Feature','0,1,2,3,4',50),(6,'Multi Branch Feature','0,1,2,3,4',60),(7,'Printing Feature','0,1,2,3,4',70),(8,'Inventory Feature','0,1,2,3,4',70),(9,'Cash Out Feature','0,1,2,3,4',90);
/*!40000 ALTER TABLE `systemmodule` ENABLE KEYS */;
UNLOCK TABLES;

--
-- Table structure for table `systemtype`
--

DROP TABLE IF EXISTS `systemtype`;
/*!40101 SET @saved_cs_client     = @@character_set_client */;
/*!40101 SET character_set_client = utf8 */;
CREATE TABLE `systemtype` (
  `SystemTypeID` tinyint(4) NOT NULL DEFAULT '0',
  `SystemTypeDesp` varchar(100) DEFAULT NULL,
  PRIMARY KEY (`SystemTypeID`)
) ENGINE=InnoDB DEFAULT CHARSET=utf8;
/*!40101 SET character_set_client = @saved_cs_client */;

--
-- Dumping data for table `systemtype`
--

LOCK TABLES `systemtype` WRITE;
/*!40000 ALTER TABLE `systemtype` DISABLE KEYS */;
INSERT INTO `systemtype` VALUES (0,'All'),(1,'Restaurant Table'),(2,'Restaurant Fast Food'),(3,'Spa'),(4,'Retail');
/*!40000 ALTER TABLE `systemtype` ENABLE KEYS */;
UNLOCK TABLES;

--
-- Table structure for table `tablebarcodeforordermapping`
--

DROP TABLE IF EXISTS `tablebarcodeforordermapping`;
/*!40101 SET @saved_cs_client     = @@character_set_client */;
/*!40101 SET character_set_client = utf8 */;
CREATE TABLE `tablebarcodeforordermapping` (
  `TableBarCodeID` int(11) NOT NULL DEFAULT '0',
  `TableID` int(11) NOT NULL DEFAULT '0',
  `TableBarCode` varchar(20) DEFAULT NULL,
  `MaximumNoOfOrderInProcess` tinyint(4) NOT NULL DEFAULT '0',
  `Deleted` tinyint(4) NOT NULL DEFAULT '0',
  PRIMARY KEY (`TableBarCodeID`,`TableID`)
) ENGINE=InnoDB DEFAULT CHARSET=utf8;
/*!40101 SET character_set_client = @saved_cs_client */;

--
-- Dumping data for table `tablebarcodeforordermapping`
--

LOCK TABLES `tablebarcodeforordermapping` WRITE;
/*!40000 ALTER TABLE `tablebarcodeforordermapping` DISABLE KEYS */;
/*!40000 ALTER TABLE `tablebarcodeforordermapping` ENABLE KEYS */;
UNLOCK TABLES;

--
-- Table structure for table `tablebarcodefororderproperty`
--

DROP TABLE IF EXISTS `tablebarcodefororderproperty`;
/*!40101 SET @saved_cs_client     = @@character_set_client */;
/*!40101 SET character_set_client = utf8 */;
CREATE TABLE `tablebarcodefororderproperty` (
  `ProductLevelID` int(11) NOT NULL DEFAULT '0',
  `MaximumNoOfOrderInProcess` tinyint(4) NOT NULL DEFAULT '0',
  PRIMARY KEY (`ProductLevelID`)
) ENGINE=InnoDB DEFAULT CHARSET=utf8;
/*!40101 SET character_set_client = @saved_cs_client */;

--
-- Dumping data for table `tablebarcodefororderproperty`
--

LOCK TABLES `tablebarcodefororderproperty` WRITE;
/*!40000 ALTER TABLE `tablebarcodefororderproperty` DISABLE KEYS */;
/*!40000 ALTER TABLE `tablebarcodefororderproperty` ENABLE KEYS */;
UNLOCK TABLES;

--
-- Table structure for table `tablenameformanagedata`
--

DROP TABLE IF EXISTS `tablenameformanagedata`;
/*!40101 SET @saved_cs_client     = @@character_set_client */;
/*!40101 SET character_set_client = utf8 */;
CREATE TABLE `tablenameformanagedata` (
  `TableName` varchar(200) NOT NULL,
  `UpdateDate` date DEFAULT NULL,
  PRIMARY KEY (`TableName`)
) ENGINE=InnoDB DEFAULT CHARSET=tis620;
/*!40101 SET character_set_client = @saved_cs_client */;

--
-- Dumping data for table `tablenameformanagedata`
--

LOCK TABLES `tablenameformanagedata` WRITE;
/*!40000 ALTER TABLE `tablenameformanagedata` DISABLE KEYS */;
INSERT INTO `tablenameformanagedata` VALUES ('accountdata','2013-05-21'),('adjustdocumenttypereference','2013-05-21'),('bankname','2013-05-21'),('budgetproduct','2013-05-21'),('budgetproductdept','2013-05-21'),('budgetproductgroup','2013-05-21'),('buffetchangetimehistory','2013-05-21'),('buffetfeaturetype','2013-05-21'),('cashinouttype','2013-05-21'),('cashoutorderdetail','2013-05-21'),('cashoutordertransaction','2013-05-21'),('cashoutproductdept','2013-05-21'),('cashoutproducts','2013-05-21'),('changereturnorderdetaillink','2013-05-21'),('changereturntransactionlink','2013-05-21'),('checkeraccessprinter','2013-05-21'),('checkertype','2013-05-21'),('coderesettype','2013-05-21'),('codesettingtype','2013-05-21'),('commcompensate_temp','2013-05-21'),('commission','2013-05-21'),('commissionlevels','2013-05-21'),('commissionminimum','2013-05-21'),('commissionproducts','2013-05-21'),('commissionproducts_temp','2013-05-21'),('commissionsalestaff','2013-05-21'),('commissionsalestafffront','2013-05-21'),('commissionstaff','2013-05-21'),('commissiontype','2013-05-21'),('commreports','2013-05-21'),('commreports_temp','2013-05-21'),('commsummary','2013-05-21'),('companyprofile','2013-05-21'),('computeraccess','2013-05-21'),('computeraccesstable','2013-05-21'),('computername','2013-05-21'),('creditcardtype','2013-05-21'),('currentmaterial22','2013-05-21'),('dailystockmaterial','2013-05-21'),('daytable','2013-05-21'),('department','2013-05-21'),('depositbank','2013-05-21'),('depositordercommentdetaillink','2013-05-21'),('depositshopbank','2013-05-21'),('deposittransaction','2013-05-21'),('deposittransactionstatus','2013-05-21'),('discountbutton','2013-05-21'),('discountpriority','2013-05-21'),('discounttype','2013-05-21'),('displayadvisionorderdetail','2013-05-21'),('displayadvisionsummarydetail','2013-05-21'),('displaylistmemberdescription','2013-05-21'),('docdetail','2013-05-21'),('docdetailtemp','2013-05-21'),('document','2013-05-21'),('documentaverage','2013-05-21'),('documentbatch','2013-05-21'),('documentbatchlink','2013-05-21'),('documentbatchsummarymaterialbyshop','2013-05-21'),('documentcreatepofrombatchsetting','2013-05-21'),('documentformdescription','2013-05-21'),('documentmultiplelink','2013-05-21'),('documentrequestgroupsetting','2013-05-21'),('documentrequestinventorygroupsetting','2013-05-21'),('documentstatus','2013-05-21'),('documentstockcountrequestsetting','2013-05-21'),('documenttemplate','2013-05-21'),('documenttemplatedetail','2013-05-21'),('documenttemplatesetting','2013-05-21'),('documenttemplateshoplink','2013-05-21'),('documenttype','2013-05-21'),('documenttypegroup','2013-05-21'),('documenttypegroupvalue','2013-05-21'),('documenttypeproperty','2013-05-21'),('documenttypetransfergroupproperty','2013-05-21'),('documentusedefaultpricetype','2013-05-21'),('dummy_stdcost','2013-05-21'),('dummycosttable_2013514234314203','2013-05-21'),('dummydeptordering_2011103145929279','2013-05-21'),('dummydeptordering_201110315040529','2013-05-21'),('dummydeptordering_20111031545850','2013-05-21'),('dummydeptordering_201112289154602','2013-05-21'),('dummydeptordering_2011122891712553','2013-05-21'),('dummydeptordering_2011122891952797','2013-05-21'),('dummydeptordering_2013514234314203','2013-05-21'),('dummydocumenttype','2013-05-21'),('dummydocumenttypethai','2013-05-21'),('dummygroupordering_2013514234314203','2013-05-21'),('dummymaterialcosttable_std','2013-05-21'),('dummymaterialcosttableallstock_std','2013-05-21'),('dummyotherfood','2013-05-21'),('dummypayment','2013-05-21'),('dummysalereport','2013-05-21'),('edc_mappingbankdetail','2013-05-21'),('edc_paymentinfo','2013-05-21'),('edc_typename','2013-05-21'),('edc_voidtransaction','2013-05-21'),('eprintfulltaxinvoicedetail','2013-05-21'),('eprintreceiptdetail','2013-05-21'),('eprintreceiptdetailfonttype','2013-05-21'),('eprintreceiptdetailprinttime','2013-05-21'),('eprintreceiptlinetypedescription','2013-05-21'),('eprintreceipttransactiondetail','2013-05-21'),('eprintreceipttypedescription','2013-05-21'),('errorlog','2013-05-21'),('expense','2013-05-21'),('expensecategory','2013-05-21'),('expensedata','2013-05-21'),('expensegroupname','2013-05-21'),('expenselink','2013-05-21'),('expensematerial','2013-05-21'),('expenseproduct','2013-05-21'),('expenseshopdata','2013-05-21'),('favoriteproductcomputerdescription','2013-05-21'),('favoriteproductpageindex','2013-05-21'),('favoriteproducts','2013-05-21'),('feedcategory','2013-05-21'),('feedcontent','2013-05-21'),('feedlink','2013-05-21'),('feedproperty','2013-05-21'),('feedsection','2013-05-21'),('fingerprintdetailmember','2013-05-21'),('fingerprintdetailstaff','2013-05-21'),('fingerprintmanualverifymember','2013-05-21'),('fingerprintproperty','2013-05-21'),('flexible_2013514234314203','2013-05-21'),('freeproductinpackage','2013-05-21'),('frontconfigsetting','2013-05-21'),('frontfunctiondescription','2013-05-21'),('frontfunctiondescriptiongroup','2013-05-21'),('historygroup','2013-05-21'),('historyofchangedetailsubmitorder','2013-05-21'),('historyofchangepromotiondetail','2013-05-21'),('historyofcreatecouponvoucher','2013-05-21'),('historyofcreatecouponvoucherfromdescription','2013-05-21'),('historyofcreatetransactionfromvoidtransaction','2013-05-21'),('historyoffeatureoncomputer','2013-05-21'),('historyofmoveorderdetail','2013-05-21'),('historyofmovetable','2013-05-21'),('historyofprintbilldetail','2013-05-21'),('historyofprintcashoutbilldetail','2013-05-21'),('historyofreprintorderdetail','2013-05-21'),('historytablenofororder','2013-05-21'),('idrange','2013-05-21'),('idrangetype','2013-05-21'),('importlog','2013-05-21'),('importlogdetail','2013-05-21'),('importlogtype','2013-05-21'),('insertdocdetailfromtextfile3','2013-05-21'),('inventoryview','2013-05-21'),('kdsstatus','2013-05-21'),('kdstransactiondetail','2013-05-21'),('kdstransactiondetailfront','2013-05-21'),('language','2013-05-21'),('liveupdateconfig','2013-05-21'),('liveupdatehistory','2013-05-21'),('liveupdateprogramtype','2013-05-21'),('loyaltymemberinfo','2013-05-21'),('loyaltymerchantproperty','2013-05-21'),('loyaltyresponselog','2013-05-21'),('loyaltyupdatevoucher','2013-05-21'),('magneticcardreadersetting','2013-05-21'),('magneticcardreadertype','2013-05-21'),('mappingsessiondatagroupcode','2013-05-21'),('mappingsessiondatagroupcodetype','2013-05-21'),('mappingsuppliermaterialcode','2013-05-21'),('materialbarcodereadingsetting','2013-05-21'),('materialcomponent','2013-05-21'),('materialcostgroup','2013-05-21'),('materialcostgrouplinkinventory','2013-05-21'),('materialcosttable','2013-05-21'),('materialdataoverwrite','2013-05-21'),('materialdefaultprice','2013-05-21'),('materialdept','2013-05-21'),('materialdeptforviewfrontsalestock','2013-05-21'),('materialdocumenttypeselectsetting','2013-05-21'),('materialdocumenttypeselectsettinggroup','2013-05-21'),('materialdocumenttypeselectsettingshop','2013-05-21'),('materialdocumenttypeunitsetting','2013-05-21'),('materialdocumenttypeunitsettinggroup','2013-05-21'),('materialdocumenttypeunitsettingshop','2013-05-21'),('materialgroup','2013-05-21'),('materialgroupsettingstockcountamount','2013-05-21'),('materialgrouptype','2013-05-21'),('materiallastorderamount','2013-05-21'),('materiallevel','2013-05-21'),('materialprice','2013-05-21'),('materials','2013-05-21'),('materialtransferpricegroup','2013-05-21'),('materialtransferpricegrouplinkinventory','2013-05-21'),('materialtransferpricetable','2013-05-21'),('materialtype','2013-05-21'),('materialunitforimportexportdata','2013-05-21'),('maxcheckerordernumber','2013-05-21'),('maxdocumentid','2013-05-21'),('maxdocumentnumber','2013-05-21'),('maxmembercode','2013-05-21'),('maxorderprocessid','2013-05-21'),('maxrecordordertransactionid','2013-05-21'),('maxrewardpointhistoryid','2013-05-21'),('maxsaledocumentdetailid','2013-05-21'),('maxtransactionno','2013-05-21'),('maxtransactionreceiptid','2013-05-21'),('mediaplayer','2013-05-21'),('mediashoplink','2013-05-21'),('memberdepartment','2013-05-21'),('memberfrontadddata','2013-05-21'),('memberfrontudd','2013-05-21'),('membergroup','2013-05-21'),('membergroupaccess','2013-05-21'),('memberloyaltyinfo','2013-05-21'),('members','2013-05-21'),('membersalehistory','2013-05-21'),('membersearchcolumn','2013-05-21'),('membertopsaleproduct','2013-05-21'),('menucomment','2013-05-21'),('menudept','2013-05-21'),('menugroup','2013-05-21'),('menuitem','2013-05-21'),('moneycardhistory','2013-05-21'),('moneycardinfo','2013-05-21'),('moneycardproductpageindex','2013-05-21'),('moneycardproducts','2013-05-21'),('monthlyproductsale','2013-05-21'),('monthlyproductsalelog','2013-05-21'),('monthlystockmaterial','2013-05-21'),('orderbookrecord','2013-05-21'),('orderbookrecordfront','2013-05-21'),('ordercommentdetail','2013-05-21'),('ordercommentlinkfront','2013-05-21'),('ordercommentwithpricedetail','2013-05-21'),('ordercommissiondetail','2013-05-21'),('ordercreatecouponvoucher','2013-05-21'),('ordercreatecouponvoucherfront','2013-05-21'),('orderdetail','2013-05-21'),('orderdetailfront','2013-05-21'),('orderdetailpricecalculatetemp','2013-05-21'),('orderdetailpriceotherdiscounttemp','2013-05-21'),('orderdiscountdetail','2013-05-21'),('orderdiscountdetailfront','2013-05-21'),('orderfulltaxinvoicelink','2013-05-21'),('orderfulltaxinvoicelinktemp','2013-05-21'),('orderingprintbilldetailtype','2013-05-21'),('ordernbonuspromotionrecordtemp','2013-05-21'),('orderprinterdetailtemp','2013-05-21'),('orderprintnorecord','2013-05-21'),('orderprintnorecordfront','2013-05-21'),('orderprintstatus','2013-05-21'),('orderprocessdetail','2013-05-21'),('orderprocessdetailfront','2013-05-21'),('orderprocessstatus','2013-05-21'),('orderproductlinkdetail','2013-05-21'),('orderproductsetlinkdetailfront','2013-05-21'),('orderpromotiondiscountdetail','2013-05-21'),('orderpromotiondiscountdetailfront','2013-05-21'),('orderreturnproductlinktemp','2013-05-21'),('orderselectpromotiontemp','2013-05-21'),('orderspaproductsetlinkdetail','2013-05-21'),('orderstaffdetail','2013-05-21'),('orderstaffdetailfront','2013-05-21'),('orderstatus','2013-05-21'),('ordertransaction','2013-05-21'),('ordertransactionaddressdetail','2013-05-21'),('ordertransactioncreditcarddetailtemp','2013-05-21'),('ordertransactiondeliverydetail','2013-05-21'),('ordertransactiondeliverydetailfront','2013-05-21'),('ordertransactionendbilldetail','2013-05-21'),('ordertransactionendbilldetailfront','2013-05-21'),('ordertransactionfront','2013-05-21'),('ordertransactionfulltaxinvoice','2013-05-21'),('ordertransactionfulltaxinvoicetemp','2013-05-21'),('ordertransactionstatus','2013-05-21'),('ordertransactionsummarytemp','2013-05-21'),('orderunselectcomponent','2013-05-21'),('outofstockproduct','2013-05-21'),('packagedetail','2013-05-21'),('packagedetailtemp','2013-05-21'),('packagefreeproducthistory','2013-05-21'),('packagefreeproducthistorytemp','2013-05-21'),('packagehistory','2013-05-21'),('packagehistoryrecord','2013-05-21'),('packagehistorytemp','2013-05-21'),('packagesessioncomponent','2013-05-21'),('packagesessionproductdetail','2013-05-21'),('paybycreditmoney','2013-05-21'),('paybyvoucher','2013-05-21'),('paybyvoucherfront','2013-05-21'),('paydetail','2013-05-21'),('paydetailfront','2013-05-21'),('paymentamountbutton','2013-05-21'),('paymenttypematerialdocument','2013-05-21'),('paytype','2013-05-21'),('paytypegroup','2013-05-21'),('pcomponentgroup','2013-05-21'),('pcomponentgroupoverwrite','2013-05-21'),('permissioncategory','2013-05-21'),('permissioncategoryname','2013-05-21'),('permissionfavorites','2013-05-21'),('permissionfeatureinfo','2013-05-21'),('permissiongroup','2013-05-21'),('permissiongroupname','2013-05-21'),('permissionitem','2013-05-21'),('permissionitemname','2013-05-21'),('picktransactiondetail','2013-05-21'),('picktransactionexcludeproductsetting','2013-05-21'),('picktransactionhistory','2013-05-21'),('picktransactionmaxreceiptid','2013-05-21'),('picktransactionpaydetail','2013-05-21'),('picktransactionpaymentsetting','2013-05-21'),('precashbranch','2013-05-21'),('precashheader','2013-05-21'),('precashlocation','2013-05-21'),('precashoutlet','2013-05-21'),('precashpaymentdetail','2013-05-21'),('precashpaymentdetailfront','2013-05-21'),('precashterminal','2013-05-21'),('prepaidcardhistory','2013-05-21'),('prepaidcardinfo','2013-05-21'),('printerbytablezone','2013-05-21'),('printerbytablezoneforprinttemp','2013-05-21'),('printerdetail','2013-05-21'),('printers','2013-05-21'),('printertypedescription','2013-05-21'),('printjoborderdetail','2013-05-21'),('printjoborderdetailfront','2013-05-21'),('printjoborderlinedetail','2013-05-21'),('printjoborderlinedetailfront','2013-05-21'),('printjoborderprintno','2013-05-21'),('printjoborderrecordlog','2013-05-21'),('printjoborderstatus','2013-05-21'),('productbuffetsetting','2013-05-21'),('productcomponent','2013-05-21'),('productcomponentoverwrite','2013-05-21'),('productcosttable','2013-05-21'),('productdept','2013-05-21'),('productdeptoverwrite','2013-05-21'),('productendbilldetail','2013-05-21'),('productfixcommentdata','2013-05-21'),('productgroup','2013-05-21'),('productgroupbycomputer','2013-05-21'),('productgroupoverwrite','2013-05-21'),('productlevel','2013-05-21'),('productlevellinkproductgroup','2013-05-21'),('productnewgroup','2013-05-21'),('productnewgroupmapping','2013-05-21'),('productnewgrouptype','2013-05-21'),('productnotinrevenuetype','2013-05-21'),('productprice','2013-05-21'),('productpricegroup','2013-05-21'),('productpricegroupdata','2013-05-21'),('productpricegroupdate','2013-05-21'),('productpricegroupshop','2013-05-21'),('productpriceoverwrite','2013-05-21'),('productregion','2013-05-21'),('products','2013-05-21'),('productshopoverwrite','2013-05-21'),('productstocktoinvsetting','2013-05-21'),('productstocktoinvsettingtypedescription','2013-05-21'),('producttargetshop','2013-05-21'),('producttype','2013-05-21'),('producttypename','2013-05-21'),('productupsizedetail','2013-05-21'),('profitlosscalculatetemp','2013-05-21'),('profitlossproductcomponent','2013-05-21'),('programproperty','2013-05-21'),('programpropertykeytypedescription','2013-05-21'),('programpropertyprogramdescription','2013-05-21'),('programpropertyvalue','2013-05-21'),('promoproducts_temp','2013-05-21'),('promotionamounttype','2013-05-21'),('promotionbonusproduct','2013-05-21'),('promotiondiscount','2013-05-21'),('promotiondiscounttype','2013-05-21'),('promotiongroup','2013-05-21'),('promotionlevels','2013-05-21'),('promotionlink','2013-05-21'),('promotionnpromoamounttype','2013-05-21'),('promotionnpromobaseon','2013-05-21'),('promotionpricegroup','2013-05-21'),('promotionproducts','2013-05-21'),('promotionshoplink','2013-05-21'),('property','2013-05-21'),('propertyfunctiongroup','2013-05-21'),('propertyoption','2013-05-21'),('propertytextdesp','2013-05-21'),('provinces','2013-05-21'),('questiondefinedata','2013-05-21'),('questiondefinedatagroup','2013-05-21'),('questiondefinedetail','2013-05-21'),('questiondefineoption','2013-05-21'),('questionshoplink','2013-05-21'),('questionsurveydetail','2013-05-21'),('queuecustomer','2013-05-21'),('queuecustomerfront','2013-05-21'),('queuecustomergroup','2013-05-21'),('queuecustomermaxno','2013-05-21'),('queuecustomerstatus','2013-05-21'),('queueinsertingtype','2013-05-21'),('queueitemppc','2013-05-21'),('queuetypeforselectstaff','2013-05-21'),('queuetypeiiproduct','2013-05-21'),('queuetypeorderstaffby','2013-05-21'),('queuetypereturnstaff','2013-05-21'),('reasonorderdetail','2013-05-21'),('reasontext','2013-05-21'),('reasontextgroup','2013-05-21'),('receiptheaderfooter','2013-05-21'),('receiptheaderfooterdescription','2013-05-21'),('recordorderdetail','2013-05-21'),('recordordertransaction','2013-05-21'),('recordpromotiondetail','2013-05-21'),('redeempointorderdetail','2013-05-21'),('redeempointordertransaction','2013-05-21'),('redeempointproduct','2013-05-21'),('redeempointsetting','2013-05-21'),('redeempointshoplink','2013-05-21'),('redeempointtype','2013-05-21'),('reprintorderheadertext','2013-05-21'),('reservedetail','2013-05-21'),('reservedetailhistory','2013-05-21'),('reservelink','2013-05-21'),('reservelinkhistory','2013-05-21'),('reserveroundtimetable','2013-05-21'),('revenueexpensesummary','2013-05-21'),('revenuepaymentsummary','2013-05-21'),('revenuesummary','2013-05-21'),('rewardpointbaseon','2013-05-21'),('rewardpointcalculatemember','2013-05-21'),('rewardpointcalculatemembercurrentaccess','2013-05-21'),('rewardpointcalculatepointdetail','2013-05-21'),('rewardpointgroup','2013-05-21'),('rewardpointhistory','2013-05-21'),('rewardpointhistorybackup','2013-05-21'),('rewardpointhistorybackuplog','2013-05-21'),('rewardpointproductsetting','2013-05-21'),('rewardpointsetting','2013-05-21'),('rewardpointsettingpricelevel','2013-05-21'),('rewardpointshoplink','2013-05-21'),('rewardpointsummary','2013-05-21'),('rewardpointtype','2013-05-21'),('runningpackagenumbertype','2013-05-21'),('saledocdetailfront','2013-05-21'),('saledocdetailhistory','2013-05-21'),('saledocumentfront','2013-05-21'),('saledocumenthistory','2013-05-21'),('saledocumentsummarylog','2013-05-21'),('salemode','2013-05-21'),('salemodeproduct','2013-05-21'),('salemodeproductlevelproperty','2013-05-21'),('salevoiddocumentorderdetaillink','2013-05-21'),('session','2013-05-21'),('sessionadjustamountinaccount','2013-05-21'),('sessionadjustamountinaccounttype','2013-05-21'),('sessionbankaccountdetail','2013-05-21'),('sessionbankaccountlink','2013-05-21'),('sessioneditopenamount','2013-05-21'),('sessionenddaydetail','2013-05-21'),('shopcategorydata','2013-05-21'),('shopcategoryinfo','2013-05-21'),('shopextdata','2013-05-21'),('shoptype','2013-05-21'),('shoptypefastfoodtabledescription','2013-05-21'),('slotoccupiedstaff','2013-05-21'),('slotoccupiedsubroom','2013-05-21'),('slotorderdetailfront','2013-05-21'),('slotstaffdetailfront','2013-05-21'),('slotsubroomdetailfront','2013-05-21'),('smartcardhistory','2013-05-21'),('smartcardinfo','2013-05-21'),('softwareversion','2013-05-21'),('spaproductroom','2013-05-21'),('spaproductstaff','2013-05-21'),('spaproductstaffnumber','2013-05-21'),('sparoomstaffusetemp','2013-05-21'),('sparoomusetemp','2013-05-21'),('spastaffusetemp','2013-05-21'),('splitorderdetail','2013-05-21'),('splitorderdetailfront','2013-05-21'),('splitordertransaction','2013-05-21'),('splitordertransactionfront','2013-05-21'),('staffaccess','2013-05-21'),('staffloginouttime','2013-05-21'),('staffpermission','2013-05-21'),('staffqueuing','2013-05-21'),('staffqueuinghistory','2013-05-21'),('staffqueuingsetting','2013-05-21'),('staffqueuingtypeii','2013-05-21'),('staffrole','2013-05-21'),('staffroleaccessinventory','2013-05-21'),('staffroleaccessuser','2013-05-21'),('staffroleviewinventory','2013-05-21'),('staffroleviewinventorytype','2013-05-21'),('staffs','2013-05-21'),('staffsessiondetail','2013-05-21'),('staffshopdata','2013-05-21'),('staffworkingsession','2013-05-21'),('stockcountmaterial','2013-05-21'),('stockcountmaterialsetting','2013-05-21'),('stockdetailhistory','2013-05-21'),('stockhistory','2013-05-21'),('stockinventorybyprinter','2013-05-21'),('stockmaterialdeptorderingdf11ktychofdypuojhpw3455','2013-05-21'),('stockmaterialgrouporderingdf11ktychofdypuojhpw3455','2013-05-21'),('stocktype','2013-05-21'),('subroom','2013-05-21'),('summarypaymentbydate','2013-05-21'),('summarysalebydate','2013-05-21'),('systemedition','2013-05-21'),('systemmodule','2013-05-21'),('systemtype','2013-05-21'),('tablenameformanagedata','2013-05-21'),('tableno','2013-05-21'),('tablenofororder','2013-05-21'),('tablestatus','2013-05-21'),('tablezone','2013-05-21'),('temptablename','2013-05-21'),('termofpayment','2013-05-21'),('textparam','2013-05-21'),('textparamcategory','2013-05-21'),('textparamvalue','2013-05-21'),('textusernamebarcodereadingsetting','2013-05-21'),('textusernamebarcodereadingtype','2013-05-21'),('timeslotstaff','2013-05-21'),('timeslotsubroom','2013-05-21'),('transferdataerrorlogforautoexporttohq','2013-05-21'),('transferdataexcepttable','2013-05-21'),('transferdatalog','2013-05-21'),('transferdatalogbatchdetail','2013-05-21'),('transferdatalogforautoexporttohq','2013-05-21'),('transferdatalogforautoexporttohqupdatedate','2013-05-21'),('transferdatalogforcentralize','2013-05-21'),('transferdatatype','2013-05-21'),('transferdatatypefor','2013-05-21'),('transferdatatypegroupsetting','2013-05-21'),('transferdatatypesetting','2013-05-21'),('transfergrouptype','2013-05-21'),('transferlog','2013-05-21'),('transferlogdetail','2013-05-21'),('transferresultcode','2013-05-21'),('transfersaledataerror','2013-05-21'),('transfersaledatafromexcel','2013-05-21'),('transfersaledatafromexceldetail','2013-05-21'),('transfersaledatafromwebservice','2013-05-21'),('uddprop','2013-05-21'),('uddtype','2013-05-21'),('unitlarge','2013-05-21'),('unitratio','2013-05-21'),('unitsmall','2013-05-21'),('updatedatabasebatchdetail','2013-05-21'),('updatedatabaseerrorlog','2013-05-21'),('updatedatabaselog','2013-05-21'),('updatewebservicedatetime','2013-05-21'),('userdefinedata','2013-05-21'),('userdefinedatagroup','2013-05-21'),('userdefinedetail','2013-05-21'),('userdefinedetailfront','2013-05-21'),('userdefineoption','2013-05-21'),('userdefinevalue','2013-05-21'),('vattypedescription','2013-05-21'),('vendorgroup','2013-05-21'),('vendors','2013-05-21'),('vouchercouponautocreateid','2013-05-21'),('voucherdetail','2013-05-21'),('voucherrange','2013-05-21'),('vouchers','2013-05-21'),('weeklystockmaterial','2013-05-21'),('welcomeimage','2013-05-21'),('wirelessordertransaction','2013-05-21'),('wirelessproperty','2013-05-21'),('wirelessusernamepassword','2013-05-21');
/*!40000 ALTER TABLE `tablenameformanagedata` ENABLE KEYS */;
UNLOCK TABLES;

--
-- Table structure for table `tableno`
--

DROP TABLE IF EXISTS `tableno`;
/*!40101 SET @saved_cs_client     = @@character_set_client */;
/*!40101 SET character_set_client = utf8 */;
CREATE TABLE `tableno` (
  `TableID` int(11) NOT NULL DEFAULT '0',
  `ZoneID` int(11) NOT NULL DEFAULT '0',
  `TableNumber` int(11) NOT NULL DEFAULT '0',
  `TableName` varchar(100) DEFAULT NULL,
  `Capacity` tinyint(4) DEFAULT '0',
  `Status` smallint(6) NOT NULL DEFAULT '0',
  `IsDummy` tinyint(4) NOT NULL DEFAULT '0',
  `ParentTableID` int(11) NOT NULL DEFAULT '0',
  `Deleted` tinyint(2) NOT NULL DEFAULT '0',
  `CurrentTransName` varchar(50) DEFAULT NULL,
  `CurrentAccessComputer` int(11) NOT NULL DEFAULT '0',
  PRIMARY KEY (`TableID`)
) ENGINE=InnoDB DEFAULT CHARSET=utf8;
/*!40101 SET character_set_client = @saved_cs_client */;

--
-- Dumping data for table `tableno`
--

LOCK TABLES `tableno` WRITE;
/*!40000 ALTER TABLE `tableno` DISABLE KEYS */;
INSERT INTO `tableno` VALUES (1,1,0,'1',1,0,0,0,0,NULL,0),(2,1,0,'2',1,0,0,0,0,NULL,0),(3,1,0,'3',1,0,0,0,0,NULL,0);
/*!40000 ALTER TABLE `tableno` ENABLE KEYS */;
UNLOCK TABLES;

--
-- Table structure for table `tablenofororder`
--

DROP TABLE IF EXISTS `tablenofororder`;
/*!40101 SET @saved_cs_client     = @@character_set_client */;
/*!40101 SET character_set_client = utf8 */;
CREATE TABLE `tablenofororder` (
  `TransactionID` int(11) NOT NULL DEFAULT '0',
  `ComputerID` int(11) NOT NULL DEFAULT '0',
  `TableNo` int(11) NOT NULL DEFAULT '0',
  `HistoryTrack` int(11) NOT NULL DEFAULT '0',
  `InputID` int(11) NOT NULL AUTO_INCREMENT,
  PRIMARY KEY (`TransactionID`,`ComputerID`,`TableNo`,`HistoryTrack`),
  KEY `InputID` (`InputID`),
  KEY `TableNoIndex` (`TableNo`)
) ENGINE=InnoDB DEFAULT CHARSET=utf8;
/*!40101 SET character_set_client = @saved_cs_client */;

--
-- Dumping data for table `tablenofororder`
--

LOCK TABLES `tablenofororder` WRITE;
/*!40000 ALTER TABLE `tablenofororder` DISABLE KEYS */;
/*!40000 ALTER TABLE `tablenofororder` ENABLE KEYS */;
UNLOCK TABLES;

--
-- Temporary table structure for view `tablenoforsearch`
--

DROP TABLE IF EXISTS `tablenoforsearch`;
/*!50001 DROP VIEW IF EXISTS `tablenoforsearch`*/;
SET @saved_cs_client     = @@character_set_client;
SET character_set_client = utf8;
/*!50001 CREATE TABLE `tablenoforsearch` (
  `TableID` int(11),
  `ZoneID` int(11),
  `TableNumber` int(11),
  `TableName` varchar(100),
  `Capacity` tinyint(4),
  `Status` smallint(6),
  `Deleted` tinyint(2),
  `CurrentTransName` varchar(50),
  `CurrentAccessComputer` int(11),
  `TableNo` varchar(50)
) ENGINE=MyISAM */;
SET character_set_client = @saved_cs_client;

--
-- Table structure for table `tablestatus`
--

DROP TABLE IF EXISTS `tablestatus`;
/*!40101 SET @saved_cs_client     = @@character_set_client */;
/*!40101 SET character_set_client = utf8 */;
CREATE TABLE `tablestatus` (
  `TableStatusID` smallint(6) NOT NULL DEFAULT '0',
  `Description` varchar(50) NOT NULL DEFAULT '',
  PRIMARY KEY (`TableStatusID`)
) ENGINE=InnoDB DEFAULT CHARSET=utf8;
/*!40101 SET character_set_client = @saved_cs_client */;

--
-- Dumping data for table `tablestatus`
--

LOCK TABLES `tablestatus` WRITE;
/*!40000 ALTER TABLE `tablestatus` DISABLE KEYS */;
INSERT INTO `tablestatus` VALUES (0,'Empty'),(1,'Occupied'),(2,'Reserved'),(3,'Paid');
/*!40000 ALTER TABLE `tablestatus` ENABLE KEYS */;
UNLOCK TABLES;

--
-- Table structure for table `tablezone`
--

DROP TABLE IF EXISTS `tablezone`;
/*!40101 SET @saved_cs_client     = @@character_set_client */;
/*!40101 SET character_set_client = utf8 */;
CREATE TABLE `tablezone` (
  `ZoneID` int(11) NOT NULL DEFAULT '0',
  `ShopID` int(11) NOT NULL DEFAULT '0',
  `ZoneName` varchar(50) DEFAULT NULL,
  `Deleted` tinyint(2) NOT NULL DEFAULT '0',
  `ZoneProperty` tinyint(4) NOT NULL DEFAULT '0',
  PRIMARY KEY (`ZoneID`)
) ENGINE=InnoDB DEFAULT CHARSET=utf8;
/*!40101 SET character_set_client = @saved_cs_client */;

--
-- Dumping data for table `tablezone`
--

LOCK TABLES `tablezone` WRITE;
/*!40000 ALTER TABLE `tablezone` DISABLE KEYS */;
INSERT INTO `tablezone` VALUES (1,2,'Zone',0,0);
/*!40000 ALTER TABLE `tablezone` ENABLE KEYS */;
UNLOCK TABLES;

--
-- Table structure for table `tempquestiondata`
--

DROP TABLE IF EXISTS `tempquestiondata`;
/*!40101 SET @saved_cs_client     = @@character_set_client */;
/*!40101 SET character_set_client = utf8 */;
CREATE TABLE `tempquestiondata` (
  `TransactionID` int(11) DEFAULT NULL,
  `ComputerID` int(11) DEFAULT NULL,
  `TotalBill` int(11) DEFAULT NULL,
  `TotalItem` int(11) DEFAULT NULL,
  `TotalPrice` decimal(11,4) DEFAULT NULL,
  `OptionID1` int(11) DEFAULT NULL,
  `OptionID2` int(11) DEFAULT NULL,
  `OptionID3` int(11) DEFAULT NULL
) ENGINE=InnoDB DEFAULT CHARSET=tis620;
/*!40101 SET character_set_client = @saved_cs_client */;

--
-- Dumping data for table `tempquestiondata`
--

LOCK TABLES `tempquestiondata` WRITE;
/*!40000 ALTER TABLE `tempquestiondata` DISABLE KEYS */;
/*!40000 ALTER TABLE `tempquestiondata` ENABLE KEYS */;
UNLOCK TABLES;

--
-- Table structure for table `tempquestionorderdata`
--

DROP TABLE IF EXISTS `tempquestionorderdata`;
/*!40101 SET @saved_cs_client     = @@character_set_client */;
/*!40101 SET character_set_client = utf8 */;
CREATE TABLE `tempquestionorderdata` (
  `TransactionID` int(11) NOT NULL DEFAULT '0',
  `ComputerID` int(11) NOT NULL DEFAULT '0',
  `TotalBill` int(1) NOT NULL DEFAULT '0',
  `TotalItem` decimal(40,4) DEFAULT NULL,
  `TotalPrice` decimal(40,4) DEFAULT NULL
) ENGINE=InnoDB DEFAULT CHARSET=tis620;
/*!40101 SET character_set_client = @saved_cs_client */;

--
-- Dumping data for table `tempquestionorderdata`
--

LOCK TABLES `tempquestionorderdata` WRITE;
/*!40000 ALTER TABLE `tempquestionorderdata` DISABLE KEYS */;
/*!40000 ALTER TABLE `tempquestionorderdata` ENABLE KEYS */;
UNLOCK TABLES;

--
-- Table structure for table `temptablename`
--

DROP TABLE IF EXISTS `temptablename`;
/*!40101 SET @saved_cs_client     = @@character_set_client */;
/*!40101 SET character_set_client = utf8 */;
CREATE TABLE `temptablename` (
  `TableName` varchar(100) DEFAULT NULL
) ENGINE=InnoDB DEFAULT CHARSET=tis620;
/*!40101 SET character_set_client = @saved_cs_client */;

--
-- Dumping data for table `temptablename`
--

LOCK TABLES `temptablename` WRITE;
/*!40000 ALTER TABLE `temptablename` DISABLE KEYS */;
INSERT INTO `temptablename` VALUES ('checkupdatedocument'),('notupdatedocument'),('currentmaterailinstock'),('selectdocumentforprint'),('documentforcalculate'),('docdetailforthisdocument'),('currentallmaterailinstock'),('dummystockcard'),('reportbakery'),('summaterialalldocument'),('summaterialthisdocument'),('dummypaytype'),('materialforcalculatestock'),('selectmaterialforsummary'),('transferrewardpointmaxdate'),('updaterewardhistory'),('checkupdatedocument'),('notupdatedocument'),('currentmaterailinstock'),('selectdocumentforprint'),('documentforcalculate'),('docdetailforthisdocument'),('currentallmaterailinstock'),('dummystockcard'),('reportbakery'),('summaterialalldocument'),('summaterialthisdocument'),('dummypaytype'),('materialforcalculatestock'),('selectmaterialforsummary'),('transferrewardpointmaxdate'),('updaterewardhistory'),('checkupdatedocument'),('notupdatedocument'),('currentmaterailinstock'),('selectdocumentforprint'),('documentforcalculate'),('docdetailforthisdocument'),('currentallmaterailinstock'),('dummystockcard'),('reportbakery'),('summaterialalldocument'),('summaterialthisdocument'),('dummypaytype'),('materialforcalculatestock'),('selectmaterialforsummary'),('transferrewardpointmaxdate'),('updaterewardhistory'),('checkupdatedocument'),('notupdatedocument'),('currentmaterailinstock'),('selectdocumentforprint'),('documentforcalculate'),('docdetailforthisdocument'),('currentallmaterailinstock'),('dummystockcard'),('reportbakery'),('summaterialalldocument'),('summaterialthisdocument'),('dummypaytype'),('materialforcalculatestock'),('selectmaterialforsummary'),('transferrewardpointmaxdate'),('updaterewardhistory'),('checkupdatedocument'),('notupdatedocument'),('currentmaterailinstock'),('selectdocumentforprint'),('documentforcalculate'),('docdetailforthisdocument'),('currentallmaterailinstock'),('dummystockcard'),('reportbakery'),('summaterialalldocument'),('summaterialthisdocument'),('dummypaytype'),('materialforcalculatestock'),('selectmaterialforsummary'),('transferrewardpointmaxdate'),('updaterewardhistory'),('checkupdatedocument'),('notupdatedocument'),('currentmaterailinstock'),('selectdocumentforprint'),('documentforcalculate'),('docdetailforthisdocument'),('currentallmaterailinstock'),('dummystockcard'),('reportbakery'),('summaterialalldocument'),('summaterialthisdocument'),('dummypaytype'),('materialforcalculatestock'),('selectmaterialforsummary'),('transferrewardpointmaxdate'),('updaterewardhistory'),('checkupdatedocument'),('notupdatedocument'),('currentmaterailinstock'),('selectdocumentforprint'),('documentforcalculate'),('docdetailforthisdocument'),('currentallmaterailinstock'),('dummystockcard'),('reportbakery'),('summaterialalldocument'),('summaterialthisdocument'),('dummypaytype'),('materialforcalculatestock'),('selectmaterialforsummary'),('transferrewardpointmaxdate'),('updaterewardhistory'),('checkupdatedocument'),('notupdatedocument'),('currentmaterailinstock'),('selectdocumentforprint'),('documentforcalculate'),('docdetailforthisdocument'),('currentallmaterailinstock'),('dummystockcard'),('reportbakery'),('summaterialalldocument'),('summaterialthisdocument'),('dummypaytype'),('materialforcalculatestock'),('selectmaterialforsummary'),('transferrewardpointmaxdate'),('updaterewardhistory'),('checkupdatedocument'),('notupdatedocument'),('currentmaterailinstock'),('selectdocumentforprint'),('documentforcalculate'),('docdetailforthisdocument'),('currentallmaterailinstock'),('dummystockcard'),('reportbakery'),('summaterialalldocument'),('summaterialthisdocument'),('dummypaytype'),('materialforcalculatestock'),('selectmaterialforsummary'),('transferrewardpointmaxdate'),('updaterewardhistory'),('checkupdatedocument'),('notupdatedocument'),('currentmaterailinstock'),('selectdocumentforprint'),('documentforcalculate'),('docdetailforthisdocument'),('currentallmaterailinstock'),('dummystockcard'),('reportbakery'),('summaterialalldocument'),('summaterialthisdocument'),('dummypaytype'),('materialforcalculatestock'),('selectmaterialforsummary'),('transferrewardpointmaxdate'),('updaterewardhistory');
/*!40000 ALTER TABLE `temptablename` ENABLE KEYS */;
UNLOCK TABLES;

--
-- Table structure for table `termofpayment`
--

DROP TABLE IF EXISTS `termofpayment`;
/*!40101 SET @saved_cs_client     = @@character_set_client */;
/*!40101 SET character_set_client = utf8 */;
CREATE TABLE `termofpayment` (
  `TermOfPaymentID` int(11) NOT NULL DEFAULT '0',
  `LangID` tinyint(4) NOT NULL DEFAULT '0',
  `TermHeader` varchar(50) DEFAULT NULL,
  `Description` varchar(200) DEFAULT NULL,
  PRIMARY KEY (`TermOfPaymentID`,`LangID`)
) ENGINE=InnoDB DEFAULT CHARSET=utf8;
/*!40101 SET character_set_client = @saved_cs_client */;

--
-- Dumping data for table `termofpayment`
--

LOCK TABLES `termofpayment` WRITE;
/*!40000 ALTER TABLE `termofpayment` DISABLE KEYS */;
INSERT INTO `termofpayment` VALUES (0,1,NULL,'NO'),(0,2,NULL,'NO'),(1,1,'Cash','Cash'),(1,2,'เงินสด','เงินสด'),(2,1,'Credit','Credit'),(2,2,'เครดิต','เครดิต');
/*!40000 ALTER TABLE `termofpayment` ENABLE KEYS */;
UNLOCK TABLES;

--
-- Table structure for table `textparam`
--

DROP TABLE IF EXISTS `textparam`;
/*!40101 SET @saved_cs_client     = @@character_set_client */;
/*!40101 SET character_set_client = utf8 */;
CREATE TABLE `textparam` (
  `TextParamID` int(11) NOT NULL DEFAULT '0',
  `TextParamCatID` int(11) DEFAULT NULL,
  `TextParamName` varchar(50) DEFAULT NULL,
  `TextParamOrder` smallint(6) DEFAULT NULL,
  PRIMARY KEY (`TextParamID`)
) ENGINE=InnoDB DEFAULT CHARSET=utf8;
/*!40101 SET character_set_client = @saved_cs_client */;

--
-- Dumping data for table `textparam`
--

LOCK TABLES `textparam` WRITE;
/*!40000 ALTER TABLE `textparam` DISABLE KEYS */;
INSERT INTO `textparam` VALUES (1,1,'Text_HomeParam',1),(2,1,'Text_LogoutParam',2),(3,2,'Text_SectionParam',1),(4,2,'Text_AddRoleParam',2),(5,2,'Text_RoleNameParam',3),(6,9999999,'Defalut_EditText',1),(7,9999999,'Default_DelText',2),(8,2,'Text_DelAlertStart',4),(9,2,'Text_DelAlertEnd',5),(10,3,'Text_AddHeader',1),(11,3,'Text_EditHeader',2),(12,3,'Text_StaffRoleName',3),(13,3,'Text_AddStaffButton',4),(14,3,'Text_UpdateStaffButton',5),(15,3,'Text_ErrorStaffName',6),(16,3,'Text_ErrorStaffProp',7),(17,4,'SectionText',1),(18,4,'AddUserText',2),(19,4,'NameText',3),(20,4,'RoleText',4),(21,4,'DelAlertStart',5),(22,4,'DelAlertEnd',6),(23,4,'SelectBeginningText',7),(24,5,'EditHeaderText',1),(25,5,'AddHeaderText',2),(26,5,'CodeText',3),(27,5,'GenderText',4),(28,5,'FirstNameText',5),(29,5,'LastNameText',6),(30,5,'EmailText',7),(31,5,'Address1Text',8),(32,5,'Address2Text',9),(33,5,'CityText',10),(34,5,'ProvinceText',11),(35,5,'ZipCodeText',12),(36,5,'TelephoneText',13),(37,5,'MobileText',14),(38,5,'BirthDayText',15),(39,5,'AdditionalText',16),(40,5,'IDNumberText',17),(41,5,'IDIssueText',18),(42,5,'IDExpText',19),(43,5,'BloodGroupText',20),(44,5,'AddButtonText',21),(45,5,'UpdateButtonText',22),(46,9999999,'CancelButtonText',3),(47,5,'RoleText',23),(48,5,'MaleText',24),(49,5,'FemaleText',25),(50,5,'ValidateCode',26),(51,5,'ValidateGender',27),(52,5,'ValidateRole',28),(53,5,'ValidateFirstName',29),(54,5,'ValidateLastName',30),(55,5,'PictureText',31),(56,5,'ValidateUploadFile',32),(57,5,'UserLangText',33),(58,5,'ValidateUserLang',34),(59,5,'UserActivateText',35),(60,9999999,'YesText',4),(61,9999999,'NoText',5),(62,5,'ValidateDate',36),(63,4,'StatusText',8),(64,5,'ValidateChkStaffCode',37),(65,5,'ValidatePassword',38),(66,4,'ActivationText',9),(67,4,'ActivateText',10),(68,4,'DeActivateText',11),(69,5,'StaffPasswordText',39),(70,5,'StaffConfirmPasswordText',40),(71,5,'ValidatePassword',41),(72,5,'ValidateConfirmPassword',42),(73,9999999,'ViewText',6),(74,5,'NameText',43),(75,5,'AddressText',44),(76,5,'LastUpdateText',45),(77,5,'StaffDetailText',46),(78,5,'EditMyProfileText',47),(79,9999999,'PrintText',7),(80,5,'EditMyPasswordText',48),(81,4,'NewPasswordText',12),(82,4,'ConfirmNewPasswordText',13),(83,4,'ValidateNewPasswordText1',14),(84,4,'ValidateNewPasswordText2',15),(85,4,'NewPasswordButtonText',16),(86,4,'ChangePasswordText',17),(87,4,'GoBackText',18),(88,4,'NewPasswordSectionText',19),(89,9999999,'BeforeText',8),(90,9999999,'AfterText',9),(91,3,'RoleLevelText',8),(92,2,'AccessUserText',6),(93,3,'AccessUserSectionText',9),(94,3,'AccessGroupText',10),(95,6,'HeaderText',1),(96,6,'AddText',2),(97,6,'NameText',3),(98,6,'ConfirmDelStartText',4),(99,6,'ConfirmDelEndText',5),(100,6,'AddHeaderText',6),(101,6,'EditHeaderText',7),(102,6,'AddEditNameText',8),(103,6,'AddSubmitText',9),(104,6,'EditSubmitText',10),(105,6,'ValidateNameText',11),(106,7,'HeaderText',1),(107,7,'AddText',2),(108,7,'NameText',3),(109,7,'ConfirmDelStartText',4),(110,7,'ConfirmDelEndText',5),(111,7,'AddHeaderText',6),(112,7,'EditHeaderText',7),(113,7,'AddEditNameText',8),(114,7,'AddSubmitText',9),(115,7,'EditSubmitText',10),(116,7,'ValidateNameText',11),(117,7,'ProductHeaderText',12),(118,7,'ProductGroupText',13),(119,7,'ProdcutDeptText',14),(120,7,'ProductCodeText',15),(121,7,'ProductNameText',16),(122,7,'ProductParentText',17),(123,7,'AddGroupText',18),(124,7,'GroupSelectionText',19),(125,7,'NoTopLevelText',20),(126,7,'AddGroupText',21),(127,7,'EditGroupText',22),(128,7,'ValidateGroupNameText',23),(129,7,'ValidateGroupCodeText',24),(130,7,'ValidateGroupLevelText',25),(131,7,'SelectGroupText',26),(132,7,'GroupSelectAllText',27),(133,7,'ProductCodeText1',28),(134,7,'ProductNameText1',29),(135,7,'ProductParentText1',30),(136,7,'AddDeptText',31),(137,7,'DeptSelectionText',32),(138,7,'NoGroupText',33),(139,7,'AddDeptText',34),(140,7,'EditDeptText',35),(141,7,'ValidateDeptNameText',36),(142,7,'ValidateDeptCodeText',37),(143,7,'ValidateDeptLevelText',38),(144,7,'ValidateDeptGroupText',39),(145,6,'ProductHeaderText',12),(146,6,'ProductGroupText',13),(147,6,'ProdcutDeptText',14),(148,6,'ProductCodeText',15),(149,6,'ProductNameText',16),(150,6,'ProductParentText',17),(151,6,'AddGroupText',18),(152,6,'GroupSelectionText',19),(153,6,'NoTopLevelText',20),(154,6,'AddGroupText',21),(155,6,'EditGroupText',22),(156,6,'ValidateGroupNameText',23),(157,6,'ValidateGroupCodeText',24),(158,6,'ValidateGroupLevelText',25),(159,6,'SelectGroupText',26),(160,6,'GroupSelectAllText',27),(161,6,'ProductCodeText1',28),(162,6,'ProductNameText1',29),(163,6,'ProductParentText1',30),(164,6,'AddDeptText',31),(165,6,'DeptSelectionText',32),(166,6,'NoGroupText',33),(167,6,'AddDeptText',34),(168,6,'EditDeptText',35),(169,6,'ValidateDeptNameText',36),(170,6,'ValidateDeptCodeText',37),(171,6,'ValidateDeptLevelText',38),(172,6,'ValidateDeptGroupText',39),(173,6,'MaterialInfoText',40),(174,6,'InfoCodeText',41),(175,6,'InfoNameText',42),(176,6,'InfoParentText',43),(177,6,'InfoSelectionText',44),(178,6,'InfoAddText',45),(179,6,'InfoValidateText',46),(180,6,'InfoTypeText',47),(181,6,'InfoCostText',48),(182,6,'InfoSelectTypeText',49),(183,6,'ValidateInfoText',50),(184,6,'ValidateTypeText',51),(185,6,'ValidateCostText',52),(186,7,'MaterialInfoText',40),(187,7,'InfoCodeText',41),(188,7,'InfoNameText',42),(189,7,'InfoParentText',43),(190,7,'InfoSelectionText',44),(191,7,'InfoAddText',45),(192,7,'InfoValidateText',46),(193,7,'InfoTypeText',47),(194,7,'InfoCostText',48),(195,7,'InfoSelectTypeText',49),(196,7,'ValidateInfoText',50),(197,7,'ValidateTypeText',51),(198,7,'ValidateCostText',52),(199,6,'UnitText',53),(200,6,'ValidateUnitText',54),(201,7,'DiscountText',53),(202,7,'ZeroPriceText',54),(203,7,'ValidateCodeText',55),(204,7,'ValidateNameText',56),(205,7,'SetPriceText',57),(206,7,'SetIngText',58),(207,7,'EditProductText',59),(208,8,'HeaderText',1),(209,8,'OrderText',2),(210,8,'CodeText',3),(211,8,'NameText',4),(212,8,'AmountText',5),(213,8,'UnitText',6),(214,8,'ChoiceText',7),(215,8,'ActionText',8),(216,8,'SelectUnitText',9),(217,9999999,'SelectCatText',10),(218,8,'ValidateCodeText',10),(219,8,'ValidateAmountText',11),(220,8,'ValidateExistText',12),(221,8,'GoBackText',13),(222,8,'DeleteConfirmText1',14),(223,8,'DeleteConfirmText2',15),(224,8,'DeleteConfirmText3',16),(225,8,'CostText1',17),(226,9999999,'MoneyUnit',11),(227,8,'CostText2',18),(228,8,'CostPerUnitText',19),(229,7,'ImageText',60),(230,9999999,'ValidateUploadFileText',12),(231,9999999,'ShowCurrentPic',13),(232,9999999,'SaveAsText',14),(233,7,'ActivateText',61),(234,7,'SaveAsHeaderText',62),(235,7,'SaveAsHeaderText1',63),(236,8,'CalculateText',20),(237,8,'PriceText',21),(238,8,'RemarkPriceText',22),(239,8,'MainPriceText',23),(240,8,'SetMainPriceText',24),(241,8,'ValidatePriceText',25),(242,8,'DeletePriceConfirmText',26),(243,8,'DetailHeaderText',27),(244,8,'HeaderUnitText',28),(245,8,'UnitLargeText',29),(246,8,'UnitSmallText',30),(247,8,'UnitRatioText',31),(248,8,'ValidateUnitLarge',32),(249,8,'ValidateUnitSmall',33),(250,8,'ValidateUnitRatio',34),(251,8,'ConfirmDeleteUnit',35),(252,9,'HeaderText',1),(253,9,'CompanyProfile',2),(254,9,'CompanyName',3),(255,9,'CompanyAddress1',4),(256,9,'CompanyAddress2',5),(257,9,'CompanyCity',6),(258,9,'CompanyProvince',7),(259,9,'CompanyZipCode',8),(260,9,'CompanyTel',9),(261,9,'CompanyFax',10),(262,9,'CompanyTaxID',11),(263,9,'CompanyRegID',12),(264,9,'UpdateText',13),(265,9,'CompanyVAT',14),(266,9,'ValidateVAT',15),(267,6,'ValidateCode',55),(268,7,'ValidateCode',64),(269,9,'VendorHeader',16),(270,9,'VendorGroup',17),(271,9,'VendorInfo',18),(272,9,'VendorGroupCode',19),(273,9,'VendorGroupName',20),(274,9,'VendorCode',21),(275,9,'VendorName',22),(276,9,'NotExistVendorGroupText',23),(277,9,'AddVendorGroup',24),(278,9,'AddVendor',25),(279,9,'SelectVendorGroup',26),(280,9,'AddText',27),(281,9,'EditText',28),(282,9,'ValidateVendorGroup',29),(283,9,'ValidateVendorGroupCode',30),(284,9,'ValidateCode',31),(285,9999999,'DeleteConfirmStart',15),(286,9999999,'DeleteConfirmEnd',16),(287,9,'ValidateVendorName',32),(288,9,'VendorFirstName',33),(289,9,'VendorLastName',34),(290,9,'VendorEmail',35),(291,9,'VendorAdditional',36),(292,9,'VendorMobile',37),(293,9,'ValidateGroup',38),(294,9,'ValidateCode1',39),(295,10,'HeaderText',1),(296,10,'DocumentType',2),(297,10,'DocumentNumber',3),(298,10,'DocumentDate',4),(299,10,'VendorCode',5),(300,10,'VendorName',6),(301,10,'VendorAddress',7),(302,10,'OrderText',8),(303,10,'CodeText',9),(304,10,'NameText',10),(305,10,'UnitText',11),(306,10,'AmountText',12),(307,10,'CostPerUnitText',13),(308,10,'DiscountText',14),(309,10,'VATText',15),(310,10,'ActionText',16),(311,10,'FindVendor',17),(312,10,'SelectVendor',18),(313,10,'ValidateVendorCode',19),(314,10,'SubTotalCost',20),(315,10,'ValidateProductCode',21),(316,10,'ValidateProductAmount',22),(317,10,'ValidateProductPrice',23),(318,10,'ValidateProductDiscount',24),(319,10,'DupliateProductCode',25),(320,10,'SaveData',26),(321,10,'PreviewData',27),(322,10,'ValidateSaveData',28),(323,10,'validateDate',29),(324,10,'searchInvoice',30),(325,10,'AddStatus',31),(326,10,'EditStatus',32),(327,10,'StatusText',33),(328,10,'updateData',34),(329,10,'updateDone',35),(330,10,'searchText',36),(331,10,'ToDate',37),(332,10,'ValidateDate',38),(333,10,'FindStart',39),(334,10,'FindEnd',40),(335,10,'Status1',41),(336,10,'Status2',42),(337,10,'Status3',43),(338,10,'Status4',44),(339,10,'Status5',45),(340,10,'ApproveButton',46),(341,10,'VoidButton',47),(342,10,'UnApproveButton',48),(343,10,'UnVoidButton',49),(344,10,'SearchOrder',50),(345,10,'SearchReceive',51),(346,10,'ReferenceOrder',52),(347,10,'InvoiceNum',53),(348,10,'AddReceiveOrder',54),(349,10,'InvName',55),(350,10,'SelInv',56),(351,10,'ValidateInv',57),(352,10,'AddReceiveOK',58),(353,10,'TotalText',59),(354,10,'AddWithdraw',60),(355,10,'SearchWithdraw',61),(356,10,'WithdrawFrom',62),(357,10,'WithdrawTo',63),(358,10,'NoStockOption',64),(359,10,'AddModifyText',65),(360,10,'RemainText',66),(361,11,'TextSection',1),(362,11,'AddText',2),(363,11,'NameText',3),(364,11,'ConfirmationStart',4),(365,11,'ConfirmationEnd',5),(366,11,'ConfigProp',6),(367,11,'AddButton',7),(368,11,'UpdateButton',8),(369,11,'ValidateGroupName',9),(370,9999999,'FirstName',17),(371,9999999,'LastName',18),(372,9999999,'Address1',19),(373,9999999,'Address2',20),(374,9999999,'City',21),(375,9999999,'Province',22),(376,9999999,'ZipCode',23),(377,9999999,'Telephone',24),(378,9999999,'Fax',25),(379,9999999,'Email',26),(380,9999999,'AdditionalInfo',27),(381,9999999,'Mobile',28),(382,11,'MemberSection',10),(383,11,'AddMember',11),(384,11,'SelectMember',12),(385,11,'SelectAllMember',13),(386,11,'Status',14),(387,11,'Activation',15),(388,11,'ActivationText',16),(389,11,'DeActivationText',17),(390,11,'MemberName',18),(391,11,'MemberGroup',19),(392,11,'MemberCode',20),(393,9999999,'Sex',29),(394,9999999,'Male',30),(395,9999999,'Female',31),(396,9999999,'BirthDay',32),(397,9999999,'IDNumber',33),(398,9999999,'IDIssueDate',34),(399,9999999,'IDExpireDate',35),(400,9999999,'Blood',36),(401,9999999,'LangSystem',37),(402,11,'MemberPic',21),(403,11,'MemberActivate',22),(404,9999999,'Password',38),(405,9999999,'ConfirmPassword',39),(406,11,'AddMemberSection',23),(407,11,'EditMemberSection',24),(408,11,'AddMemberButton',25),(409,11,'EditMemberButton',26),(410,11,'ValidateCode',27),(411,9999999,'ValidatePassword',40),(412,9999999,'ValidatePassword1',41),(413,9999999,'ValidateLang',42),(414,9999999,'ValidateSex',43),(415,9999999,'ValidateFirstName',44),(416,9999999,'ValidateLastName',45),(417,9999999,'ValidateDate',46),(418,11,'ValidateCode1',28),(419,11,'ValidateMemberGroup',29),(420,9999999,'FullName',47),(421,9999999,'FullAddress',48),(422,9999999,'LastUpdatText',49),(423,11,'MemberDetail',30),(424,9999999,'EditProfile',50),(425,9999999,'ChangePassword',51),(426,9999999,'GoBack',52),(427,11,'SelectLevel',31),(428,11,'Order',32),(429,11,'ShopText',33),(430,11,'MemberDiscount',34),(431,11,'ValidateDiscount',35),(432,11,'ValidateSel',36),(433,10,'ValidateInvFrom',67),(434,10,'ValidateInvTo',68),(435,10,'RemarkText',69),(436,10,'AddDocAdd',70),(437,10,'EditDocAdd',71),(438,10,'AddDocReduce',72),(439,10,'EditDocReduce',73),(440,11,'MemberExpiration',37),(441,11,'MemberAddProduct',38),(442,11,'MemberEditProduct',39),(443,7,'MemberConfigProductHeader',65),(444,12,'PromotionPriceHeader',1),(445,12,'AddPromoPrice',2),(446,12,'PromoPriceName',3),(447,12,'PromoConfig',4),(448,12,'PromoCriteria',5),(449,12,'SmartcardHeader',6),(450,12,'SmartcardGroup',7),(451,12,'SmartcardID',8),(452,9999999,'Activatation',53),(453,9999999,'DeActivation',54),(454,12,'SmartCardAmount',9),(455,12,'PromoFromDate',10),(456,12,'PromoToDate',11),(457,12,'PromoFromTime',12),(458,12,'PromoToTime',13),(459,12,'CriteriaPromo',14),(460,12,'WeeklyOption',15),(461,12,'MonthlyOption',16),(462,12,'NoneOption',17),(463,9999999,'Monday',56),(464,9999999,'Tuesday',57),(465,9999999,'Wednesday',58),(466,9999999,'Thursday',59),(467,9999999,'Friday',60),(468,9999999,'Saturday',61),(469,9999999,'Sunday',55),(470,9999999,'Jan',62),(471,9999999,'Feb',63),(472,9999999,'Mar',64),(473,9999999,'Apr',65),(474,9999999,'May',66),(475,9999999,'Jun',67),(476,9999999,'Jul',68),(477,9999999,'Aug',69),(478,9999999,'Sep',70),(479,9999999,'Oct',71),(480,9999999,'Nov',72),(481,9999999,'Dec',73),(482,12,'PromoDiscount',18),(483,12,'PromoActivation',19),(484,12,'ValidateDate',20),(485,12,'ValidateTime',21),(486,12,'AddPromo',22),(487,12,'UpdatePromo',23),(488,12,'ValidatePromoName',24),(489,12,'ValidatePercentPromo',25),(490,12,'ValidatePricePromo',26),(491,9999999,'ValidateTime',74),(492,9999999,'Status',75),(493,9999999,'Permission',76),(494,9999999,'AllowOtherPromo',77),(495,2,'DiscountText',7),(496,2,'SetProduct',8),(497,12,'PromoCoupon',27),(498,12,'PromoVoucher',28),(499,12,'AmountofCoupon',29),(500,12,'AddCoupon',30),(501,12,'AddVoucher',31),(502,12,'PromoCVName',32),(503,12,'CouponHeader',33),(504,12,'VoucherHeader',34),(505,12,'AmountGenerate',35),(506,12,'CouponDiscount',36),(507,12,'VoucherAmount',37),(508,12,'VoucherType',38),(509,12,'ExpireDate',39),(510,12,'SoldVoucher',40),(511,12,'GiveVoucher',41),(512,12,'validateHeader',42),(513,12,'validateAmount1',43),(514,12,'validateAmount2',44),(515,12,'validateDupHeader',45),(516,12,'OverPrice',46),(517,12,'AddMoreCoupon',47),(518,12,'AddMoreVoucher',48),(519,12,'VoucherUnit',49),(520,12,'AddMore',50),(521,12,'AddMoreButton',51),(522,12,'AddCouponButton',52),(523,12,'AddVoucherButton',53),(524,12,'UpdatecouponButton',54),(525,12,'UpdateVoucherButton',55),(526,10,'ForMonth',74),(527,10,'AddStockCardLink',75),(528,10,'EditStockCardLink',76),(529,10,'SelectMaterialGroup',77),(530,10,'SelectMaterialDept',78),(531,10,'SaveDataButton',79),(532,10,'ValidateNumber',80),(533,10,'SaveDataOK',81),(534,10,'DuplicateStockDate',82),(535,12,'CriteriaAmount',56),(536,12,'EveryAmountOption',57),(537,12,'OverAmountOption',58),(538,12,'NoAmoutOption',59),(539,12,'GolfPromo',60),(540,9,'ConfigPrinterHeader',40),(541,9,'AddPrinterText',41),(542,9,'PrinterName',42),(543,9,'UpdatePrinter',43),(544,9,'ValidatePrinterName',44),(545,7,'PrinterName',66),(546,7,'SelectPrinter',67),(547,9,'OpenHour',45),(548,9999999,'OpenHour',78),(549,9999999,'CloseHour',79),(550,7,'IsProductSet',68),(551,8,'ProductCode',36),(552,8,'ProductName',37),(553,8,'ProductSetHeader',38),(554,8,'ProductDup',39),(555,8,'SetPriceHeader',40),(556,13,'MaterialCardHeader',1),(557,13,'SearchText',2),(558,13,'Inventory',3),(559,9,'IsShopText',46),(560,10,'DocHeader',83),(561,10,'DocHeaderSel',84),(562,10,'AdjustMinus',85),(563,10,'AdjustPlus',86),(564,10,'PreviousAmount',87),(565,10,'PricePerLargeUnit',88),(566,10,'PricePerSmallUnit',89),(567,10,'ValidateAdjust',90),(568,13,'SaleReportHeader',4),(569,9999999,'SelectDate',80),(570,9999999,'DailyReport',81),(571,9999999,'MonthlyReport',82),(572,9999999,'YearlyReport',83),(573,9999999,'PeriodReport',84),(574,9,'IsInvText',47),(575,10,'TermOfPayment',91),(576,10,'DueDateParam',92),(577,10,'DayUnit',93),(578,10,'ROSummary',94),(579,9999999,'SmallUnit',85),(580,9999999,'LargeUnit',86),(581,9999999,'UnitRatio',87),(582,9999999,'VATIn',88),(583,9999999,'VATOut',89),(584,9999999,'NOVat',90),(585,9,'ShopType',48),(586,10,'VATDetail',95),(587,9999999,'DateText',91),(588,9999999,'ToDateText',92),(589,9999999,'FindText',93),(590,8,'OtherFoodName',41),(591,8,'ReceiptNumber',42),(592,8,'OrderDate',43),(593,9999999,'FindRecord',94),(594,9999999,'TotalRecord',95),(595,8,'PricePerUnit',44),(596,8,'OtherFoodHeader',45),(597,8,'MoveText',46),(598,8,'MoveSuccess',47),(599,8,'FromReceipt',48),(600,8,'ToReceipt',49),(601,8,'ToCurrent',50),(602,8,'StartDate',51),(603,8,'EndDate',52),(604,8,'ComponentName',53),(605,8,'SetComponent',54),(606,8,'Explanation',55),(607,8,'AddComp',56),(608,8,'AddConfirm',57),(609,8,'GoBackPGroup',58),(610,8,'ChangeDate',59),(611,8,'ChangeDateHeader',60),(612,8,'Note',61),(613,8,'ChangePeriod',62),(614,8,'ChangeFirst',63),(615,8,'ChangeLast',64),(616,8,'ChangeMiddle',65),(617,9,'ManageTableHeader',49),(618,9,'TableGroupName',50),(619,9,'TableName',51),(620,9,'SelectTableText',52),(621,9,'TableZone',53),(622,9,'ShowAllZone',54),(623,9,'AddZone',55),(624,9,'TableNameText',56),(625,9,'AddGroupFirst',57),(626,9,'SelectZone',58),(627,9,'AddTable',59),(628,9,'SelectShop',60),(629,9,'PleaseSelectShop',61),(630,9,'PleaseInputZone',62),(631,9,'TableCapacity',63),(632,9999999,'EditData',96),(633,9999999,'SubmitText',97),(634,9999999,'UpdateText',98),(635,9999999,'AddData',99),(636,9,'ValidateSelectZone',64),(637,9,'ValidateTableName',65),(638,9,'ValidateCapacity',66),(639,9,'ManageComputerHeader',67),(640,9,'ShowAllComputers',68),(641,9,'ComputerName',69),(642,9,'AddComputer',70),(643,6,'ValidateMinStock',56),(644,6,'MinStockText',57),(645,6,'ValidateMinStock1',58),(646,9,'ShortenBillText',71),(647,9,'ChangePOSDate',72),(648,9,'AutoCloseSession',73),(649,9,'DrawerPort',74),(650,9,'PayTypeAvialable',75),(651,9,'PayTypeDefault',76),(652,9,'PrintToKithen',77),(653,9,'PrintReceipt',78),(654,9,'PrinterName',79),(655,9,'ValidateComputerName',80),(656,9,'ValidatePaymentAvailable',81),(657,9,'DiscountList',82),(658,9,'ValidateDiscountList',83),(659,9,'PrintBillDetail',84),(660,9,'CheckCCInfo',85),(661,9,'IsTouchScreen',86),(662,9,'RecordBook',87),(663,9,'FastPayOption',88),(664,9,'ConfigReceipt',89),(665,9,'HeaderReceipt',90),(666,9,'FooterReceipt',91),(667,9,'ReceiptExample',92),(668,9,'AddReceiptHeader',93),(669,9,'AddFooterHeader',94),(670,9,'AddFirstLine',95),(671,9,'AddLastLine',96),(672,9,'AddBetweenLine',97),(673,7,'Product',69),(674,7,'ProductSet',70),(675,7,'ProductSize',71),(676,7,'PrintTypeName',72),(677,7,'CombinePrint',73),(678,7,'SeperatePrint',74),(679,9,'LineText',98),(680,9,'ConfirmDel',99),(681,12,'ReuseCoupon',61),(682,11,'CreditMoneyHeader',40),(683,11,'CreditMoneyName',41),(684,11,'CreditMoneyReceipt',42),(685,11,'CreditMoneyAmount',43),(686,11,'AllStatus',44),(687,11,'PaidStatus',45),(688,11,'UnPaidStatus',46),(689,9,'PrintVATText',100),(690,9,'ShopType',101),(691,9,'ShowInProfitLoss',102),(692,9,'AllowPrintedOrder',103),(693,9,'ServiceCharge',104),(694,9,'IsIncludeVAT',105),(695,9,'ServiceChargeType',106),(696,9,'SCBeforeDiscount',107),(697,9,'SCAfterDiscount',108),(698,9,'ValidateServiceCharge',109),(699,9999999,'VATType',100),(700,9,'AddCCType',110),(701,9,'CCTypeHeader',111),(702,9,'CCTypeName',112),(703,9,'ValidateCCTypeName',113),(704,9,'UpdateData',114),(705,9,'AddData',115),(706,9,'BankNameHeader',116),(707,9,'BankName',117),(708,9,'ValidateBankName',118),(709,12,'SelRedeemProduct',62),(710,12,'LinkPromo',63),(711,9,'FastFoodVoid',119),(712,12,'LinkHeader',64),(713,12,'LinkPage1Header',65),(714,12,'LinkPage1Error',66),(715,12,'LinkPage1Header',67),(716,12,'RedeemProduct',68),(717,12,'FinishText',69),(718,12,'OverPriceHeader',70),(719,12,'Confirmation',71),(720,12,'ConfirmationText',72),(721,12,'CouponHeader',73),(722,12,'CouponCriteriaHeader',74),(723,12,'VoucherHeader',75),(724,12,'Discount',76),(725,12,'Amount',77),(726,12,'ValidateSelGroup',78),(727,12,'SelMember',79),(728,12,'SelStaff',80),(729,12,'NPromoHeader',81),(730,12,'SameDifExplain',82),(731,12,'ItemUnit',83),(732,12,'EveryUnit',84),(733,12,'MorethanUnit',85),(734,12,'SameProduct',86),(735,12,'DifferentProduct',87),(736,12,'RedeemHeader',88),(737,12,'RedeemText',89),(738,12,'DiscountExplain',90),(739,12,'Amount',91),(740,12,'Discount',92),(741,7,'ServiceProduct',75),(742,7,'ServiceProductSet',76),(743,9,'ManageRooms',120),(744,9,'RoomZone',121),(745,9,'Room',122),(746,9,'AddRoom',123),(747,9,'RoomName',124),(748,9,'RoomCapacity',125),(749,9,'ValidateRoom',126),(750,9,'ValidateRommCapacity',127),(751,12,'ManageCommission',93),(752,12,'CommissionName',94),(753,12,'AddCommission',95),(754,12,'CommissionProduct',96),(755,12,'CommissionLevel',97),(756,12,'UpdateComm',98),(757,12,'ValidateCommName',99),(758,12,'StaffName',100),(759,12,'CommType',101),(760,12,'BasedSalary',102),(761,12,'ShopPercent',103),(762,12,'StaffPercent',104),(763,12,'SelStaffHeader',105),(764,12,'StaffGroup',106),(765,12,'Staff',107),(766,12,'StaffCode',108),(767,12,'SelectStaffGroup',109),(768,12,'CommAmount',110),(769,12,'CommLevel',111),(770,12,'CommStart',112),(771,12,'CommEnd',113),(772,12,'CommLevel',114),(773,12,'CommOverLevel',115),(774,12,'CommExtra',116),(775,12,'ValidateCommEnd',117),(776,12,'ValidateCommEnd1',118),(777,5,'BasedSalary',49),(778,5,'ValidateSalary',50),(779,13,'CommReport',5),(780,13,'DateCriteria',6),(781,13,'ShowAllStaff',7),(782,13,'StaffInfo',8),(783,13,'GenReport',9),(784,13,'CommText',10),(785,13,'RoleText',11),(786,13,'AmountText',12),(787,13,'ShowAllShop',13),(788,13,'CommName',14),(789,13,'ProductName',15),(790,13,'CommPerUnit',16),(791,13,'AmountSold',17),(792,9999999,'Minute',101),(793,9999999,'ValidateNumber',102),(794,7,'DurationTime',77),(795,7,'ConfigStaff',78),(796,7,'ConfigRoom',79),(797,7,'ProductRoom',80),(798,7,'RoomZone',81),(799,7,'Room',82),(800,7,'SelectZone',83),(801,7,'RoomCapacity',84),(802,12,'BasedOn',119),(803,12,'TotalSale',120),(804,12,'StaffSale',121),(805,12,'NoneSale',122),(806,12,'CommStaffType',123),(807,12,'CommStaff',124),(808,12,'CommStaffService',125),(809,14,'DefinedDataHeader',1),(810,14,'DDHeaderStaff',2),(811,14,'AddDD',3),(812,14,'DDColumn',4),(813,14,'DDType',5),(814,14,'DDHistory',6),(815,14,'ValidateUDDName',7),(816,11,'ExtraInfo',47),(817,9999999,'SelectOne',103),(818,4,'ConfigStaffProduct',20),(819,7,'ProductDesp',85),(820,7,'ProductKg',86),(821,9,'ConfigFullTax',128),(822,9,'FullTaxHeader',129),(823,12,'EachProductDiscount',126),(824,6,'MaterialUnit',59),(825,6,'MaterialUnit',60),(826,11,'AgePeriod',48),(827,9999999,'NAText',104),(828,9999999,'BirthdayPeriod',105),(829,9999999,'AgeText',106),(830,9999999,'DayText',107),(831,11,'DayText',49),(832,11,'DayText',50),(833,12,'TotalFromShop',127),(834,12,'TotalFromStaff',128),(835,5,'MinPerDay',51),(836,5,'MinPerDayUnit',52),(837,5,'ValidateMinPerDay',53),(838,12,'MinPerDay',129),(839,12,'Compensate',130),(840,12,'RewardName',131),(841,12,'RewardNameProduct',132),(842,12,'RewardPoint',133),(843,12,'AddReward',134),(844,12,'RewardType',135),(845,12,'RewardTypeN',136),(846,12,'RewardTypeEach',137),(847,12,'CalculateReward',138),(848,12,'RewardPerBill',139),(849,12,'RewardTotal',140),(850,12,'RewardNHeader',141),(851,12,'GiveRewardHeader',142),(852,12,'RewardUnit',143),(853,12,'ValidateRewardName',144),(854,7,'FlexibleProductSet',87),(855,7,'GroupOfFlexibleProductSet',88),(856,7,'AddAmount',89),(857,7,'FlexiblePrint',90),(858,7,'PrintItsOwn',91),(859,7,'PrintBasedOnInside',92),(860,12,'RewardAutoExec',145),(861,12,'RewardAuto',146),(862,12,'RewardManual',147),(863,13,'SaleVATReport',18),(864,13,'ReportDate',19),(865,13,'InvoiceNo',20),(866,13,'CustomerName',21),(867,13,'Item',22),(868,13,'ItemValue',23),(869,13,'ItemVAT',24),(870,13,'Note',25),(871,13,'ItemSubTotal',26),(872,13,'ItemNameDefault',27),(873,13,'ShortTaxInvoice',28),(874,7,'FlexibleProductIncludePrice',93),(875,9999999,'OrderingText',108),(876,13,'ComRegisText',29),(877,7,'PrintDeptForSession',94),(878,7,'PrintProductForSession',95),(879,7,'GroupingInReceipt',96),(880,13,'BranchName',29),(1000,100,'ReportHeader',5),(1001,100,'Beginning',10),(1002,100,'Param 1002',12),(1003,100,'Param 1003',14),(1004,100,'Param 1004',16),(1005,100,'Param 1005',18),(1006,100,'Param 1006',20),(1007,100,'Param 1007',22),(1008,100,'Param 1008',24),(1009,100,'Param 1009',26),(1010,100,'Param 1010',28),(1011,100,'Param 1011',30);
/*!40000 ALTER TABLE `textparam` ENABLE KEYS */;
UNLOCK TABLES;

--
-- Table structure for table `textparamcategory`
--

DROP TABLE IF EXISTS `textparamcategory`;
/*!40101 SET @saved_cs_client     = @@character_set_client */;
/*!40101 SET character_set_client = utf8 */;
CREATE TABLE `textparamcategory` (
  `TextParamCatID` int(11) NOT NULL DEFAULT '0',
  `TextParamCatName` varchar(50) DEFAULT NULL,
  PRIMARY KEY (`TextParamCatID`)
) ENGINE=InnoDB DEFAULT CHARSET=utf8;
/*!40101 SET character_set_client = @saved_cs_client */;

--
-- Dumping data for table `textparamcategory`
--

LOCK TABLES `textparamcategory` WRITE;
/*!40000 ALTER TABLE `textparamcategory` DISABLE KEYS */;
INSERT INTO `textparamcategory` VALUES (1,'FrameMenu'),(2,'User_Role'),(3,'User_Role_Edit'),(4,'Manage_User'),(5,'Manage_User_Edit'),(6,'Inv_Material_Category'),(7,'Inv_Product_Category'),(8,'Inv_Product_Component'),(9,'Admin_Preference'),(10,'Purchase_Order'),(11,'Manage_Members'),(12,'Manage_Promotion'),(13,'Reports'),(14,'UserDefinedData'),(100,'Branch Cost Report'),(9999999,'Default');
/*!40000 ALTER TABLE `textparamcategory` ENABLE KEYS */;
UNLOCK TABLES;

--
-- Table structure for table `textparamvalue`
--

DROP TABLE IF EXISTS `textparamvalue`;
/*!40101 SET @saved_cs_client     = @@character_set_client */;
/*!40101 SET character_set_client = utf8 */;
CREATE TABLE `textparamvalue` (
  `TextParamValueID` int(11) NOT NULL DEFAULT '0',
  `TextParamID` int(11) DEFAULT NULL,
  `LangID` int(11) DEFAULT NULL,
  `TextParamValue` text,
  PRIMARY KEY (`TextParamValueID`)
) ENGINE=InnoDB DEFAULT CHARSET=utf8;
/*!40101 SET character_set_client = @saved_cs_client */;

--
-- Dumping data for table `textparamvalue`
--

LOCK TABLES `textparamvalue` WRITE;
/*!40000 ALTER TABLE `textparamvalue` DISABLE KEYS */;
INSERT INTO `textparamvalue` VALUES (1,1,1,'Home'),(2,1,2,'หน้าหลัก'),(3,2,1,'Log out'),(4,2,2,'Log out'),(5,3,1,'Manage User Roles'),(6,3,2,'กำหนดหน้าที่พนักงาน'),(7,4,1,'Add User Role'),(8,4,2,'เพิ่มหน้าที่พนักงาน'),(9,5,1,'Role Name'),(10,5,2,'หน้าที่'),(11,6,1,'Edit'),(12,6,2,'แก้ไข'),(13,7,1,'Delete'),(14,7,2,'ลบ'),(15,8,1,'Are you sure you want to delete'),(16,8,2,'คุณแน่ใจหรือไม่ว่าจะลบ'),(17,9,1,'role?'),(18,9,2,'ออกจากระบบ?'),(19,10,1,'Add Staff Role:'),(20,10,2,'เพิ่มเติมข้อมูลของหน้าที่พนักงาน'),(21,11,1,'Edit Staff Role:'),(22,11,2,'แก้ไขข้อมูลของหน้าที่พนักงาน'),(23,12,1,'User Role Name'),(24,12,2,'ชื่อของหน้าที่'),(25,13,1,'Add User Role'),(26,13,2,'บันทึกข้อมูล'),(27,14,1,'Update User Role'),(28,14,2,'ปรับปรุงข้อมูล'),(29,15,1,'Staff Role Name must be filled before submission'),(30,15,2,'กรุณาใส่ชื่อของหน้าที่'),(31,16,1,'You have to select at least one item for user  role'),(32,16,2,'กรุณาเลือกอย่างน้อย 1 item สำหรับหน้าที่นี้'),(33,17,1,'Manage Users'),(34,17,2,'ระบบพนักงาน'),(35,18,1,'Add User'),(36,18,2,'เพิ่มพนักงาน'),(37,19,1,'Name'),(38,19,2,'ชื่อพนักงาน'),(39,20,1,'Role'),(40,20,2,'บทบาทและหน้าที่'),(41,21,1,'Are you sure you want to delete'),(42,21,2,'คุณแน่ใจหรือไม่ว่าจะลบข้อมูลของคุณ'),(43,22,1,'profile?'),(44,22,2,'ออกจากระบบ?'),(45,23,1,'-- List All Users --'),(46,23,2,'-- แสดงพนักงานทั้งหมด --'),(47,24,1,'Edit User Profile:'),(48,24,2,'แก้ไขข้อมูลพนักงาน:'),(49,25,1,'Add User:'),(50,25,2,'เพิ่มข้อมูลพนักงาน:'),(51,26,1,'Code'),(52,26,2,'รหัสพนักงาน'),(53,27,1,'Gender'),(54,27,2,'เพศ'),(55,28,1,'First Name'),(56,28,2,'ชื่อ'),(57,29,1,'Last Name'),(58,29,2,'นามสกุล'),(59,30,1,'Email Address'),(60,30,2,'อีเมล์์'),(61,31,1,'Address 1'),(62,31,2,'ที่อยู่ 1'),(63,32,1,'Address 2'),(64,32,2,'ที่อยู่ 2'),(65,33,1,'City'),(66,33,2,'เขต/อำเภอ'),(67,34,1,'Province'),(68,34,2,'จังหวัด'),(69,35,1,'Zip Code'),(70,35,2,'รหัสไปรษณีย์'),(71,36,1,'Telephone'),(72,36,2,'โทรศัพท์'),(73,37,1,'Mobile'),(74,37,2,'มือถือ'),(75,38,1,'Birthday'),(76,38,2,'วันเกิด'),(77,39,1,'Additional Info'),(78,39,2,'ข้อมูลเพิ่มเติม'),(79,40,1,'Personal ID'),(80,40,2,'เลขที่บัตรประชาชน'),(81,41,1,'Issue Date'),(82,41,2,'วันออกบัตร'),(83,42,1,'Expiration Date'),(84,42,2,'วันหมดอายุ'),(85,43,1,'Blood Group'),(86,43,2,'กรุ๊ปเลือด'),(87,44,1,'Add User Information'),(88,44,2,'Add ข้อมูล'),(89,45,1,'Update User Information'),(90,45,2,'Update ข้อมูล'),(91,46,1,'Cancel'),(92,46,2,'ยกเลิก'),(93,47,1,'Role'),(94,47,2,'บทบาทและหน้าที่'),(95,48,1,'Male'),(96,48,2,'ชาย'),(97,49,1,'Female'),(98,49,2,'หญิง'),(99,50,1,'*Staff Code must be filled before submission'),(100,50,2,'กรุณาใส่รหัสพนักงาน'),(101,51,1,'*User role must be selected before submission'),(102,51,2,'กรุณาเลือกบทบาทและหน้าที่ของพนักงาน'),(103,52,1,'*Gender must be chosen before submission'),(104,52,2,'กรุณาระบุเพศของพนักงาน'),(105,53,1,'*First Name must be filled before submission'),(106,53,2,'กรุณากรอกชื่อของพนักงาน'),(107,54,1,'*Last Name must be filled before submission'),(108,54,2,'กรุณากรอกนามสกุลของพนักงาน'),(109,55,1,'Picture File'),(110,55,2,'รูปพนักงาน'),(111,56,1,'System accepts only GIF and JPEG image format'),(112,56,2,'ระบบรองรับรูปแบบของรูป GIF และ JPEG เท่านั้น'),(113,60,1,'Yes'),(114,60,2,'ใช่'),(115,61,1,'No'),(116,61,2,'ไม่ใช่'),(117,57,1,'System Language'),(118,57,2,'ระบบภาษา'),(119,58,1,'*Please select system language before submission'),(120,58,2,'*กรุณาเลือกระบบภาษาของพนักงาน'),(121,59,1,'Activation'),(122,59,2,'อนุญาตให้เข้าระบบ'),(123,62,1,'*Invalid date format'),(124,62,2,'*รูปแบบของ วัน/เดือน/ปี ไม่ถูกต้อง'),(125,63,1,'Status'),(126,63,2,'สถานะ'),(127,64,1,'*Staff code is already in database. Please input new staff code.'),(128,64,2,'*รหัสพนักงานนี้มีในฐานข้อมูลแล้ว กรุณาใส่รหัสพนักงานใหม่'),(129,65,1,'*Invalid password'),(130,65,2,'*รูปแบบของรหัสไม่ถูกต้อง'),(131,66,1,'Activation'),(132,66,2,'การอนุญาตเข้าระบบ'),(133,67,1,'Click to Activate'),(134,67,2,'กดเพื่ออนุญาต'),(135,68,1,'Click to Deactivate'),(136,68,2,'กดเพื่อไม่อนุญาต'),(137,69,1,'Password'),(138,69,2,'รหัสผ่าน'),(139,70,1,'Confirm Password'),(140,70,2,'ยืนยันรหัสผ่าน'),(141,71,1,'*Password must be filled before submission'),(142,71,2,'*กรุณาใส่รหัสผ่าน'),(143,72,1,'*Password and confirm password are not match'),(144,72,2,'*รหัสผ่านและยืนยันรหัสผ่านไม่ตรงกัน'),(145,73,1,'View'),(146,73,2,'รายละเอียด'),(147,74,1,'Name'),(148,74,2,'ชื่อสกุล'),(149,75,1,'Address'),(150,75,2,'ที่อยู่'),(151,76,1,'Update Date'),(152,76,2,'วัน update ข้อมูล'),(153,77,1,'User Profile:'),(154,77,2,'รายละเอียดข้อมูลพนักงาน:'),(155,79,1,'Print this page'),(156,79,2,'พิมพ์'),(157,78,1,'Edit Profile'),(158,78,2,'แก้ไขข้อมูล'),(159,80,1,'Change Password'),(160,80,2,'แก้ไขรหัสผ่าน'),(161,81,1,'New Password'),(162,81,2,'รหัสใหม่'),(163,82,1,'Confirm New Password'),(164,82,2,'ยืนยันรหัสใหม่'),(165,83,1,'New password cannot be blank'),(166,83,2,'คุณยังไม่ได้ใส่รหัสใหม่'),(167,84,1,'New password and confirm new password are not match'),(168,84,2,'คุณพิมพ์รหัสใหม่กับยื่นยันรหัสใหม่ไม่เหมือนกัน'),(169,85,1,'Change Password'),(170,85,2,'เปลี่ยนรหัสผ่าน'),(171,86,1,'Password has been changed.'),(172,86,2,'ระบบได้เปลี่ยนรหัสผ่านเรียบร้อยแล้ว'),(173,87,1,'Go Back'),(174,87,2,'กลับสู่หน้าหลัก'),(175,88,1,'Change Password:'),(176,88,2,'เปลียนรหัสผ่าน:'),(177,89,1,'Before'),(178,89,2,'ก่อน'),(179,90,1,'After'),(180,90,2,'หลัง'),(181,92,1,'Manage Access Users'),(182,92,2,'กำหนดการ access กลุ่มของพนักงาน'),(183,91,1,NULL),(184,91,2,NULL),(185,93,1,'Manage Access Users:'),(186,93,2,'กำหนดการ access กลุ่มของพนักงาน'),(187,94,1,'Group for access'),(188,94,2,'กลุ่มที่สามารถ access ได้'),(189,95,1,'Manage Material Category'),(190,95,2,'จัดหมวดหมู่ของวัตถุดิบ'),(191,96,1,'Add Material Group'),(192,96,2,'เพิ่มกลุ่มของวัตถุดิบ'),(193,97,1,'Name'),(194,97,2,'ชื่อ'),(195,98,1,'Are you sure you want to delete'),(196,98,2,'คุณแน่ใจหรือไม่ว่าจะลบ'),(197,99,1,'category?'),(198,99,2,'ออกจากระบบ?'),(199,100,1,'Add Category'),(200,100,2,'เพิ่มข้อมูลหมวดหมู่'),(201,101,1,'Edit Category'),(202,101,2,'แก้ไขข้อมูลหมวดหมู่'),(203,102,1,'Category Name'),(204,102,2,'ชื่อหมวดหมู่'),(205,103,1,'Add Category'),(206,103,2,'เพิ่มข้อมูล'),(207,104,1,'Update Category'),(208,104,2,'update ข้อมูล'),(209,105,1,'Category name must be filled before submission'),(210,105,2,'กรุณาใส่ชื่อหมวดหมู่'),(211,106,1,'Manage Sub Company Category'),(212,106,2,'กำหนดนิติบุคคล'),(213,107,1,'Add Category'),(214,107,2,'เพิ่มนิติบุคคล'),(215,108,1,'Name'),(216,108,2,'ชื่อนิติบุคคล'),(217,109,1,'Are you sure you want to delete'),(218,109,2,'คุณแน่ใจหรือไม่ว่าจะลบ'),(219,110,1,'category?'),(220,110,2,'ออกจากระบบ?'),(221,111,1,'Add Category'),(222,111,2,'เพิ่มข้อมูลนิติบุคคล'),(223,112,1,'Edit Category'),(224,112,2,'แก้ไขข้อมูลนิติบุคคล'),(225,113,1,'Category Name'),(226,113,2,'ชื่อนิติบุคคล'),(227,114,1,'Add Category'),(228,114,2,'เพิ่มข้อมูล'),(229,115,1,'Update Category'),(230,115,2,'update ข้อมูล'),(231,116,1,'Category name must be filled before submission'),(232,116,2,'กรุณาใส่ชื่อนิติบุคคล'),(233,117,1,'Manage Product Category'),(234,117,2,'จัดหมวดหมู่ของสินค้า'),(235,118,1,'Product Group'),(236,118,2,'กลุ่มสินค้า'),(237,119,1,'Product Department'),(238,119,2,'หมวดสินค้า'),(239,120,1,'Group Code'),(240,120,2,'รหัสกลุ่มสินค้า'),(241,121,1,'Group Name'),(242,121,2,'ชื่อกลุ่มสินค้า'),(243,122,1,'Under Category'),(244,122,2,'อยู่ในนิติบุคคล'),(245,123,1,'Add Product Group'),(246,123,2,'เพิ่มกลุ่มสินค้า'),(247,124,1,'-- Select Product Level --'),(248,124,2,'-- กรุณาเลือกนิติบุคคล --'),(249,125,1,'Please create product category before creating product group'),(250,125,2,'กรุณาใส่ข้อมูลในส่วนของนิติบุคคลก่อนการเพิ่มกลุ่มสินค้า'),(251,126,1,'Add Product Group'),(252,126,2,'เพิ่มกลุ่มสินค้า'),(253,127,1,'Edit Product Group'),(254,127,2,'แก้ไขข้อมูลกลุ่มสินค้า'),(255,128,1,'Product group name must be filled before submission'),(256,128,2,'กรุณาใส่ชื่อกลุ่มสินค้า'),(257,129,1,'Product group code must be filled before submission'),(258,129,2,'กรุณาใส่รหัสกลุ่มสินค้า'),(259,130,1,'Product group level must be selected before submission'),(260,130,2,'กรุณาเลือกนิติบุคลลสำหรับกลุ่มสินค้า'),(261,131,1,'-- Select Product Level --'),(262,131,2,'-- กรุณาเลือกนิติบุคคล --'),(263,132,1,'All Product Group'),(264,132,2,'แสดงกลุ่มสินค้าทั้งหมด'),(265,133,1,'Department Code'),(266,133,2,'รหัสหมวดสินค้า'),(267,134,1,'Department Name'),(268,134,2,'ชื่อหมวดสินค้า'),(269,135,1,'Under Category'),(270,135,2,'หมวดหมู่ของหมวดสินค้า'),(271,136,1,'Add Product Department'),(272,136,2,'เพิ่มหมวดสินค้า'),(273,137,1,'-- Select Product Group --'),(274,137,2,'-- กรุณาเลือกกลุ่มสินค้า --'),(275,138,1,'Please create product group before creating product department'),(276,138,2,'กรุณาใส่ข้อมูลในส่วนของกลุ่มสินค้าก่อนการเพิ่มหมวดสินค้า'),(277,139,1,'Add Product Department'),(278,139,2,'เพิ่มข้อมูลของหมวดสินค้า'),(279,140,1,'Edit Product Department'),(280,140,2,'แก้ไขข้อมูลหมวดสินค้า'),(281,141,1,'Name must be filled before submission'),(282,141,2,'กรุณาใส่ชื่อของหมวดสินค้า'),(283,142,1,'Code must be filled before submission'),(284,142,2,'กรุณาใส่รหัสของหมวดสินค้า'),(285,143,1,'Category must be selected before submission'),(286,143,2,'กรุณาเลือกนิติบุคคลของหมวดสินค้า'),(287,144,1,'Product Group must be selected before submission'),(288,144,2,'กรุณาเลือกกลุ่มสินค้าของหมวดสินค้า'),(289,145,1,'Manage Material Category'),(290,145,2,'จัดหมวดหมู่ของวัตถุดิบ'),(291,146,1,'Material Group'),(292,146,2,'กลุ่มวัตถุดิบ'),(293,147,1,'Material Department'),(294,147,2,'หมวดวัตถุดิบ'),(295,148,1,'Group Code'),(296,148,2,'รหัสกลุ่มวัตถุดิบ'),(297,149,1,'Group Name'),(298,149,2,'ชื่อกลุ่มวัตถุดิบ'),(299,150,1,'Under Category'),(300,150,2,'อยู่ในวัตถุดิบหลัก'),(301,151,1,'Add Material Group'),(302,151,2,'เพิ่มกลุ่มวัตถุดิบ'),(303,152,1,'-- Select Material Level --'),(304,152,2,'-- กรุณาเลือกวัตถุดิบหลัก --'),(305,153,1,'Please create material category before creating material group'),(306,153,2,'กรุณาใส่ข้อมูลในส่วนของนิติบุคคลก่อนการเพิ่มกลุ่มวัตถุดิบ'),(307,154,1,'Add Material Group'),(308,154,2,'เพิ่มกลุ่มวัตถุดิบ'),(309,155,1,'Edit Material Group'),(310,155,2,'แก้ไขข้อมูลกลุ่มวัตถุดิบ'),(311,156,1,'Material group name must be filled before submission'),(312,156,2,'กรุณาใส่ชื่อกลุ่มวัตถุดิบ'),(313,157,1,'Material group code must be filled before submission'),(314,157,2,'กรุณาใส่รหัสกลุ่มวัตถุดิบ'),(315,158,1,'Material group level must be selected before submission'),(316,158,2,'กรุณาเลือกนิติบุคลลสำหรับกลุ่มวัตถุดิบ'),(317,159,1,'-- Select Material Level --'),(318,159,2,'-- กรุณาเลือกวัตถุดิบหลัก --'),(319,160,1,'All Material Group'),(320,160,2,'แสดงกลุ่มวัตถุดิบทั้งหมด'),(321,161,1,'Department Code'),(322,161,2,'รหัสหมวดวัตถุดิบ'),(323,162,1,'Department Name'),(324,162,2,'ชื่อหมวดวัตถุดิบ'),(325,163,1,'Under Category'),(326,163,2,'หมวดหมู่ของหมวดวัตถุดิบ'),(327,164,1,'Add Material Department'),(328,164,2,'เพิ่มหมวดวัตถุดิบ'),(329,165,1,'-- Select Material Group --'),(330,165,2,'-- กรุณาเลือกกลุ่มวัตถุดิบ --'),(331,166,1,'Please create material group before creating material department'),(332,166,2,'กรุณาใส่ข้อมูลในส่วนของกลุ่มวัตถุดิบก่อนการเพิ่มหมวดวัตถุดิบ'),(333,167,1,'Add Material Department'),(334,167,2,'เพิ่มข้อมูลของหมวดวัตถุดิบ'),(335,168,1,'Edit Material Department'),(336,168,2,'แก้ไขข้อมูลหมวดวัตถุดิบ'),(337,169,1,'Name must be filled before submission'),(338,169,2,'กรุณาใส่ชื่อของหมวดวัตถุดิบ'),(339,170,1,'Code must be filled before submission'),(340,170,2,'กรุณาใส่รหัสของหมวดวัตถุดิบ'),(341,171,1,'Category must be selected before submission'),(342,171,2,'กรุณาเลือกวัตถุดิบหลักของหมวดวัตถุดิบ'),(343,172,1,'Material Group must be selected before submission'),(344,172,2,'กรุณาเลือกกลุ่มวัตถุดิบของหมวดวัตถุดิบ'),(345,173,1,'Materials'),(346,173,2,'ข้อมูลวัตถุดิบ'),(347,174,1,'Material Code'),(348,174,2,'รหัสวัตถุดิบ'),(349,175,1,'Material Name'),(350,175,2,'ชื่อวัตถุดิบ'),(351,176,1,'Material Category'),(352,176,2,'หมวดหมู่วัตถุดิบ'),(353,177,1,'-- Select Material Department --'),(354,177,2,'-- กรุณาเลือกหมวดของวัตถุดิบ --'),(355,178,1,'Add Material'),(356,178,2,'เพิ่มวัตถุดิบ'),(357,179,1,'Please input material department before adding material'),(358,179,2,'กรุณาใส่ข้อมูลในส่วนของหมวดวัตถุดิบก่อนการเพิ่มวัตถุดิบ'),(359,180,1,'Material Type'),(360,180,2,'ชนิดของวัตถุดิบ'),(361,181,1,'Material Cost'),(362,181,2,'ต้นทุน'),(363,182,1,'-- Please Select Material Type --'),(364,182,2,'-- กรุณาเลือกชนิดของวัตถุดิบ --'),(365,183,1,'Please select material department before submission'),(366,183,2,'กรุณาเลือกหมวดของวัตถุดิบ'),(367,184,1,'Please select type of material'),(368,184,2,'กรุณาเลือกชนิดของวัตถุดิบ'),(369,185,1,'Invalid money format'),(370,185,2,'ต้นทุนต้องเป็นตัวเลข'),(371,186,1,'Products'),(372,186,2,'ข้อมูลสินค้า'),(373,187,1,'Product Code'),(374,187,2,'รหัสสินค้า'),(375,188,1,'Product Name'),(376,188,2,'ชื่อสินค้า'),(377,189,1,'Product Category'),(378,189,2,'หมวดหมู่สินค้า'),(379,190,1,'-- Select Product Department --'),(380,190,2,'-- กรุณาเลือกหมวดของสินค้า --'),(381,191,1,'Add Product'),(382,191,2,'เพิ่มสินค้า'),(383,192,1,'Please input product department before adding product'),(384,192,2,'กรุณาใส่ข้อมูลในส่วนของหมวดสินค้าก่อนการเพิ่มสินค้า'),(385,193,1,'Product Type'),(386,193,2,'ชนิดของสินค้า'),(387,194,1,'Product Cost'),(388,194,2,'ราคาขาย'),(389,195,1,'-- Please Select Product Type --'),(390,195,2,'-- กรุณาเลือกชนิดของสินค้า --'),(391,196,1,'Please select product department before submission'),(392,196,2,'กรุณาเลือกหมวดของสินค้า'),(393,197,1,'Please select type of product'),(394,197,2,'กรุณาเลือกชนิดของสินค้า'),(395,198,1,'Invalid money format'),(396,198,2,'ราคาขายต้องเป็นตัวเลข'),(397,199,1,'-- Select Unit --'),(398,199,2,'-- เลือกหน่วย --'),(399,200,1,'Please select unit before submission'),(400,200,2,'กรุณาเลือกหน่วยของต้นทุน'),(401,201,1,'Discount Allow'),(402,201,2,'อนุญาตให้ลดราคา'),(403,202,1,'Zero Price Allow'),(404,202,2,'อนุญาตให้ฟรี'),(405,203,1,'Product Code must be filled before submission'),(406,203,2,'กรุณาใส่รหัสของสินค้า'),(407,204,1,'Product Name must be filled before submission'),(408,204,2,'กรุณาใส่ชื่อของสินค้า'),(409,205,1,'Set Price'),(410,205,2,'กำหนดราคา'),(411,206,1,'Set Ingredient'),(412,206,2,'ส่วนประกอบ'),(413,207,1,'Edit Product'),(414,207,2,'แก้ไขข้อมูลสินค้า'),(415,208,1,'Config Ingredient of'),(416,208,2,'กำหนดส่วนประกอบของ'),(417,209,1,'#'),(418,209,2,'ลำดับ'),(419,210,1,'Material Code'),(420,210,2,'รหัสวัตถุดิบ'),(421,211,1,'Material Name'),(422,211,2,'ชื่อวัตถุดิบ'),(423,212,1,'Amount'),(424,212,2,'จำนวน'),(425,213,1,'Unit'),(426,213,2,'หน่วย'),(427,214,1,'Display'),(428,214,2,'เป็นตัวเลือก'),(429,215,1,'Action'),(430,215,2,'กระทำการ'),(431,216,1,'-- Unit --'),(432,216,2,'-- หน่วย --'),(433,217,1,'Select'),(434,217,2,'เลือก'),(435,218,1,'Code is not in database'),(436,218,2,'ไม่พบรหัสสินค้า'),(437,219,1,'Amount must be number'),(438,219,2,'จำนวนต้องเป็นตัวเลข'),(439,220,1,'Material already in database'),(440,220,2,'วัตถุดิบนี้มีแล้ว'),(441,221,1,'Go Back'),(442,221,2,'กลับไปหน้าสินค้า'),(443,222,1,'Are you sure you want delete'),(444,222,2,'คุณแน่ใจหรือไม่ว่าคุณต้องการลบส่วนประกอบ'),(445,223,1,'from'),(446,223,2,'ในสินค้า'),(447,224,1,'?'),(448,224,2,'?'),(449,226,1,'Baht'),(450,226,2,'บาท'),(451,225,1,'Total cost for'),(452,225,2,'ราคาต้นทุนของ'),(453,227,1,'='),(454,227,2,'='),(455,228,1,'Cost'),(456,228,2,'ต้นทุน'),(457,229,1,'Product Picture'),(458,229,2,'รูปของสินค้า'),(459,230,1,'System accepts only GIF and JPEG image format'),(460,230,2,'ระบบรองรับรูปแบบของรูป GIF และ JPEG เท่านั้น'),(461,231,1,'View current picture'),(462,231,2,'ดูรูปปัจจุบัน'),(463,232,1,'Save As'),(464,232,2,'บันทึกเป็น'),(465,233,1,'Activate'),(466,233,2,'อนุญาต'),(467,234,1,'Copy component of'),(468,234,2,'ทำการคัดลอกส่วนประกอบของ'),(469,235,1,'to new product'),(470,235,2,'เป็นสินค้าใหม่'),(471,236,1,'Calculate Price'),(472,236,2,'คำนวณราคา'),(473,237,1,'Product Price'),(474,237,2,'ราคาขาย'),(475,238,1,'Remark'),(476,238,2,'ข้อมูลเพิ่มเติม'),(477,239,1,'Main Price'),(478,239,2,'ราคาหลัก'),(479,240,1,'Set Main Price'),(480,240,2,'set ราคาหลัก'),(481,241,1,'Product Price must be decimal'),(482,241,2,'ราคาต้องเป็นตัวเลข'),(483,242,1,'Are you sure you want to delete price'),(484,242,2,'คุณแน่ใจหรือไม่ว่าคุณต้องการลบราคา'),(485,243,1,'Details of'),(486,243,2,'รายละเอียดของ'),(487,244,1,'Manage Unit'),(488,244,2,'กำหนดหน่วย'),(489,245,1,'Large Unit'),(490,245,2,'หน่วยใหญ่'),(491,246,1,'Small Unit'),(492,246,2,'หน่วยเล็ก'),(493,247,1,'Ratio'),(494,247,2,'อัตราส่วน'),(495,248,1,'Large Unit must be filled before submission'),(496,248,2,'กรุณาใส่หน่วยใหญ่'),(497,249,1,'Small Unit must be filled before submission'),(498,249,2,'กรุณาใส่หน่วยเล็ก'),(499,250,1,'Unit ratio must be number'),(500,250,2,'อัตราส่วนต้องเป็นตัวเลข'),(501,251,1,'Are you sure you want to delete unit'),(502,251,2,'คุณแน่ใจหรือไม่ว่าคุณต้องการลบหน่วย'),(503,252,1,'Preferences'),(504,252,2,'ตั้งค่าเริ่มต้น'),(505,253,1,'Company Profile'),(506,253,2,'ข้อมูลบริษัท'),(507,254,1,'Company Name'),(508,254,2,'ชื่อบริษัท'),(509,255,1,'Address1'),(510,255,2,'ที่อยู่ 1'),(511,256,1,'Address2'),(512,256,2,'ที่อยู่ 2'),(513,257,1,'City'),(514,257,2,'อำเภอ'),(515,258,1,'Province'),(516,258,2,'จังหวัด'),(517,259,1,'Zip code'),(518,259,2,'รหัสไปรษณีย์'),(519,260,1,'Telephone'),(520,260,2,'โทรศัพท์'),(521,261,1,'Fax'),(522,261,2,'โทรสาร'),(523,262,1,'Tax ID'),(524,262,2,'เลขประจำตัวผู้เสียภาษี'),(525,263,1,'Register ID'),(526,263,2,'เลขทะเบียนการค้า'),(527,264,1,'Update'),(528,264,2,'update ข้อมูล'),(529,265,1,'VAT'),(530,265,2,'ภาษี'),(531,266,1,'VAT must be decimal value'),(532,266,2,'ภาษีต้องเป็นตัวเลข'),(533,267,1,'Code already existed'),(534,267,2,'code มีในฐานข้อมูลแล้ว กรุณาใส่ code ใหม่'),(535,268,1,'Code already existed'),(536,268,2,'code มีในฐานข้อมูลแล้ว กรุณาใส่ code ใหม่'),(537,269,1,'Manage Vendors'),(538,269,2,'ระบบจัดการข้อมูลผู้จำหน่าย'),(539,270,1,'Vendor Group'),(540,270,2,'กลุ่มผู้จำหน่าย'),(541,271,1,'Vendor'),(542,271,2,'ผู้จำหน่าย'),(543,272,1,'Vendor Group Code'),(544,272,2,'รหัสกลุ่มผู้จำหน่าย'),(545,273,1,'Vendor Group Name'),(546,273,2,'ชื่อกลุ่มผู้จำหน่าย'),(547,274,1,'Vendor Code'),(548,274,2,'รหัสผู้จำหน่าย'),(549,275,1,'Vendor Name'),(550,275,2,'ชื่อผู้จำหน่าย'),(551,276,1,'Please create vendor group before adding vendor'),(552,276,2,'กรุณาเพิ่มข้อมูลกลุ่มของผู้จัดจำหน่ายก่อนการเพิ่มข้อมูลผู้จัดจำหน่าย'),(553,277,1,'Add Vendor Group'),(554,277,2,'เพิ่มกลุ่มผู้จำหน่าย'),(555,278,1,'Add Vendor'),(556,278,2,'เพิ่มผู้จำหน่าย'),(557,279,1,'-- Select Vendor Group --'),(558,279,2,'-- เลือกกลุ่มผู้จำหน่าย --'),(559,280,1,'Add'),(560,280,2,'เพิ่มข้อมูล'),(561,281,1,'Edit Info of'),(562,281,2,'แก้ไขข้อมูลของ'),(563,282,1,'Vendor Group must be filled before submission'),(564,282,2,'กรุณาใส่ชื่อของกลุ่มผู้จำหน่าย'),(565,283,1,'Vendor Group Code must be filled before submission'),(566,283,2,'กรุณาใส่รหัสของกลุ่มผู้จำหน่าย'),(567,284,1,'Code already existed'),(568,284,2,'code มีในฐานข้อมูลแล้ว กรุณาใส่ code ใหม่'),(569,285,1,'Are you sure you want to delete'),(570,285,2,'คุณแน่ใจหรือไม่ว่าจะลบ'),(571,286,1,'?'),(572,286,2,'ออกจากระบบ?'),(573,287,1,'Vendor Name must be filled before submission'),(574,287,2,'กรุณาใส่ชื่อบริษัทผู้จัดจำหน่าย'),(575,288,1,'First Name'),(576,288,2,'ชื่อผู้ติดต่อ'),(577,289,1,'Last Name'),(578,289,2,'นามสกุลผู้ติดต่อ'),(579,290,1,'Email Address'),(580,290,2,'อีเมล์'),(581,291,1,'Additional Info'),(582,291,2,'ข้อมูลเพิ่มเติม'),(583,292,1,'Mobile'),(584,292,2,'โทรศัพท์มือถือ'),(585,293,1,'Vendor Group must be selected before submission'),(586,293,2,'กรุณาเลือกกลุ่มของผู้จัดจำหน่าย'),(587,294,1,'Vendor Code must be filled before submission'),(588,294,2,'กรุณาใส่รหัสผู้จัดจำหน่าย'),(589,295,1,'Purchase Order'),(590,295,2,'ใบสั่งซื้อ'),(591,296,1,'Document Type'),(592,296,2,'ประเภทเอกสาร'),(593,297,1,'Document Number'),(594,297,2,'เลขที่เอกสาร'),(595,298,1,'Document Date'),(596,298,2,'วันที่'),(597,299,1,'Vendor Code'),(598,299,2,'รหัสผู้จำหน่าย'),(599,300,1,'Vendor Name'),(600,300,2,'ชื่อผู้จำหน่าย'),(601,301,1,'Vendor Address'),(602,301,2,'ที่อยู่ผู้จำหน่าย'),(603,302,1,'#'),(604,302,2,'ลำดับ'),(605,303,1,'Product Code'),(606,303,2,'รหัสสินค้า'),(607,304,1,'Product'),(608,304,2,'สินค้า'),(609,305,1,'Unit'),(610,305,2,'หน่วย'),(611,306,1,'Amount'),(612,306,2,'จำนวน'),(613,307,1,'Price Per Unit'),(614,307,2,'ราคาต่อหน่วย'),(615,308,1,'Discount'),(616,308,2,'ส่วนลด'),(617,309,1,'VAT'),(618,309,2,'VAT'),(619,310,1,'Action'),(620,310,2,'การกระทำ'),(621,311,1,'Find'),(622,311,2,'ค้นผู้จำหน่าย'),(623,312,1,'Go!'),(624,312,2,'ตกลง'),(625,313,1,'No vendor match input code'),(626,313,2,'ไม่พบข้อมูลผู้จัดจำหน่าย'),(627,314,1,'Sub Total'),(628,314,2,'จำนวนเงิน'),(629,315,1,'Cannot find product'),(630,315,2,'ไม่พบข้อมูลสินค้า'),(631,316,1,'Amount must be numeric'),(632,316,2,'จำนวนต้องเป็นตัวเลข'),(633,317,1,'Price must be numeric'),(634,317,2,'ราคาต้องเป็นตัวเลข'),(635,318,1,'Discount must be numeric'),(636,318,2,'ส่วนลดต้องเป็นตัวเลข'),(637,319,1,'Product already in database'),(638,319,2,'รหัสสินค้ามีแล้ว'),(639,320,1,'Save Data'),(640,320,2,'บันทึกข้อมูล'),(641,321,1,'Preview'),(642,321,2,'Preview'),(643,322,1,'No data to save'),(644,322,2,'ไม่มีข้อมูลที่จะบันทึก กรุณาเพิ่มเติมข้อมูล'),(645,323,1,'Incorrect date'),(646,323,2,'วันที่ไม่ถูกต้อง'),(647,324,1,'Find PO'),(648,324,2,'ค้นหาใบสั่งซื้อ'),(649,325,1,'Add PO'),(650,325,2,'เพิ่มข้อมูลในใบสั่งซื้อ'),(651,326,1,'Edit PO'),(652,326,2,'แก้ไขข้อมูลในใบสั่งซื้อ'),(653,327,1,'Status'),(654,327,2,'สถานะ'),(655,328,1,'update data'),(656,328,2,'update ข้อมูล'),(657,329,1,'Data have been updated!'),(658,329,2,'ข้อมูลได้ทำการ update เรียบร้อยแล้ว'),(659,330,1,'Search'),(660,330,2,'ค้นหา'),(661,331,1,'To'),(662,331,2,'ถึง'),(663,332,1,'Invalid date'),(664,332,2,'ข้อมูลวันที่ไม่ถูกต้อง'),(665,333,1,'found'),(666,333,2,'พบ'),(667,334,1,'record(s)'),(668,334,2,'ข้อมูล'),(669,335,1,'Editable document'),(670,335,2,'แก้ไขเอกสาร'),(671,336,1,'Document has been approved'),(672,336,2,'เอกสารผ่านการอนุมัติแล้ว'),(673,337,1,'Document has been received'),(674,337,2,'เอกสารมีการรับสินค้าแล้ว'),(675,338,1,'Document has been voided'),(676,338,2,'เอกสารถูกยกเลิก'),(677,339,1,'Prepare new document'),(678,339,2,'เตรียมเอกสารใหม่'),(679,340,1,'Approve'),(680,340,2,'Approve เอกสาร'),(681,341,1,'Void'),(682,341,2,'ยกเลิกเอกสาร'),(683,342,1,'Unapproved'),(684,342,2,'เปลี่ยนเป็นเอกสารที่แก้ไขได้'),(685,343,1,'Unvoid'),(686,343,2,'เปลี่ยนเป็นเอกสารที่แก้ไขได้'),(687,344,1,'Search Purchase Order'),(688,344,2,'ค้นใบสั่งซื้อ'),(689,345,1,'Search Receive Order'),(690,345,2,'ค้นใบรับสินค้า'),(691,346,1,'Document # Reference'),(692,346,2,'อ้างอิงถึงเอกสารเลขที่'),(693,347,1,'Invoice Reference'),(694,347,2,'อ้างถึง invoice เลขที่'),(695,348,1,'Save As Receive Order'),(696,348,2,'บันทึกเป็นรับสินค้า'),(697,349,1,'Inventory'),(698,349,2,'คลังสินค้า'),(699,350,1,'-- Select Inventory --'),(700,350,2,'-- กรุณาเลือกคลังสินค้า --'),(701,351,1,'Please select inventory'),(702,351,2,'กรุณาเลือกคลังสินค้า'),(703,352,1,'Receive order has been added'),(704,352,2,'ระบบได้ทำการบันทึกใบรับสินค้าเรียบร้อยแล้ว'),(705,353,1,'Total Cost'),(706,353,2,'ราคารวม'),(707,354,1,'Add Withdraw Document'),(708,354,2,'เพิ่มข้อมูลใบเบิกจ่าย'),(709,355,1,'Search Withdraw Document'),(710,355,2,'ค้นหาใบเบิกจ่าย'),(711,356,1,'From Inventory'),(712,356,2,'เบิกจากคลัง'),(713,357,1,'To Inventory'),(714,357,2,'ไปยังคลัง'),(715,358,1,'No Inventory'),(716,358,2,'ไม่เก็บในคลังสินค้า'),(717,359,1,'Save Data'),(718,359,2,'บันทึกเป็นใบปรับลดสินค้า'),(719,360,1,'Balance'),(720,360,2,'คงเหลือ'),(721,361,1,'Manage Members'),(722,361,2,'ระบบจัดการสมาชิก'),(723,362,1,'Add Member Group'),(724,362,2,'เพิ่มกลุ่มสมาชิก'),(725,363,1,'Member Group Name'),(726,363,2,'ชื่อกลุ่มสมาชิก'),(727,364,1,'Are you sure you want to delete'),(728,364,2,'คุณแน่ใจหรือไม่ว่าจะลบกลุ่มสมาชิก'),(729,365,1,'?'),(730,365,2,'ออกจากระบบ?'),(731,366,1,'Member Properties'),(732,366,2,'กำหนดข้อมูลของกลุ่ม'),(733,367,1,'Add Member Group'),(734,367,2,'เพิ่มข้อมูล'),(735,368,1,'Update'),(736,368,2,'update ข้อมูล'),(737,369,1,'Member Group Name must be filled before submission'),(738,369,2,'กรุณาใส่ชื่อกลุ่มสมาชิก'),(739,376,1,'Zip Code'),(740,376,2,'รหัสไปรษณีย์'),(741,375,1,'Province'),(742,375,2,'จังหวัด'),(743,374,1,'City'),(744,374,2,'เขต/อำเภอ'),(745,381,1,'Mobile'),(746,381,2,'โทรศัพท์มือถือ'),(747,373,1,'Address 2'),(748,373,2,'แขวง/ตำบล'),(749,380,1,'Additional Info'),(750,380,2,'ข้อมูลเพิ่มเติม'),(751,372,1,'Address 1'),(752,372,2,'ที่อยู่ 1'),(753,379,1,'Email'),(754,379,2,'อีเมล์์'),(755,371,1,'Last Name'),(756,371,2,'นามสกุล'),(757,378,1,'Fax'),(758,378,2,'โทรสาร'),(759,370,1,'First Name'),(760,370,2,'ชื่อ'),(761,377,1,'Telephone'),(762,377,2,'โทรศัพท์'),(763,382,1,'Manage Members'),(764,382,2,'ระบบจัดการสมาชิก'),(765,383,1,'Add Member'),(766,383,2,'เพิ่มสมาชิก'),(767,384,1,'-- Select Member Group --'),(768,384,2,'-- กรุณาเลือกกลุ่มสมาชิก --'),(769,385,1,'List All Members'),(770,385,2,'แสดงสมาชิกทั้งหมด'),(771,386,1,'Status'),(772,386,2,'สถานะ'),(773,387,1,'Activation'),(774,387,2,'การอนุญาต'),(775,388,1,'Click to Activate'),(776,388,2,'กดเพื่ออนุญาต'),(777,389,1,'Click to Deactivate'),(778,389,2,'กดเพื่อไม่อนุญาต'),(779,390,1,'Member Name'),(780,390,2,'ชื่อสมาชิก'),(781,391,1,'Member Group'),(782,391,2,'ชื่อกลุ่มสมาชิก'),(783,392,1,'Member Code'),(784,392,2,'รหัสสมาชิก'),(785,395,1,'Female'),(786,395,2,'หญิง'),(787,394,1,'Male'),(788,394,2,'ชาย'),(789,393,1,'Sex'),(790,393,2,'เพศ'),(791,399,1,'ID Expire Date'),(792,399,2,'วันหมดอายุ'),(793,398,1,'ID Issue Date'),(794,398,2,'วันออกบัตร'),(795,397,1,'ID Number'),(796,397,2,'เลขที่บัตรประชาชน'),(797,396,1,'Birthday'),(798,396,2,'วันเกิด'),(799,401,1,'Language'),(800,401,2,'ระบบภาษา'),(801,400,1,'Blood'),(802,400,2,'กรุ๊ปเลือด'),(803,402,1,'Member Picture'),(804,402,2,'รูปของสมาชิก'),(805,403,1,'Activation'),(806,403,2,'อนุญาตให้เข้าระบบ'),(807,405,1,'Confirm Password'),(808,405,2,'ยืนยันรหัสผ่าน'),(809,404,1,'Password'),(810,404,2,'รหัสผ่าน'),(811,406,1,'Add Member'),(812,406,2,'เพิ่มสมาชิก'),(813,407,1,'Edit Member'),(814,407,2,'แก้ไขข้อมูลสมาชิก'),(815,408,1,'Add Data'),(816,408,2,'เพิ่มข้อมูล'),(817,409,1,'Update Data'),(818,409,2,'update ข้อมูล'),(819,415,1,'First Name must be filled before submission'),(820,415,2,'กรุณากรอกชื่อ'),(821,414,1,'Please select sex'),(822,414,2,'กรุณาระบบเพศ'),(823,413,1,'Please select language'),(824,413,2,'กรุณาเลือกระบบภาษา'),(825,412,1,'Password and Confirm Password are not match'),(826,412,2,'รหัสผ่านกับยืนยันรหัสผ่านไม่ตรงกัน'),(827,411,1,'Password must be filled before submission'),(828,411,2,'กรุณาใส่รหัสผ่าน'),(829,417,1,'Invalid date'),(830,417,2,'วันเดือนปี ไม่ถูกต้อง'),(831,416,1,'Last Name must be filled before submission'),(832,416,2,'กรุณากรอกนามสกุล'),(833,410,1,'Member Code must be filled before submission'),(834,410,2,'กรุณาใส่รหัสของสมาชิก'),(835,418,1,'Member Code already in database'),(836,418,2,'รหัสสมาชิกมีอยู่แล้ว กรุณาใส่รหัสสมาชิกใหม่'),(837,419,1,'Member Group must be selected before submission'),(838,419,2,'กรุณาเลือกกลุ่มของสมาชิก'),(839,421,1,'Address'),(840,421,2,'ที่อยู่'),(841,420,1,'Name'),(842,420,2,'ชื่อสกุล'),(843,422,1,'update date'),(844,422,2,'วัน update ข้อมูล'),(845,423,1,'Member Profile:'),(846,423,2,'ข้อมูลของสมาชิก'),(847,425,1,'Change Password'),(848,425,2,'แก้ไขรหัสผ่าน'),(849,424,1,'Edit Profile'),(850,424,2,'แก้ไขข้อมูล'),(851,426,1,'Back'),(852,426,2,'กลับหน้าหลัก'),(853,427,1,'-- Select Shop --'),(854,427,2,'-- กรุณาเลือกร้านค้า --'),(855,428,1,'Order #'),(856,428,2,'ลำดับที่'),(857,429,1,'Shop Name'),(858,429,2,'ร้านค้า'),(859,430,1,'Discount (%)'),(860,430,2,'ส่วนลด (%)'),(861,431,1,'Discount must be numeric that less than 100 and greater than 0'),(862,431,2,'ส่วนลดต้องเป็นตัวเลขที่มากกว่า 0 และ น้อยกว่า 100'),(863,432,1,'Please select shop'),(864,432,2,'กรุณาเลือกร้านค้า'),(865,434,1,'Please select inventory'),(866,434,2,'กรุณาเลือกคลังสินค้าที่จะเข้าสต๊อก'),(867,433,1,'Please select inventory'),(868,433,2,'กรุณาเลือกคลังสินค้าที่จะตัดสต๊อก'),(869,435,1,'Additional Info'),(870,435,2,'ข้อมูลเพิ่มเติม'),(871,438,1,'Add Reduce Document'),(872,438,2,'เพิ่มข้อมูลใบปรับเพิ่มสินค้า'),(873,437,1,'Search Increase Document'),(874,437,2,'ค้นหาใบปรับลดสินค้า'),(875,436,1,'Add Increase Document'),(876,436,2,'เพิ่มข้อมูลใบปรับลดสินค้า'),(877,439,1,'Search Reduce Document'),(878,439,2,'ค้นหาใบปรับเพิ่มสินค้า'),(879,440,1,'Member Expiration'),(880,440,2,'วันหมดอายุบัตร'),(881,441,1,'Add Products'),(882,441,2,'กำหนดกลุ่มสินค้าสำหรับกลุ่มสมาชิก'),(883,442,1,'Edit Products'),(884,442,2,'แก้ไขสินค้าที่ลิ้งค์กับสมาชิก'),(885,443,1,'Config Products For'),(886,443,2,'กำหนดกลุ่มสินค้าสำหรับ'),(887,444,1,'Promotion Price System'),(888,444,2,'ระบบจัดการราคาโปรโมชั่น'),(889,445,1,'Add Promotion Price'),(890,445,2,'เพิ่มโปรโมชั่นราคา'),(891,446,1,'Promotion Name'),(892,446,2,'ชื่อโปรโมชั่น'),(893,447,1,'Products for Promotion'),(894,447,2,'กำหนดกลุ่มสินค้าสำหรับโปรโมชั่น'),(895,448,1,'Promotion Criteria'),(896,448,2,'ข้อกำหนดของโปรโมชั่น'),(897,449,1,'Manage Smartcard'),(898,449,2,'ระบบสมาร์ทการ์ด'),(899,450,1,'Smartcard Group'),(900,450,2,'กลุ่มสมาร์ทการ์ด'),(901,451,1,'Smartcard ID'),(902,451,2,'สมาร์ทการ์ด ID'),(903,453,1,'Click to Deactivate'),(904,453,2,'กดเพื่อไม่อนุญาต'),(905,452,1,'Click to Activate'),(906,452,2,'กดเพื่ออนุญาต'),(907,454,1,'Smartcard Amount'),(908,454,2,'เงินคงเหลือในบัตร'),(909,455,1,'From Date'),(910,455,2,'เริ่มวันที่'),(911,456,1,'To Date'),(912,456,2,'ถึงวันที่'),(913,457,1,'From Time'),(914,457,2,'เริ่มเวลา'),(915,458,1,'To Time'),(916,458,2,'ถึงเวลา'),(917,459,1,'Extra Criteria'),(918,459,2,'เงื่อนไขรอบเวลา'),(919,460,1,'Weekly'),(920,460,2,'รอบสัปดาห์'),(921,461,1,'Monthly'),(922,461,2,'รอบเดือน'),(923,462,1,'None'),(924,462,2,'ไม่ระบุรอบเวลา'),(925,476,1,'July'),(926,476,2,'กรกฎาคม'),(927,468,1,'Saturday'),(928,468,2,'เสาร์'),(929,477,1,'August'),(930,477,2,'สิงหาคม'),(931,469,1,'Sunday'),(932,469,2,'อาทิตย์'),(933,474,1,'May'),(934,474,2,'พฤษภาคม'),(935,466,1,'Thursday'),(936,466,2,'พฤหัสบดี'),(937,481,1,'December'),(938,481,2,'ธันวาคม'),(939,475,1,'June'),(940,475,2,'มิถุนายน'),(941,467,1,'Friday'),(942,467,2,'ศุกร์'),(943,480,1,'November'),(944,480,2,'พฤศจิกายน'),(945,472,1,'March'),(946,472,2,'มีนาคม'),(947,464,1,'Tuesday'),(948,464,2,'อังคาร'),(949,473,1,'April'),(950,473,2,'เมษายน'),(951,465,1,'Wednesday'),(952,465,2,'พุธ'),(953,478,1,'September'),(954,478,2,'กันยายน'),(955,470,1,'January'),(956,470,2,'มกราคม'),(957,479,1,'October'),(958,479,2,'ตุลาคม'),(959,471,1,'February'),(960,471,2,'กุมภาพันธ์'),(961,463,1,'Monday'),(962,463,2,'จันทร์'),(963,482,1,'Discount'),(964,482,2,'ลดราคา'),(965,483,1,'Activation'),(966,483,2,'อนุญาต'),(967,484,1,'To date must greater than or equal to From Date'),(968,484,2,'\"ถึงวันที่\" ต้องเป็นวันที่มากกว่าหรือเท่ากับ \"เริ่มวันที่\"'),(969,485,1,''),(970,485,2,''),(971,486,1,'Add Promotion'),(972,486,2,'เพิ่มโปรโมชั่นราคา'),(973,487,1,'Update Promotion'),(974,487,2,'update โปรโมชั่น'),(975,488,1,'Promotion Name must be filled before submission'),(976,488,2,'กรุณาใส่ชื่อโปรโมชั่น'),(977,489,1,'Percentage must be numeric number and less than 100'),(978,489,2,'เปอร์เซ็นต์ต้องเป็นตัวเลขที่น้อยกว่า 100'),(979,490,1,'Discount price must be numeric number'),(980,490,2,'ราคาที่ลดต้องเป็นตัวเลขที่มากกว่า 0'),(981,491,1,'Invalid time format'),(982,491,2,'เวลาไม่ถูกต้อง'),(983,492,1,'Status'),(984,492,2,'สถานะ'),(985,493,1,'Activation'),(986,493,2,'การอนุญาต'),(987,494,1,'Allow to use<br>with other promotions'),(988,494,2,'อนุญาตใช้ร่วมกับ<br>โปรโมชั่นอื่น'),(989,495,1,'Set Staff Discount'),(990,495,2,'กำหนด discount'),(991,496,1,'Set Products'),(992,496,2,'กำหนดสินค้าสำหรับ discount'),(993,497,1,'Coupon Discount System'),(994,497,2,'ระบบ coupon discount'),(995,498,1,'Voucher System'),(996,498,2,'ระบบ voucher'),(997,499,1,'Amount (Total::Used)'),(998,499,2,'จำนวน<br>(ทั้งหมด::ที่ใช้แล้ว)'),(999,500,1,'Add Coupon Group'),(1000,500,2,'เพิ่มกลุ่ม coupon'),(1001,501,1,'Add Voucher Group'),(1002,501,2,'เพิ่มกลุ่ม voucher'),(1003,502,1,'Promotion Name<br>Promotion Header'),(1004,502,2,'ชื่อโปรโมชั่น<br>รหัสโปรโมชั่น'),(1005,503,1,'Coupon Header'),(1006,503,2,'รหัส coupon'),(1007,504,1,'Voucher Header'),(1008,504,2,'รหัส voucher'),(1009,505,1,'Amount'),(1010,505,2,'จำนวนที่ต้องการ (ใบ)'),(1011,506,1,'Percent Discount'),(1012,506,2,'เปอร์เซ็นต์ส่วนลด'),(1013,507,1,'Voucher Amount'),(1014,507,2,'ราคาของ voucher'),(1015,508,1,'Voucher Type'),(1016,508,2,'ชนิดของ voucher'),(1017,509,1,'Expire Date'),(1018,509,2,'วันหมดอายุ'),(1019,510,1,'Sold Voucher'),(1020,510,2,'voucher แบบขาย'),(1021,511,1,'Gift Voucher'),(1022,511,2,'voucher แบบให้'),(1023,512,1,'Header must be filled before submission'),(1024,512,2,'กรุณาใส่รหัส'),(1025,513,1,'Amount must be numeric number and greater than 0'),(1026,513,2,'จำนวนต้องเป็นตัวเลขที่มากกว่า 0'),(1027,514,1,'Voucher value must be greater than 0'),(1028,514,2,'ราคาของ voucher ต้องมากกว่า 0'),(1029,515,1,'Header already in database. Please type new header.'),(1030,515,2,'รหัสซ้ำกับรหัสที่มีอยู่ กรุณาใส่รหัสใหม่'),(1031,516,1,'For Price Over'),(1032,516,2,'สำหรับราคารวมสินค้าที่มากกว่า'),(1033,517,1,'Add Coupon(s)'),(1034,517,2,'เพิ่มจำนวน coupon'),(1035,518,1,'Add Voucher(s)'),(1036,518,2,'เพิ่มจำนวน voucher'),(1037,519,1,''),(1038,519,2,'ใบ'),(1039,520,1,'Add'),(1040,520,2,'เพิ่มจำนวน'),(1041,521,1,'Add'),(1042,521,2,'เพิ่มจำนวน'),(1043,522,1,'Add Coupon Promotion'),(1044,522,2,'เพิ่ม coupon โปรโมชั่น'),(1045,523,1,'Add Voucher Promotion'),(1046,523,2,'เพิ่ม voucher โปรโมชั่น'),(1047,524,1,'Update Coupon Promotion'),(1048,524,2,'update coupon โปรโมชั่น'),(1049,525,1,'Update Voucher Promotion'),(1050,525,2,'update voucher โปรโมชั่น'),(1051,526,1,'For'),(1052,526,2,'ประจำเดือน'),(1053,528,1,'Edit Stock Card'),(1054,528,2,'ค้นหาใบนับสต๊อก'),(1055,527,1,'Add Stock Card'),(1056,527,2,'เพิ่มข้อมูลใบนับสต๊อก'),(1057,530,1,'-- Select Material Dept --'),(1058,530,2,'-- กรุณาเลือกหมวดวัตถุดิบ --'),(1059,529,1,'-- Select Material Group --'),(1060,529,2,'-- กรุณาเลือกกลุ่มวัตถุดิบ --'),(1061,531,1,'Save Data'),(1062,531,2,'บันทึกค่า'),(1063,532,1,'Number must be numeric that greater than 0'),(1064,532,2,'จำนวนทุกจำนวนต้องเป็นตัวเลขที่มากกว่า 0'),(1065,533,1,'Data have been saved'),(1066,533,2,'บันทึกข้อมูลเรียบร้อยแล้ว'),(1067,534,1,'stock card already existed'),(1068,534,2,'สต๊อกเดือนที่กำหนดกับคลังที่กำหนดมีแล้ว'),(1069,535,1,'Amount Criteria'),(1070,535,2,'เงื่อนไขจำนวน'),(1071,536,1,'Every'),(1072,536,2,'ทุกๆ จำนวน'),(1073,537,1,'Over'),(1074,537,2,'มากกว่า จำนวน'),(1075,538,1,'None'),(1076,538,2,'ไม่ระบุเงื่อนไขจำนวน'),(1077,539,1,'Golf Promotion'),(1078,539,2,'โปรโมชั่นลูกกอล์ฟ'),(1079,542,1,'Printer Name'),(1080,542,2,'ชื่อ printer'),(1081,540,1,'Config Printers'),(1082,540,2,'กำหนด printer'),(1083,541,1,'Add'),(1084,541,2,'เพิ่มข้อมูล'),(1085,544,1,'Printer Name must be filled before submission'),(1086,544,2,'กรุณาใส่ชื่อ printer'),(1087,543,1,'Update'),(1088,543,2,'update'),(1089,545,1,'Printer Name'),(1090,545,2,'ชื่อ printer'),(1091,546,1,'-- Select Printer --'),(1092,546,2,'-- เลือก printer --'),(1093,547,1,'open hours'),(1094,547,2,'เวลาทำการ'),(1095,549,1,'Close Hour'),(1096,549,2,'เวลาปิด'),(1097,548,1,'Open Hour'),(1098,548,2,'เวลาเปิด'),(1099,550,1,'Product Type'),(1100,550,2,'ชนิดของสินค้า'),(1101,552,1,'Product Name'),(1102,552,2,'ชื่อสินค้า'),(1103,551,1,'Product Code'),(1104,551,2,'รหัสสินค้า'),(1105,553,1,'Set up products for'),(1106,553,2,'กำหนดสินค้าของชุดสินค้า'),(1107,554,1,'Duplicate Product'),(1108,554,2,'สินค้ามีแล้ว'),(1109,555,1,'Set Price For'),(1110,555,2,'กำหนดราคาของ'),(1111,556,1,'Material Card'),(1112,556,2,'ทะเบียนวัตถุดิบ'),(1113,557,1,'Search'),(1114,557,2,'ค้นหา'),(1115,558,1,'Inventory'),(1116,558,2,'คลัง'),(1117,559,1,'Is Shop?'),(1118,559,2,'มีสินค้าหน้าร้าน'),(1119,560,1,'Document Name'),(1120,560,2,'ชื่อเอกสาร'),(1121,561,1,'-- Select Document Name --'),(1122,561,2,'-- กรุณาเลือกชื่อเอกสาร --'),(1123,562,1,'Adjust Amount'),(1124,562,2,'จำนวนที่ลด'),(1125,563,1,'Adjust Amount'),(1126,563,2,'จำนวนที่เพิ่ม'),(1127,564,1,'Previous Amount'),(1128,564,2,'จำนวนเดิม'),(1129,566,1,'Price Per Small Unit'),(1130,566,2,'ราคาต่อหน่วยเล็ก'),(1131,565,1,'Price Per Large Unit'),(1132,565,2,'ราคาต่อหน่วยใหญ่'),(1133,567,1,'Amount must be less than or equal to previous amount'),(1134,567,2,'จำนวนทุกจำนวนต้องเป็นตัวเลขที่น้อยกว่าหรือเท่ากับจำนวนเดิม'),(1135,568,1,'Sale Report'),(1136,568,2,'รายงานสรุปยอดการขาย'),(1137,569,1,'Please select date'),(1138,569,2,'เงื่อนไขตามวัน เดือน ปี'),(1139,570,1,'Daily Report'),(1140,570,2,'ประจำวัน'),(1141,572,1,'Yearly Report'),(1142,572,2,'ประจำปี'),(1143,571,1,'Monthly Report'),(1144,571,2,'ประจำเดือน'),(1145,573,1,'Period Report'),(1146,573,2,'ช่วงเวลา'),(1147,574,1,'Is Inventory?'),(1148,574,2,'มีคลังสินค้า'),(1149,576,1,'Due Date'),(1150,576,2,'กำหนดวันส่ง'),(1151,575,1,'Term of Payment'),(1152,575,2,'เงื่อนไขการชำระเงิน'),(1153,577,1,'day(s)'),(1154,577,2,'วัน'),(1155,578,1,'RO Summary'),(1156,578,2,'สรุปราคาของใบรับสินค้า'),(1157,579,1,'Small Unit'),(1158,579,2,'หน่วยเล็ก'),(1159,581,1,'Ratio'),(1160,581,2,'อัตราส่วน'),(1161,580,1,'Large Unit'),(1162,580,2,'หน่วยใหญ่'),(1163,583,1,'Not Include VAT'),(1164,583,2,'ราคายังไม่รวม VAT'),(1165,582,1,'Include VAT'),(1166,582,2,'ราคารวม VAT'),(1167,584,1,'No VAT'),(1168,584,2,'ไม่มี VAT'),(1169,585,1,'Shop Type'),(1170,585,2,'รูปแบบร้านค้า'),(1171,586,1,'Out:In:No'),(1172,586,2,'นอก : ใน : ไม่มี'),(1173,587,1,'Date'),(1174,587,2,'วันที่'),(1175,588,1,'To'),(1176,588,2,'ถึง'),(1177,589,1,'Search'),(1178,589,2,'ค้นหา'),(1179,591,1,'Receipt Number'),(1180,591,2,'ใบสั่งเลขที่'),(1181,590,1,'Name'),(1182,590,2,'รายการนอกเมนู'),(1183,592,1,'Receipt Date'),(1184,592,2,'วันที่สั่ง'),(1185,593,1,'Find'),(1186,593,2,'พบ'),(1187,594,1,'Record(s)'),(1188,594,2,'ข้อมูล'),(1189,595,1,'Price Per Unit'),(1190,595,2,'ราคาต่อหน่วย'),(1191,596,1,'Edit Other Food'),(1192,596,2,'แก้ไขรายการอาหารนอกเมนู'),(1193,597,1,'Move selected items to product code:'),(1194,597,2,'ทำการย้ายรายการข้างต้นเป็นรหัสสินค้า:'),(1195,598,1,'Move Success'),(1196,598,2,'ทำการย้ายรายการเรียบร้อยแล้ว'),(1197,599,1,'From'),(1198,599,2,'เริ่มจากวันที่'),(1199,601,1,'now'),(1200,601,2,'ปัจจุบัน'),(1201,600,1,'until'),(1202,600,2,'จนถึง'),(1203,603,1,'End Date'),(1204,603,2,'ถึงวันที่'),(1205,602,1,'Start Date'),(1206,602,2,'เริ่มวันที่'),(1207,604,1,'Ingredient'),(1208,604,2,'สูตรที่'),(1209,605,1,'Set Ingredient'),(1210,605,2,'กำหนดส่วนประกอบ'),(1211,606,1,'NOTE: If you change formula, it will effect calculating cost during'),(1212,606,2,'หมายเหตุ: ถ้ามีการเปลี่นยแปลงสูตร จะทำให้มีผลต่อการคำนวณต้นทุนช่วง'),(1213,607,1,'Add Formula'),(1214,607,2,'เพิ่มสูตร'),(1215,608,1,'Are you sure you want to add a new formula?'),(1216,608,2,'คุณแน่ใจหรือไม่ที่จะเพิ่มสูตร?'),(1217,609,1,'Go Back'),(1218,609,2,'กลับไปหน้าสูตรหลัก'),(1219,610,1,'Change Date'),(1220,610,2,'เปลี่ยนวัน'),(1221,611,1,'Change starting date for formula of'),(1222,611,2,'เปลี่ยนแปลงวันที่ส่วนประกอบของ'),(1223,614,1,'Less than'),(1224,614,2,'วันที่ต้องน้อยกว่าวันที่'),(1225,613,1,'Changing Period'),(1226,613,2,'ช่วงวันที่คุณเปลี่ยนได้คือ'),(1227,615,1,'Greater than'),(1228,615,2,'วันที่ต้องมากกว่าวันที่'),(1229,612,1,'Note'),(1230,612,2,'หมายเหตุ'),(1231,616,1,'Date must be in period'),(1232,616,2,'วันที่ต้องอยู่ในช่วง'),(1233,621,1,'Zone Name'),(1234,621,2,'ชื่อโซน'),(1235,618,1,'Table Zone'),(1236,618,2,'โซนของโต๊ะ'),(1237,617,1,'Manage Tables'),(1238,617,2,'ระบบจัดการข้อมูลโต๊ะ'),(1239,620,1,'-- Please select shop ---'),(1240,620,2,'-- กรุณาเลือกร้าน --'),(1241,619,1,'Table'),(1242,619,2,'โต๊ะ'),(1243,622,1,'Show All Zones'),(1244,622,2,'แสดงโซนทั้งหมด'),(1245,623,1,'Add Zone'),(1246,623,2,'เพิ่มโซน'),(1247,624,1,'Table Name'),(1248,624,2,'ชื่อโต๊ะ'),(1249,625,1,'Please add table zone before adding table'),(1250,625,2,'กรุณาเพิ่มข้อมูลของโซนก่อนการเพิ่มโต๊ะ'),(1251,626,1,'-- Select Zone --'),(1252,626,2,'-- กรุณาเลือกโซน --'),(1253,627,1,'Add Table'),(1254,627,2,'เพิ่มโต๊ะ'),(1255,628,1,'Shop'),(1256,628,2,'ร้าน'),(1257,630,1,'Zone name cannot be blank'),(1258,630,2,'กรุณาใส่ชื่อของโซน'),(1259,629,1,'Please select shop'),(1260,629,2,'กรุณาเลือกร้าน'),(1261,631,1,'Capacity'),(1262,631,2,'ความจุของโต๊ะ'),(1263,632,1,'Edit information of'),(1264,632,2,'แก้ไขข้อมูล'),(1265,634,1,'Update'),(1266,634,2,'update ข้อมูล'),(1267,633,1,'Add'),(1268,633,2,'เพิ่มข้อมูล'),(1269,635,1,'Add'),(1270,635,2,'เพิ่มข้อมูล'),(1271,637,1,'Table name cannot be blank'),(1272,637,2,'กรุณาใส่ชื่อโต๊ะ'),(1273,636,1,'Please select table zone'),(1274,636,2,'กรุณาเลือกโซน'),(1275,638,1,'Capacity must be numeric number'),(1276,638,2,'ความจุโต๊ะต้องเป็นตัวเลขที่มากกว่า 0'),(1277,639,1,'Manage Computers'),(1278,639,2,'ระบบกำหนดเครื่องคอมพิวเตอร์'),(1279,640,1,'Show All Computers'),(1280,640,2,'แสดงทั้งหมด'),(1281,641,1,'Computer Name'),(1282,641,2,'ชื่อเครื่อง'),(1283,642,1,'Add Computer'),(1284,642,2,'เพิ่มเครื่องคอมพิวเตอร์'),(1285,643,1,'Minimum stock must be number'),(1286,643,2,'สินค้าคงเหลือต่ำสุดต้องเป็นตัวเลข'),(1287,644,1,'Minimum Stock'),(1288,644,2,'สินค้าคงเหลือต่ำสุด'),(1289,645,1,'Minimum Stock must greater than or equal to 0'),(1290,645,2,'สินค้าคงเหลือต่ำสุดต้องน้อยกว่าหรือเท่ากับ 0'),(1291,652,1,'Print to Kitchen'),(1292,652,2,'พิมพ์ใบรายการ'),(1293,653,1,'Print Receipt Option'),(1294,653,2,'กำหนดการพิมพ์ใบเสร็จ'),(1295,646,1,'Shorten Bill'),(1296,646,2,'ย่อการพิมพ์ของใบเสร็จ'),(1297,647,1,'Display Date on POS'),(1298,647,2,'แสดงวันที่ที่ POS'),(1299,648,1,'Auto Close Session'),(1300,648,2,'ปิดกะของเมื่อวานอัตโนมัติ'),(1301,649,1,'Drawer Port'),(1302,649,2,'เลขพอร์ตของลิ้นชัก'),(1303,650,1,'Payment Type on POS'),(1304,650,2,'กำหนดการจ่ายเงิน'),(1305,651,1,'Payment Default'),(1306,651,2,'ค่าเริ่มต้นของการจ่ายเงิน'),(1307,654,1,'Printer Name'),(1308,654,2,'กำหนด printer'),(1309,655,1,'Computer Name must be filled before submission'),(1310,655,2,'กรุณาใส่ชื่อเครื่อง'),(1311,656,1,'Payment must be selected'),(1312,656,2,'ต้องเลือกการจ่ายเงินอย่างน้อย 1 อย่าง'),(1313,660,1,'Check Credit Card Info'),(1314,660,2,'ตรวจสอบข้อมูลเครดิตการ์ด'),(1315,657,1,'Discount List'),(1316,657,2,'กำหนดส่วนลด'),(1317,658,1,''),(1318,658,2,''),(1319,659,1,'Print Bill Detail'),(1320,659,2,'แสดงปุ่มพิมพ์ใบลองบิล'),(1321,661,1,'Touch Screen'),(1322,661,2,'แสดงผลแบบ Touch Screen'),(1323,662,1,'Record Book Order'),(1324,662,2,'ป้อนข้อมูลใบสั่งอาหาร'),(1325,663,1,'Fast Pay Option'),(1326,663,2,'แสดงปุ่มจ่ายเงินแบบเร็ว'),(1327,664,1,'Config Receipt'),(1328,664,2,'กำหนดข้อมูลของบิลใบเสร็จ'),(1329,665,1,'Receipt Header'),(1330,665,2,'ส่วนหัวของบิล'),(1331,666,1,'Receipt Footer'),(1332,666,2,'ส่วนหางของบิล'),(1333,667,1,'Receipt Example'),(1334,667,2,'ตัวอย่างใบเสร็จ'),(1335,668,1,'Add Receipt Header'),(1336,668,2,'เพิ่มข้อมูลส่วนหัว'),(1337,669,1,'Add Receipt Footer'),(1338,669,2,'เพิ่มข้อมูลส่วนหาง'),(1339,670,1,'Add at First Line'),(1340,670,2,'เพิ่มที่บรรทัดแรก'),(1341,671,1,'Add Between'),(1342,671,2,'เพิ่มระหว่าง'),(1343,672,1,'Add at Last Line'),(1344,672,2,'เพิ่มที่บรรทัดสุดท้าย'),(1345,675,1,'Product Size'),(1346,675,2,'เป็นสินค้าที่มีหลายขนาด'),(1347,673,1,'Product'),(1348,673,2,'เป็นสินค้า'),(1349,674,1,'Product Set'),(1350,674,2,'เป็นชุดสินค้า'),(1351,676,1,'Print Type'),(1352,676,2,'กำหนดการพิมพ์'),(1353,677,1,'Combine Print'),(1354,677,2,'รวม'),(1355,678,1,'Separate Print'),(1356,678,2,'แยก'),(1357,679,1,'Line'),(1358,679,2,'บรรทัดที่'),(1359,680,1,'Are you sure you want to delete this data?'),(1360,680,2,'คุณแน่ใจหรือไม่ว่าจะลบข้อมูลนี้?'),(1361,681,1,'Reusable Coupon'),(1362,681,2,'สามารถใช้ได้มากกว่า 1 ครั้ง'),(1363,682,1,'Edit Credit Money'),(1364,682,2,'แก้ไขรายการที่จ่ายโดยเงินเชื่อ'),(1365,683,1,'Name'),(1366,683,2,'ชื่อ'),(1367,684,1,'Receipt No.'),(1368,684,2,'ใบเสร็จเลขที่'),(1369,685,1,'Amount'),(1370,685,2,'จำนวนเงิน'),(1371,686,1,'All'),(1372,686,2,'ทั้งหมด'),(1373,687,1,'Paid'),(1374,687,2,'จ่ายแล้ว'),(1375,688,1,'Unpaid'),(1376,688,2,'ยังไม่จ่าย'),(1377,691,1,'Show In Profit Loss'),(1378,691,2,'แสดงในส่วนต้นทุนกำไร'),(1379,692,1,'Allow Edit Printed Order'),(1380,692,2,'อนุญาตให้แก้ไขรายการที่พิมพ์ไปแล้ว'),(1381,693,1,'Service Charge'),(1382,693,2,'Service Charge'),(1383,694,1,'Is Service Charge Include VAT?'),(1384,694,2,'Service Charge รวม VAT แล้ว'),(1385,695,1,'Service Charge Type'),(1386,695,2,'ชนิดของ Service Charge'),(1387,696,1,'Calculate before discount'),(1388,696,2,'คำนวณก่อนการลด'),(1389,697,1,'Calculate after discount'),(1390,697,2,'คำนวณหลังการลด'),(1391,689,1,'Print VAT in Receipt'),(1392,689,2,'พิมพ์ VAT ที่ใบเสร็จ'),(1393,690,1,'Shop Type'),(1394,690,2,'ชนิดของร้าน'),(1395,698,1,'Service Charge must be numeric number'),(1396,698,2,'service charge ต้องเป็นตัวเลข'),(1397,699,1,'VAT Type'),(1398,699,2,'ชนิดของ VAT'),(1399,700,1,'Add Credit Card Type'),(1400,700,2,'เพิ่มชนิดบัตรเครดิต'),(1401,701,1,'Manage Credit Card Type'),(1402,701,2,'กำหนดชนิดบัตรเครดิต'),(1403,702,1,'Credit Card Type Name'),(1404,702,2,'ชื่อชนิดบัตรเครดิต'),(1405,703,1,'Credit card type name cannot be blank'),(1406,703,2,'กรุณาใส่ชื่อบัตรเครดิต'),(1407,704,1,'Update Data'),(1408,704,2,'แก้ไขข้อมูล'),(1409,705,1,'Add Data'),(1410,705,2,'เพิ่มข้อมูล'),(1411,706,1,'Manage Credit Card Bank'),(1412,706,2,'กำหนดบริษัทเครดิตการ์ด'),(1413,707,1,'Bank Name'),(1414,707,2,'ชื่อบริษัทเครดิตการ์ด'),(1415,708,1,'Bank Name cannot be blank'),(1416,708,2,'กรุณาใส่ชื่อบริษัทเครดิตการ์ด'),(1417,709,1,'Redeem Products'),(1418,709,2,'แลกซื้อ/แถม สินค้า'),(1419,710,1,'Link to'),(1420,710,2,'Link to'),(1421,711,1,'Require authorization to cancel item (for Fast Food)'),(1422,711,2,'ต้องใส่รหัสในการลบสินค้า (สำหรับ Fast Food)'),(1423,712,1,'Manage Link Promotion'),(1424,712,2,'ระบบเชื่อมโปรโมชั่น'),(1425,713,1,'Promotion will be used for:'),(1426,713,2,'โปรโมชั่นจะใช้กับ:'),(1427,714,1,'Please select at least one option'),(1428,714,2,'กรุณาเลือกอย่างน้อย 1 อย่าง'),(1429,715,1,'Promotion Type:'),(1430,715,2,'ชนิดของโปรโมชั่น:'),(1431,716,1,'Product Redeem'),(1432,716,2,'แถม/แลกซื้อสินค้า'),(1433,717,1,'Data have been updated'),(1434,717,2,'ระบบทำการบันทึกข้อมูลเรียบร้อยแล้ว'),(1435,718,1,'Over price criteria'),(1436,718,2,'กำหนดเงื่อนไขราคารวม'),(1437,719,1,'Confirmation'),(1438,719,2,'ยืนยันการเปลี่ยนแปลง'),(1439,720,1,'Do you want to update data to database?'),(1440,720,2,'คุณต้องการบันทึกข้อมูลใช่หรือไม่?'),(1441,721,1,'Choose coupon group'),(1442,721,2,'เลือกกลุ่มของคูปอง'),(1443,722,1,'Set coupon criteria'),(1444,722,2,'กำหนดค่าเงื่อนไขของคูปอง'),(1445,723,1,'Choose voucher group'),(1446,723,2,'เลือกกลุ่มของ voucher'),(1447,724,1,'Percent Discount'),(1448,724,2,'ส่วนลด'),(1449,725,1,'Amount'),(1450,725,2,'จำนวนเงิน'),(1451,726,1,'Please select at least one group'),(1452,726,2,'ต้องเลือกอย่างน้อย 1 กลุ่ม'),(1453,727,1,'Choose member group'),(1454,727,2,'เลือกกลุ่มสมาชิก'),(1455,728,1,'Choose staff group'),(1456,728,2,'เลือกกลุ่มพนักงาน'),(1457,729,1,'N Promotion'),(1458,729,2,'โปรโมชั่นแบบ แถม/แลกซื้อสินค้า'),(1459,730,1,'Amount specified above for:'),(1460,730,2,'จำนวนที่ระบุข้างต้นใช้สำหรับสินค้าที่:'),(1461,731,1,'Item(s)'),(1462,731,2,'ชิ้น'),(1463,732,1,'every'),(1464,732,2,'ทุกๆ'),(1465,733,1,'more than'),(1466,733,2,'มากกว่า'),(1467,735,1,'different product'),(1468,735,2,'เป็นสินค้าต่างชนิดกันได้'),(1469,734,1,'same product'),(1470,734,2,'เป็นสินค้าชนิดเดียวกัน'),(1471,736,1,'Discount promotion'),(1472,736,2,'กำหนดส่วนลดสำหรับ'),(1473,738,1,'Discount'),(1474,738,2,'เป็นส่วนลดสินค้า'),(1475,737,1,'Redeem product'),(1476,737,2,'สำหรับแลกซื้อสินค้า'),(1477,740,1,'Discount'),(1478,740,2,'ส่วนลด'),(1479,739,1,'Quantity'),(1480,739,2,'จำนวน'),(1481,741,1,'Product Service'),(1482,741,2,'สินค้าบริการ'),(1483,742,1,'Product Service Package'),(1484,742,2,'package สินค้าบริการ'),(1485,743,1,'Manage Rooms'),(1486,743,2,'ระบบจัดการข้อมูลห้อง'),(1487,744,1,'Room Zone'),(1488,744,2,'โซนห้อง'),(1489,745,1,'Room'),(1490,745,2,'ห้อง'),(1491,746,1,'Add Room'),(1492,746,2,'เพิ่มห้อง'),(1493,747,1,'Room Name'),(1494,747,2,'ชื่อห้อง'),(1495,748,1,'Room Capacity'),(1496,748,2,'จำนวนเตียง'),(1497,749,1,'Room name cannot be blank'),(1498,749,2,'กรุณาใส่ชื่อห้อง'),(1499,750,1,'Room capacity must be numeric number'),(1500,750,2,'จำนวนเตียงต้องเป็นตัวเลขที่มากกว่า 0'),(1501,751,1,'Manage Commission'),(1502,751,2,'ระบบจัดการคอมมิชชั่น'),(1503,752,1,'Commission Name'),(1504,752,2,'ชื่อคอมมิชชั่น'),(1505,753,1,'Add Commission'),(1506,753,2,'เพิ่มคอมมิชชั่น'),(1507,754,1,'Select Commission Product'),(1508,754,2,'เลือกสินค้าคอมมิชชั่น'),(1509,755,1,'Commission Level'),(1510,755,2,'ระดับของคอมมิชชั่น'),(1511,756,1,'update data'),(1512,756,2,'update คอมมิชชั่น'),(1513,757,1,'Please input commission name'),(1514,757,2,'กรุณาใส่ชื่อคอมมิชชั่น'),(1515,758,1,'Select Staff'),(1516,758,2,'เลือกพนักงาน'),(1517,759,1,'Commission Type'),(1518,759,2,'ชนิดของคอมมิชชั่น'),(1519,760,1,'Include Based Salary'),(1520,760,2,'รวมเงินเดือนตั้งต้น'),(1521,761,1,'Percentage for Shop'),(1522,761,2,'เปอร์เซ็นต์ของร้าน'),(1523,762,1,'Percentage for Staff'),(1524,762,2,'เปอร์เซ็นต์ของพนักงาน'),(1525,763,1,'Config Staff for '),(1526,763,2,'กำหนดพนักงานสำหรับ '),(1527,764,1,'Staff Group'),(1528,764,2,'กลุ่มพนักงาน'),(1529,765,1,'Staff'),(1530,765,2,'พนักงาน'),(1531,766,1,'Staff Code'),(1532,766,2,'รหัสพนักงาน'),(1533,767,1,'-- Please select Staff Role --'),(1534,767,2,'-- กรุณาเลือกกลุ่มพนักงาน --'),(1535,768,1,'Commission'),(1536,768,2,'ค่าคอมมิชชั่น'),(1537,769,1,'Commission Level'),(1538,769,2,'กำหนดระดับของคอมมิชชั่น'),(1539,770,1,'Range of Commission'),(1540,770,2,'ช่วงของคอมมิชชั่น'),(1541,771,1,''),(1542,771,2,''),(1543,772,1,'% of Commission'),(1544,772,2,'% ของคอมมิชชั่น'),(1545,773,1,'% of the rest'),(1546,773,2,'% ส่วนเกิน'),(1547,774,1,'Extra'),(1548,774,2,'คอมมิชชั่นพิเศษ'),(1549,775,1,'Ending value must greater than start value'),(1550,775,2,'ค่าคอมมิชชั่นต้องมากกว่าค่าคอมมิชชั่นเริ่มต้น'),(1551,776,1,'Commission must less than next level'),(1552,776,2,'ค่าคอมมิชชั่นต้องน้อยกว่าระดับถัดไป'),(1553,777,1,'Salary'),(1554,777,2,'เงินเดือน'),(1555,778,1,'Salary must be numeric number that greater than 0'),(1556,778,2,'*เงินเดือนต้องเป็นตัวเลขที่มากกว่า 0'),(1557,779,1,'Commission Report'),(1558,779,2,'รายงานคอมมิชชั่น'),(1559,780,1,'Time criteria'),(1560,780,2,'กำหนดช่วงเวลา'),(1561,781,1,'Select All'),(1562,781,2,'เลือกทั้งหมด'),(1563,782,1,'Staff Info'),(1564,782,2,'ข้อมูลพนักงาน'),(1565,783,1,'Generate Report'),(1566,783,2,'สร้างรายงาน'),(1567,784,1,'Commission'),(1568,784,2,'ค่าคอมมิชชั่น'),(1569,785,1,'Staff Role'),(1570,785,2,'บทบาทหน้าที่'),(1571,786,1,'Sale Volume'),(1572,786,2,'ยอดขาย'),(1573,787,1,'Select All Shops'),(1574,787,2,'เลือกร้านทั้งหมด'),(1575,788,1,'Commission Name'),(1576,788,2,'ชื่อคอมมิชชั่น'),(1577,789,1,'Product Name'),(1578,789,2,'ชื่อสินค้า/บริการ'),(1579,790,1,'Comm/Unit'),(1580,790,2,'ค่าคอมมิชชั่น/หน่วย'),(1581,791,1,'Amount Sold'),(1582,791,2,'จำนวนที่ขาย'),(1583,792,1,'minute'),(1584,792,2,'นาที'),(1585,793,1,'must be numeric number'),(1586,793,2,'จำนวนต้องเป็นตัวเลขที่มากกว่า 0'),(1587,794,1,'Duration'),(1588,794,2,'เวลาที่ใช้'),(1589,795,1,'Select Staff'),(1590,795,2,'กำหนดพนักงาน'),(1591,796,1,'Select Room'),(1592,796,2,'กำหนดห้อง'),(1593,797,1,'Select Room for'),(1594,797,2,'กำหนดห้องสำหรับ'),(1595,798,1,'Room Zone'),(1596,798,2,'โซนห้อง'),(1597,799,1,'Room'),(1598,799,2,'ห้อง'),(1599,800,1,'-- Select Room Zone --'),(1600,800,2,'-- เลือกโซนห้อง --'),(1601,801,1,'Room Capacity'),(1602,801,2,'ความจุห้อง'),(1603,802,1,'Based On'),(1604,802,2,'คำนวณจากยอด'),(1605,803,1,'Total Sale'),(1606,803,2,'รวมทั้งหมด'),(1607,804,1,'Staff Sale'),(1608,804,2,'รวมตามพนักงาน'),(1609,805,1,'None'),(1610,805,2,'ไม่ระบุ'),(1611,806,1,'Commission for '),(1612,806,2,'คอมมิชชั่นสำหรับ'),(1613,807,1,'Staff'),(1614,807,2,'พนักงานขาย'),(1615,808,1,'Service'),(1616,808,2,'พนักงานบริการ'),(1617,809,1,'Extra Information for Member'),(1618,809,2,'กำหนดข้อมูลเพิ่มเติมของสมาชิก'),(1619,810,1,'Extra Information for Staff'),(1620,810,2,'กำหนดข้อมูลเพิ่มเติมของพนักงาน'),(1621,811,1,'Add Info'),(1622,811,2,'เพิ่มข้อมูล'),(1623,812,1,'Column Name'),(1624,812,2,'ชื่อ column'),(1625,813,1,'Type'),(1626,813,2,'ชนิดของข้อมูล'),(1627,814,1,'Properties'),(1628,814,2,'Properties'),(1629,815,1,'Column name cannot be blank'),(1630,815,2,'กรุณาใส่ชื่อ column'),(1631,816,1,'Extra Info'),(1632,816,2,'ข้อมูลเพิ่มเติม'),(1633,817,1,'-- Select One --'),(1634,817,2,'-- ไม่ระบุ --'),(1635,818,1,'Config Service Product'),(1636,818,2,'กำหนดสินค้าบริการ'),(1637,819,1,'Product Description'),(1638,819,2,'รายละเอียดของสินค้า'),(1639,820,1,'Product Amount'),(1640,820,2,'สินค้าที่ต้องใส่จำนวน'),(1641,821,1,'Tax Invoice'),(1642,821,2,'กำหนดข้อมูลของใบเสร็จรับเงิน'),(1643,822,1,'Tax Invoice Header'),(1644,822,2,'ข้อมูลส่วนหัวของใบกำกับภาษี'),(1645,823,1,'Each Product Discount'),(1646,823,2,'ส่วนลดเป็นตัว ๆ'),(1647,824,1,'Material Unit'),(1648,824,2,'หน่วยวัตถุดิบ'),(1649,825,1,'Config Component'),(1650,825,2,'กำหนดสูตร'),(1659,830,1,'day(s)'),(1660,830,2,'วัน'),(1661,831,1,'search member who will be expired within'),(1662,831,2,'ค้นสมาชิกที่จะหมดอายุภายใน'),(1663,832,1,'display only not expire members'),(1664,832,2,'แสดงเฉพาะสมาชิกที่ยังไม่หมดอายุ'),(1665,826,1,'From age'),(1666,826,2,'ช่วงอายุ'),(1667,827,1,'N/A'),(1668,827,2,'ไม่ระบุ'),(1669,828,1,'Birthday period'),(1670,828,2,'ช่วงวันเกิด'),(1671,829,1,'Age'),(1672,829,2,'อายุ'),(1673,833,1,'Total Sale'),(1674,833,2,'ยอดขายทั้งหมดของร้าน'),(1675,834,1,'Total Staff Sale'),(1676,834,2,'ยอดรวมของพนักงานทั้งหมด'),(1677,835,1,'Minimum per day'),(1678,835,2,'ค่าแรงการันตี'),(1679,836,1,'baht'),(1680,836,2,'บาท/วัน'),(1681,837,1,'Minimum per day must be numeric that greater than or equal to zero'),(1682,837,2,'ค่าแรงการันตีต้องเป็นตัวเลขที่มากกว่าหรือเท่ากับ 0'),(1683,838,1,'Min per day'),(1684,838,2,'การันตีค่าแรงที่ (บาท/วัน)'),(1685,839,1,'Compensate Amount'),(1686,839,2,'จำนวนที่ชดเชย'),(1687,840,1,'Reward Point Name'),(1688,840,2,'ชื่อการสะสมแต้ม'),(1689,841,1,'config products for reward points'),(1690,841,2,'กำหนดกลุ่มสินค้าสำหรับการสะสมแต้ม'),(1691,842,1,'Set up Reward Point'),(1692,842,2,'กำหนดการสะสมแต้ม'),(1693,843,1,'Add Reward Point'),(1694,843,2,'เพิ่มการสะสมแต้ม'),(1695,844,1,'Reward Type'),(1696,844,2,'ชนิดของการให้แต้ม'),(1697,845,1,'Based on Qty or Amount'),(1698,845,2,'กำหนดตามจำนวนหรือราคา'),(1699,846,1,'Each Product'),(1700,846,2,'กำหนดแต้มต่อแต่ละสินค้า'),(1701,847,1,'Calculation Type'),(1702,847,2,'การคำนวณแต้ม'),(1703,848,1,'Per Bill'),(1704,848,2,'ต่อใบเสร็จ'),(1705,849,1,'All Bills'),(1706,849,2,'รวมทุกใบเสร็จ'),(1707,850,1,'Config Based on Qty or Amount'),(1708,850,2,'สะสมแต้มแบบกำหนดตามจำนวนหรือราคา'),(1709,851,1,'Give point'),(1710,851,2,'กำหนดแต้มเมื่อครบตามเงื่อนไข'),(1711,852,1,'point(s)'),(1712,852,2,'แต้ม'),(1713,853,1,'Reward Name cannot be blank'),(1714,853,2,'กรุณาใส่ชื่อการสะสมแต้ม'),(1715,854,1,'Flexible Product Set'),(1716,854,2,'เป็นชุดสินค้าที่เลือกได้'),(1717,855,1,'Group of Flexible Product Set'),(1718,855,2,'เป็นกลุ่มของชุดสินค้าที่เลือกได้'),(1719,856,1,'Amount of Product'),(1720,856,2,'จำนวนสินค้าที่ต้องเลือก'),(1721,857,1,'Print Option'),(1722,857,2,'การพิมพ์สำหรับสินค้านี้'),(1723,858,1,'Based on this selected printer'),(1724,858,2,'อิงกับตัวสินค้าเอง'),(1725,859,1,'Based on product inside'),(1726,859,2,'อิงกับรายการในตัวสินค้า'),(1727,860,1,'Automatic Execute'),(1728,860,2,'กำหนดการให้แต้ม'),(1729,861,1,'YES'),(1730,861,2,'อัตโนมัติ'),(1731,862,1,'NO'),(1732,862,2,'ต้องเลือกที่หน้าร้าน'),(1733,863,1,'Full Tax Report'),(1734,863,2,'รายงานภาษีขาย'),(1735,864,1,'Date'),(1736,864,2,'ว/ด/ป'),(1737,865,1,'Full Tax Invoice'),(1738,865,2,'ใบกำกับภาษีเลขที่'),(1739,866,1,'Customer Name'),(1740,866,2,'ชื่อลูกค้า'),(1741,867,1,'Item Name'),(1742,867,2,'รายการ'),(1743,868,1,'Price Before VAT'),(1744,868,2,'มูลค่าสินค้า/บริการ'),(1745,869,1,'VAT'),(1746,869,2,'จำนวนเงินภาษีมูลค่าเพิ่ม'),(1747,870,1,'Sub Total'),(1748,870,2,'จำนวนเงิน'),(1749,871,1,'Remark'),(1750,871,2,'หมายเหตุ'),(1751,872,1,'products/services'),(1752,872,2,'สินค้าและบริการ'),(1753,873,1,'short tax invoice'),(1754,873,2,'ใบกำกับภาษีอย่างย่อ'),(1755,874,1,'Add Price at Selected Products'),(1756,874,2,'เพิ่มราคาสินค้าตามที่เลือก'),(1757,875,1,'Ordering'),(1758,875,2,'ลำดับที่'),(1759,876,1,'Registration Number'),(1760,876,2,'รหัสเครื่องบันทึกการเก็บเงิน'),(1761,877,1,'Expand this group when print session'),(1762,877,2,'กระจายการพิมพ์กะในกลุ่มสินค้านี้'),(1763,878,1,'Expand this dept when print session'),(1764,878,2,'กระจายการพิมพ์กะในหมวดสินค้านี้'),(1765,879,1,'Expand this dept when print session'),(1766,879,2,'รวมสินค้าในหมวดนี้ในการพิมพ์ใบเสร็จ'),(1767,880,1,'Branch'),(1768,880,2,'ชื่อสาขา'),(2000,1000,1,'Branch Cost Report'),(2001,1000,2,'รายงานต้นทุนสาขา'),(2002,1001,1,'Beginning'),(2003,1001,2,'ยกมา'),(2004,1002,1,'Material'),(2005,1002,2,'วัตถุดิบ'),(2006,1003,1,'Balance'),(2007,1003,2,'คงเหลือวัตถุดิบ'),(2008,1004,1,'Plus'),(2009,1004,2,'บวก'),(2010,1005,1,'Minus'),(2011,1005,2,'หัก'),(2012,1006,1,'Date Generate Report'),(2013,1006,2,'วันที่สร้างรายงาน'),(2014,1007,1,'Total Cost for '),(2015,1007,2,'ต้นทุนที่ใช้ไปสำหรับ'),(2016,1008,1,'Total'),(2017,1008,2,'รวม'),(2018,1009,1,'Generate Report'),(2019,1009,2,'สร้างรายงาน'),(2020,1010,1,'Bakery'),(2021,1010,2,'เบเกอรี่'),(2022,1011,1,'Drink'),(2023,1011,2,'เครื่องดื่ม');
/*!40000 ALTER TABLE `textparamvalue` ENABLE KEYS */;
UNLOCK TABLES;

--
-- Table structure for table `textusernamebarcodereadingsetting`
--

DROP TABLE IF EXISTS `textusernamebarcodereadingsetting`;
/*!40101 SET @saved_cs_client     = @@character_set_client */;
/*!40101 SET character_set_client = utf8 */;
CREATE TABLE `textusernamebarcodereadingsetting` (
  `ID` tinyint(4) NOT NULL,
  `ReadTextTypeID` tinyint(4) NOT NULL DEFAULT '0',
  `UserCodeStartPosition` tinyint(4) NOT NULL DEFAULT '-1',
  `UserCodeNoDigit` tinyint(4) NOT NULL DEFAULT '0',
  `PasswordStartPosition` tinyint(4) NOT NULL DEFAULT '-1',
  `PasswordNoDigit` tinyint(4) NOT NULL DEFAULT '0',
  `TextDelimiter` char(3) DEFAULT NULL,
  `UserNameUsePasswordChar` tinyint(4) NOT NULL DEFAULT '0',
  PRIMARY KEY (`ID`)
) ENGINE=InnoDB DEFAULT CHARSET=tis620;
/*!40101 SET character_set_client = @saved_cs_client */;

--
-- Dumping data for table `textusernamebarcodereadingsetting`
--

LOCK TABLES `textusernamebarcodereadingsetting` WRITE;
/*!40000 ALTER TABLE `textusernamebarcodereadingsetting` DISABLE KEYS */;
/*!40000 ALTER TABLE `textusernamebarcodereadingsetting` ENABLE KEYS */;
UNLOCK TABLES;

--
-- Table structure for table `textusernamebarcodereadingtype`
--

DROP TABLE IF EXISTS `textusernamebarcodereadingtype`;
/*!40101 SET @saved_cs_client     = @@character_set_client */;
/*!40101 SET character_set_client = utf8 */;
CREATE TABLE `textusernamebarcodereadingtype` (
  `ReadTextID` tinyint(4) NOT NULL,
  `Description` varchar(100) DEFAULT NULL,
  PRIMARY KEY (`ReadTextID`)
) ENGINE=InnoDB DEFAULT CHARSET=tis620;
/*!40101 SET character_set_client = @saved_cs_client */;

--
-- Dumping data for table `textusernamebarcodereadingtype`
--

LOCK TABLES `textusernamebarcodereadingtype` WRITE;
/*!40000 ALTER TABLE `textusernamebarcodereadingtype` DISABLE KEYS */;
INSERT INTO `textusernamebarcodereadingtype` VALUES (1,'Split Text From Position For Text From Magnetic'),(2,'Split Text From Delimeter For Text From Magnetic');
/*!40000 ALTER TABLE `textusernamebarcodereadingtype` ENABLE KEYS */;
UNLOCK TABLES;

--
-- Table structure for table `timerangesettingforreport`
--

DROP TABLE IF EXISTS `timerangesettingforreport`;
/*!40101 SET @saved_cs_client     = @@character_set_client */;
/*!40101 SET character_set_client = utf8 */;
CREATE TABLE `timerangesettingforreport` (
  `TimeRangeID` int(11) NOT NULL AUTO_INCREMENT,
  `ReportID` tinyint(4) NOT NULL DEFAULT '0',
  `StartTime` datetime DEFAULT NULL,
  `EndTime` datetime DEFAULT NULL,
  PRIMARY KEY (`TimeRangeID`)
) ENGINE=InnoDB DEFAULT CHARSET=utf8;
/*!40101 SET character_set_client = @saved_cs_client */;

--
-- Dumping data for table `timerangesettingforreport`
--

LOCK TABLES `timerangesettingforreport` WRITE;
/*!40000 ALTER TABLE `timerangesettingforreport` DISABLE KEYS */;
/*!40000 ALTER TABLE `timerangesettingforreport` ENABLE KEYS */;
UNLOCK TABLES;

--
-- Table structure for table `timeslotstaff`
--

DROP TABLE IF EXISTS `timeslotstaff`;
/*!40101 SET @saved_cs_client     = @@character_set_client */;
/*!40101 SET character_set_client = utf8 */;
CREATE TABLE `timeslotstaff` (
  `ID` int(11) NOT NULL AUTO_INCREMENT,
  `StaffID` int(11) NOT NULL DEFAULT '0',
  `ReserveDate` datetime DEFAULT NULL,
  `TimeSlot` varchar(100) DEFAULT NULL,
  PRIMARY KEY (`ID`)
) ENGINE=InnoDB DEFAULT CHARSET=utf8;
/*!40101 SET character_set_client = @saved_cs_client */;

--
-- Dumping data for table `timeslotstaff`
--

LOCK TABLES `timeslotstaff` WRITE;
/*!40000 ALTER TABLE `timeslotstaff` DISABLE KEYS */;
/*!40000 ALTER TABLE `timeslotstaff` ENABLE KEYS */;
UNLOCK TABLES;

--
-- Table structure for table `timeslotsubroom`
--

DROP TABLE IF EXISTS `timeslotsubroom`;
/*!40101 SET @saved_cs_client     = @@character_set_client */;
/*!40101 SET character_set_client = utf8 */;
CREATE TABLE `timeslotsubroom` (
  `ID` int(11) NOT NULL AUTO_INCREMENT,
  `RoomID` int(11) NOT NULL DEFAULT '0',
  `SubRoomID` int(11) NOT NULL DEFAULT '0',
  `ReserveDate` datetime DEFAULT NULL,
  `TimeSlot` varchar(100) DEFAULT NULL,
  PRIMARY KEY (`ID`)
) ENGINE=InnoDB DEFAULT CHARSET=utf8;
/*!40101 SET character_set_client = @saved_cs_client */;

--
-- Dumping data for table `timeslotsubroom`
--

LOCK TABLES `timeslotsubroom` WRITE;
/*!40000 ALTER TABLE `timeslotsubroom` DISABLE KEYS */;
/*!40000 ALTER TABLE `timeslotsubroom` ENABLE KEYS */;
UNLOCK TABLES;

--
-- Table structure for table `transactionaddtionaltypedescription`
--

DROP TABLE IF EXISTS `transactionaddtionaltypedescription`;
/*!40101 SET @saved_cs_client     = @@character_set_client */;
/*!40101 SET character_set_client = utf8 */;
CREATE TABLE `transactionaddtionaltypedescription` (
  `AdditionalType` tinyint(4) NOT NULL DEFAULT '0',
  `Description` varchar(100) DEFAULT NULL,
  PRIMARY KEY (`AdditionalType`)
) ENGINE=InnoDB DEFAULT CHARSET=utf8;
/*!40101 SET character_set_client = @saved_cs_client */;

--
-- Dumping data for table `transactionaddtionaltypedescription`
--

LOCK TABLES `transactionaddtionaltypedescription` WRITE;
/*!40000 ALTER TABLE `transactionaddtionaltypedescription` DISABLE KEYS */;
INSERT INTO `transactionaddtionaltypedescription` VALUES (1,'CAC Counter Service Transaction'),(2,'CAC Use Member Privilege');
/*!40000 ALTER TABLE `transactionaddtionaltypedescription` ENABLE KEYS */;
UNLOCK TABLES;

--
-- Table structure for table `transactiondata_forimport`
--

DROP TABLE IF EXISTS `transactiondata_forimport`;
/*!40101 SET @saved_cs_client     = @@character_set_client */;
/*!40101 SET character_set_client = utf8 */;
CREATE TABLE `transactiondata_forimport` (
  `TransactionID` int(11) NOT NULL DEFAULT '0',
  `ComputerID` int(11) NOT NULL DEFAULT '0',
  `InsertDateTime` datetime DEFAULT NULL,
  PRIMARY KEY (`TransactionID`,`ComputerID`)
) ENGINE=InnoDB DEFAULT CHARSET=utf8;
/*!40101 SET character_set_client = @saved_cs_client */;

--
-- Dumping data for table `transactiondata_forimport`
--

LOCK TABLES `transactiondata_forimport` WRITE;
/*!40000 ALTER TABLE `transactiondata_forimport` DISABLE KEYS */;
/*!40000 ALTER TABLE `transactiondata_forimport` ENABLE KEYS */;
UNLOCK TABLES;

--
-- Table structure for table `transactiondataimport_forimport`
--

DROP TABLE IF EXISTS `transactiondataimport_forimport`;
/*!40101 SET @saved_cs_client     = @@character_set_client */;
/*!40101 SET character_set_client = utf8 */;
CREATE TABLE `transactiondataimport_forimport` (
  `IsCalculate` tinyint(4) NOT NULL DEFAULT '0',
  `LastImportTime` datetime DEFAULT NULL
) ENGINE=InnoDB DEFAULT CHARSET=utf8;
/*!40101 SET character_set_client = @saved_cs_client */;

--
-- Dumping data for table `transactiondataimport_forimport`
--

LOCK TABLES `transactiondataimport_forimport` WRITE;
/*!40000 ALTER TABLE `transactiondataimport_forimport` DISABLE KEYS */;
/*!40000 ALTER TABLE `transactiondataimport_forimport` ENABLE KEYS */;
UNLOCK TABLES;

--
-- Table structure for table `transferdataerrorlogforautoexporttohq`
--

DROP TABLE IF EXISTS `transferdataerrorlogforautoexporttohq`;
/*!40101 SET @saved_cs_client     = @@character_set_client */;
/*!40101 SET character_set_client = utf8 */;
CREATE TABLE `transferdataerrorlogforautoexporttohq` (
  `ErrorID` int(11) NOT NULL DEFAULT '0',
  `FromShopID` int(11) NOT NULL DEFAULT '0',
  `DestinationShopID` int(11) NOT NULL DEFAULT '0',
  `ErrorDateTime` datetime DEFAULT NULL,
  `ErrorMessage` text,
  PRIMARY KEY (`ErrorID`,`FromShopID`)
) ENGINE=InnoDB DEFAULT CHARSET=utf8;
/*!40101 SET character_set_client = @saved_cs_client */;

--
-- Dumping data for table `transferdataerrorlogforautoexporttohq`
--

LOCK TABLES `transferdataerrorlogforautoexporttohq` WRITE;
/*!40000 ALTER TABLE `transferdataerrorlogforautoexporttohq` DISABLE KEYS */;
/*!40000 ALTER TABLE `transferdataerrorlogforautoexporttohq` ENABLE KEYS */;
UNLOCK TABLES;

--
-- Table structure for table `transferdataexcepttable`
--

DROP TABLE IF EXISTS `transferdataexcepttable`;
/*!40101 SET @saved_cs_client     = @@character_set_client */;
/*!40101 SET character_set_client = utf8 */;
CREATE TABLE `transferdataexcepttable` (
  `ID` int(11) NOT NULL AUTO_INCREMENT,
  `DataTypeID` int(11) NOT NULL DEFAULT '0',
  `ExceptTableName` varchar(100) DEFAULT NULL,
  PRIMARY KEY (`ID`)
) ENGINE=InnoDB DEFAULT CHARSET=utf8;
/*!40101 SET character_set_client = @saved_cs_client */;

--
-- Dumping data for table `transferdataexcepttable`
--

LOCK TABLES `transferdataexcepttable` WRITE;
/*!40000 ALTER TABLE `transferdataexcepttable` DISABLE KEYS */;
/*!40000 ALTER TABLE `transferdataexcepttable` ENABLE KEYS */;
UNLOCK TABLES;

--
-- Table structure for table `transferdatalog`
--

DROP TABLE IF EXISTS `transferdatalog`;
/*!40101 SET @saved_cs_client     = @@character_set_client */;
/*!40101 SET character_set_client = utf8 */;
CREATE TABLE `transferdatalog` (
  `LogID` int(11) NOT NULL DEFAULT '0',
  `LogDateTime` datetime DEFAULT NULL,
  `GroupType` tinyint(4) NOT NULL DEFAULT '0',
  `DataType` tinyint(4) NOT NULL DEFAULT '0',
  `FromShopID` int(11) NOT NULL DEFAULT '0',
  `DestinationShopID` int(11) NOT NULL DEFAULT '0',
  `FileName` varchar(50) DEFAULT NULL,
  `CriteriaStartTime` datetime DEFAULT NULL,
  `CriteriaEndTime` datetime DEFAULT NULL,
  `ISFromLastUpdate` tinyint(4) NOT NULL DEFAULT '0',
  `StaffID` int(11) NOT NULL DEFAULT '0',
  `UpdateDate` datetime DEFAULT NULL,
  `RetryTime` int(11) NOT NULL DEFAULT '0',
  `ResultCode` int(11) NOT NULL DEFAULT '0',
  PRIMARY KEY (`LogID`,`GroupType`,`DataType`,`FromShopID`)
) ENGINE=InnoDB DEFAULT CHARSET=utf8;
/*!40101 SET character_set_client = @saved_cs_client */;

--
-- Dumping data for table `transferdatalog`
--

LOCK TABLES `transferdatalog` WRITE;
/*!40000 ALTER TABLE `transferdatalog` DISABLE KEYS */;
/*!40000 ALTER TABLE `transferdatalog` ENABLE KEYS */;
UNLOCK TABLES;

--
-- Table structure for table `transferdatalogbatchdetail`
--

DROP TABLE IF EXISTS `transferdatalogbatchdetail`;
/*!40101 SET @saved_cs_client     = @@character_set_client */;
/*!40101 SET character_set_client = utf8 */;
CREATE TABLE `transferdatalogbatchdetail` (
  `BatchID` int(11) NOT NULL DEFAULT '0',
  `ShopID` int(11) NOT NULL DEFAULT '0',
  `CreateBatchDateTime` datetime DEFAULT NULL,
  PRIMARY KEY (`BatchID`,`ShopID`)
) ENGINE=InnoDB DEFAULT CHARSET=utf8;
/*!40101 SET character_set_client = @saved_cs_client */;

--
-- Dumping data for table `transferdatalogbatchdetail`
--

LOCK TABLES `transferdatalogbatchdetail` WRITE;
/*!40000 ALTER TABLE `transferdatalogbatchdetail` DISABLE KEYS */;
/*!40000 ALTER TABLE `transferdatalogbatchdetail` ENABLE KEYS */;
UNLOCK TABLES;

--
-- Table structure for table `transferdatalogforautoexporttohq`
--

DROP TABLE IF EXISTS `transferdatalogforautoexporttohq`;
/*!40101 SET @saved_cs_client     = @@character_set_client */;
/*!40101 SET character_set_client = utf8 */;
CREATE TABLE `transferdatalogforautoexporttohq` (
  `LogID` int(11) NOT NULL DEFAULT '0',
  `FromShopID` int(11) NOT NULL DEFAULT '0',
  `DestinationShopID` int(11) NOT NULL DEFAULT '0',
  `CriteriaStartTime` datetime DEFAULT NULL,
  `CriteriaEndTime` datetime DEFAULT NULL,
  `ExportDateTime` datetime DEFAULT NULL,
  `ImportDateTime` datetime DEFAULT NULL,
  `LogResultCode` tinyint(4) NOT NULL DEFAULT '0',
  `IsExportToHQ` tinyint(4) NOT NULL DEFAULT '0',
  `DataType` tinyint(4) NOT NULL DEFAULT '0',
  PRIMARY KEY (`LogID`,`FromShopID`,`DestinationShopID`)
) ENGINE=InnoDB DEFAULT CHARSET=utf8;
/*!40101 SET character_set_client = @saved_cs_client */;

--
-- Dumping data for table `transferdatalogforautoexporttohq`
--

LOCK TABLES `transferdatalogforautoexporttohq` WRITE;
/*!40000 ALTER TABLE `transferdatalogforautoexporttohq` DISABLE KEYS */;
/*!40000 ALTER TABLE `transferdatalogforautoexporttohq` ENABLE KEYS */;
UNLOCK TABLES;

--
-- Table structure for table `transferdatalogforautoexporttohqupdatedate`
--

DROP TABLE IF EXISTS `transferdatalogforautoexporttohqupdatedate`;
/*!40101 SET @saved_cs_client     = @@character_set_client */;
/*!40101 SET character_set_client = utf8 */;
CREATE TABLE `transferdatalogforautoexporttohqupdatedate` (
  `FromShopID` int(11) NOT NULL DEFAULT '0',
  `DestinationShopID` int(11) NOT NULL DEFAULT '0',
  `LastUpdateDate` datetime DEFAULT NULL,
  PRIMARY KEY (`FromShopID`,`DestinationShopID`)
) ENGINE=InnoDB DEFAULT CHARSET=tis620;
/*!40101 SET character_set_client = @saved_cs_client */;

--
-- Dumping data for table `transferdatalogforautoexporttohqupdatedate`
--

LOCK TABLES `transferdatalogforautoexporttohqupdatedate` WRITE;
/*!40000 ALTER TABLE `transferdatalogforautoexporttohqupdatedate` DISABLE KEYS */;
INSERT INTO `transferdatalogforautoexporttohqupdatedate` VALUES (3,1,'2013-04-05 14:21:38'),(4,1,'2013-05-03 16:07:37'),(5,1,'2013-03-29 11:29:19'),(9,1,'2012-11-02 17:53:10');
/*!40000 ALTER TABLE `transferdatalogforautoexporttohqupdatedate` ENABLE KEYS */;
UNLOCK TABLES;

--
-- Table structure for table `transferdatalogforcentralize`
--

DROP TABLE IF EXISTS `transferdatalogforcentralize`;
/*!40101 SET @saved_cs_client     = @@character_set_client */;
/*!40101 SET character_set_client = utf8 */;
CREATE TABLE `transferdatalogforcentralize` (
  `LogID` int(11) NOT NULL DEFAULT '0',
  `DataType` int(11) NOT NULL DEFAULT '0',
  `FromShopID` int(11) NOT NULL DEFAULT '0',
  `DestinationShopID` int(11) NOT NULL DEFAULT '0',
  `FileName` varchar(50) DEFAULT NULL,
  `StaffID` int(11) NOT NULL DEFAULT '0',
  `GroupType` int(11) NOT NULL DEFAULT '0',
  `BatchID` int(11) NOT NULL DEFAULT '0',
  `ExportDateTime` datetime DEFAULT NULL,
  `ImportDateTime` datetime DEFAULT NULL,
  `ValidateDateTime` datetime DEFAULT NULL,
  `LogResultCode` tinyint(4) NOT NULL DEFAULT '0',
  PRIMARY KEY (`LogID`,`DataType`,`FromShopID`),
  KEY `BatchIndex` (`FromShopID`,`BatchID`)
) ENGINE=InnoDB DEFAULT CHARSET=utf8;
/*!40101 SET character_set_client = @saved_cs_client */;

--
-- Dumping data for table `transferdatalogforcentralize`
--

LOCK TABLES `transferdatalogforcentralize` WRITE;
/*!40000 ALTER TABLE `transferdatalogforcentralize` DISABLE KEYS */;
/*!40000 ALTER TABLE `transferdatalogforcentralize` ENABLE KEYS */;
UNLOCK TABLES;

--
-- Table structure for table `transferdatatocomputer_log`
--

DROP TABLE IF EXISTS `transferdatatocomputer_log`;
/*!40101 SET @saved_cs_client     = @@character_set_client */;
/*!40101 SET character_set_client = utf8 */;
CREATE TABLE `transferdatatocomputer_log` (
  `LogID` int(11) NOT NULL DEFAULT '0',
  `FromShopID` int(11) NOT NULL DEFAULT '0',
  `ExportToComputerID` int(11) NOT NULL DEFAULT '0',
  `LogDateTime` datetime DEFAULT NULL,
  `ExportDateTime` datetime DEFAULT NULL,
  `ImportDateTime` datetime DEFAULT NULL,
  `FileName` varchar(50) DEFAULT NULL,
  PRIMARY KEY (`LogID`,`FromShopID`,`ExportToComputerID`)
) ENGINE=InnoDB DEFAULT CHARSET=utf8;
/*!40101 SET character_set_client = @saved_cs_client */;

--
-- Dumping data for table `transferdatatocomputer_log`
--

LOCK TABLES `transferdatatocomputer_log` WRITE;
/*!40000 ALTER TABLE `transferdatatocomputer_log` DISABLE KEYS */;
/*!40000 ALTER TABLE `transferdatatocomputer_log` ENABLE KEYS */;
UNLOCK TABLES;

--
-- Table structure for table `transferdatatocomputer_setting`
--

DROP TABLE IF EXISTS `transferdatatocomputer_setting`;
/*!40101 SET @saved_cs_client     = @@character_set_client */;
/*!40101 SET character_set_client = utf8 */;
CREATE TABLE `transferdatatocomputer_setting` (
  `MySQLDumpFileLocation` varchar(255) DEFAULT NULL
) ENGINE=InnoDB DEFAULT CHARSET=utf8;
/*!40101 SET character_set_client = @saved_cs_client */;

--
-- Dumping data for table `transferdatatocomputer_setting`
--

LOCK TABLES `transferdatatocomputer_setting` WRITE;
/*!40000 ALTER TABLE `transferdatatocomputer_setting` DISABLE KEYS */;
INSERT INTO `transferdatatocomputer_setting` VALUES ('D:\\MySQL5\\bin\\mysqldump');
/*!40000 ALTER TABLE `transferdatatocomputer_setting` ENABLE KEYS */;
UNLOCK TABLES;

--
-- Table structure for table `transferdatatocomputer_tablename`
--

DROP TABLE IF EXISTS `transferdatatocomputer_tablename`;
/*!40101 SET @saved_cs_client     = @@character_set_client */;
/*!40101 SET character_set_client = utf8 */;
CREATE TABLE `transferdatatocomputer_tablename` (
  `TableName` varchar(255) DEFAULT NULL
) ENGINE=InnoDB DEFAULT CHARSET=utf8;
/*!40101 SET character_set_client = @saved_cs_client */;

--
-- Dumping data for table `transferdatatocomputer_tablename`
--

LOCK TABLES `transferdatatocomputer_tablename` WRITE;
/*!40000 ALTER TABLE `transferdatatocomputer_tablename` DISABLE KEYS */;
INSERT INTO `transferdatatocomputer_tablename` VALUES ('AccountData'),('ComputerAccess'),('ComputerName'),('CompanyProfile'),('BankName'),('CashOutProductDept'),('CashOutProducts'),('CreditCardType'),('DailyStockMaterial'),('DiscountButton'),('DiscountPriority'),('DocumentType'),('DocumentTypeProperty'),('DocumentTypeTransferGroupProperty'),('EDC_MappingBankDetail'),('EDC_TypeName'),('FavoriteProductPageIndex'),('FavoriteProducts'),('FeedCategory'),('FeedContent'),('FeedLink'),('FeedProperty'),('FeedSection'),('FingerPrintDetailMember'),('FingerPrintDetailStaff'),('IDRange'),('InventoryView'),('KDS_ProductSetting'),('KDS_SaleModePropertySetting'),('Language'),('MagneticCardReaderSetting'),('MaterialDept'),('MaterialGroup'),('Materials'),('MaterialDocumentTypeSelectSetting'),('MaterialDocumentTypeSelectSettingGroup'),('MaterialDocumentTypeSelectSettingShop'),('MaterialDocumentTypeUnitSetting'),('MaterialDocumentTypeUnitSettingGroup'),('MaterialDocumentTypeUnitSettingShop'),('MemberGroup'),('MemberGroupAccess'),('Members'),('OtherIncomeType'),('PaymentAmountButton'),('PayType'),('PayTypeGroup'),('PermissionCategory'),('PermissionCategoryName'),('PermissionGroup'),('PermissionGroupName'),('PermissionItem'),('PermissionItemName'),('PrinterByTableZone'),('Printers'),('PComponentGroup'),('Products'),('ProductPrice'),('ProductDept'),('ProductGroup'),('ProductComponent'),('ProductBuffetSetting'),('ProductFixCommentData'),('ProductGroupByComputer'),('ProductLevel'),('ProductLevelLinkProductGroup'),('ProductRegion'),('ProductStockInvSetting'),('ProgramProperty'),('ProgramPropertyValue'),('PromotionBonusProduct'),('PromotionDiscount'),('PromotionLevels'),('PromotionPriceGroup'),('PromotionProducts'),('PromotionShopLink'),('Property'),('QuestionDefineData'),('QuestionDefineDataGroup'),('QuestionDefineOption'),('QuestionShopLink'),('ReasonText'),('ReasonTextGroup'),('ReceiptHeaderFooter'),('ReceiptPromotionHeaderFooter'),('RedeemPointProduct'),('RedeemPointSetting'),('RedeemPointShopLink'),('RewardPointSetting'),('RewardPointShopLink'),('RewardPointProductSetting'),('SaleMode'),('SaleModeProductLevelProperty'),('SeatNoMapping'),('StaffAccess'),('StaffPermission'),('StaffRole'),('StaffRoleAccessInventory'),('StaffRoleAccessUser'),('StaffRoleViewInventory'),('Staffs'),('TableNo'),('TableZone'),('TextParam'),('TextParamCategory'),('TextParamValue'),('UserDefineData'),('UserDefineDataGroup'),('UserDefineOption'),('UserDefineValue'),('VoucherDetail'),('VoucherRange'),('Vouchers');
/*!40000 ALTER TABLE `transferdatatocomputer_tablename` ENABLE KEYS */;
UNLOCK TABLES;

--
-- Table structure for table `transferdatatype`
--

DROP TABLE IF EXISTS `transferdatatype`;
/*!40101 SET @saved_cs_client     = @@character_set_client */;
/*!40101 SET character_set_client = utf8 */;
CREATE TABLE `transferdatatype` (
  `DataTypeID` int(11) NOT NULL DEFAULT '0',
  `DataTypeCode` varchar(6) DEFAULT NULL,
  `DataTypeName` varchar(50) DEFAULT NULL,
  `DataTypeDescription` text,
  `IsRestartProgram` tinyint(4) NOT NULL DEFAULT '0',
  PRIMARY KEY (`DataTypeID`)
) ENGINE=InnoDB DEFAULT CHARSET=utf8;
/*!40101 SET character_set_client = @saved_cs_client */;

--
-- Dumping data for table `transferdatatype`
--

LOCK TABLES `transferdatatype` WRITE;
/*!40000 ALTER TABLE `transferdatatype` DISABLE KEYS */;
INSERT INTO `transferdatatype` VALUES (-1,'TDATAT','Transfer Data','Transfer data information',0),(0,'SYNINF','Synchonize Information','Synchronization information.',0),(1,'PRODUC','Product Data','Product data, outlet information, product price and product recipe.',1),(2,'COMPUT','Computer/Receipt Data','Computer information and configuration, including header and footer of bill.',1),(3,'PROMOT','Promotion Data','Promotion information and configuration.',0),(4,'CUPVCR','Coupon Data','Coupon and voucher status.',0),(5,'MEMBER','Member Data','Member information.',0),(6,'STAFFS','Staff Data','Staff information, including staff role and staff permission.',0),(8,'PCKAGE','Package Data','Pakcage product information, including the usage.',0),(9,'INVDOC','Document Data','Document information.',0),(10,'MATRAL','Material Data','Material data and unit setting.',0),(11,'CONFIG','Config Data','Configuration such as bank, credit card and printers setting.',1),(12,'TRSALE','Sale Data','Sale information and shift close information.',0),(13,'COMMIS','Commission Data','Commission configuration data.',0),(14,'RPOINT','Reward/ Redeem Point History/ Summary','ข้อมูลสำหรับแต้มและประวัติการใช้แต้มสะสม',0),(15,'DOHEAD','Document Header Group','Document header and setting information.',0),(16,'UDDDAT','User Define Data','ข้อมูลสำหรับโครงสร้างข้อมูลเพิ่มเติมของสมาชิกและพนักงาน และข้อมูลคำถาม',0),(17,'PAYTYP','Payment Type','Payment information for each cashier station.',0),(18,'TAROOM','Table Information','Table information.',0),(19,'VENDOR','Vendor','Vendor information.',0),(20,'FAVPRO','Favorite Product','Favorite menu setting.',0),(21,'HISTTR','History Of Transaction','Transaction history, including delete, move, transfer item from bill.',0),(22,'MSTOCK','Monthly/ Weekly/ Daily Stock Material','Daily, Weekly and Monthly counting stock setting for materials.',0),(23,'DISBUT','Discount Button','Hot discount button configuration data.',0),(26,'MMEHIS','Member Sale History','Member sale history data.',0),(27,'RWRDST','Reward/ Redeem Point Setting','Reward and redeem setting data.',1),(28,'SALINV','Sale And Inventory To Branch','ข้อมูลการขายและเอกสารไปยังสาขา',0),(29,'DOCTEM','Document Template','ข้อมูล Document Template',0);
/*!40000 ALTER TABLE `transferdatatype` ENABLE KEYS */;
UNLOCK TABLES;

--
-- Table structure for table `transferdatatypefor`
--

DROP TABLE IF EXISTS `transferdatatypefor`;
/*!40101 SET @saved_cs_client     = @@character_set_client */;
/*!40101 SET character_set_client = utf8 */;
CREATE TABLE `transferdatatypefor` (
  `DataTypeFor` int(11) NOT NULL DEFAULT '0',
  `DataTypeID` int(11) NOT NULL DEFAULT '0',
  PRIMARY KEY (`DataTypeFor`,`DataTypeID`)
) ENGINE=InnoDB DEFAULT CHARSET=utf8;
/*!40101 SET character_set_client = @saved_cs_client */;

--
-- Dumping data for table `transferdatatypefor`
--

LOCK TABLES `transferdatatypefor` WRITE;
/*!40000 ALTER TABLE `transferdatatypefor` DISABLE KEYS */;
INSERT INTO `transferdatatypefor` VALUES (1,1),(1,2),(1,3),(1,4),(1,5),(1,6),(1,7),(1,9),(1,10),(1,11),(1,13),(1,14),(1,15),(1,16),(1,17),(1,18),(1,19),(1,20),(1,22),(1,23),(1,25),(1,26),(1,27),(1,28),(1,29),(1,30),(2,1),(2,4),(2,5),(2,6),(2,7),(2,8),(2,9),(2,10),(2,12),(2,14),(2,19),(2,21),(2,22),(2,25);
/*!40000 ALTER TABLE `transferdatatypefor` ENABLE KEYS */;
UNLOCK TABLES;

--
-- Table structure for table `transferdatatypegroupsetting`
--

DROP TABLE IF EXISTS `transferdatatypegroupsetting`;
/*!40101 SET @saved_cs_client     = @@character_set_client */;
/*!40101 SET character_set_client = utf8 */;
CREATE TABLE `transferdatatypegroupsetting` (
  `DataTypeGroupID` int(11) NOT NULL DEFAULT '0',
  `DataTypeGroupFor` tinyint(4) NOT NULL DEFAULT '0',
  `DataGroupName` varchar(100) DEFAULT NULL,
  PRIMARY KEY (`DataTypeGroupID`,`DataTypeGroupFor`)
) ENGINE=InnoDB DEFAULT CHARSET=utf8;
/*!40101 SET character_set_client = @saved_cs_client */;

--
-- Dumping data for table `transferdatatypegroupsetting`
--

LOCK TABLES `transferdatatypegroupsetting` WRITE;
/*!40000 ALTER TABLE `transferdatatypegroupsetting` DISABLE KEYS */;
INSERT INTO `transferdatatypegroupsetting` VALUES (1,1,'Frequency Transfer To Branch.'),(1,2,'Frequency Transfer To HQ.'),(2,1,'Normal Transfer To Branch.'),(2,2,'Normal Transfer To HQ.');
/*!40000 ALTER TABLE `transferdatatypegroupsetting` ENABLE KEYS */;
UNLOCK TABLES;

--
-- Table structure for table `transferdatatypesetting`
--

DROP TABLE IF EXISTS `transferdatatypesetting`;
/*!40101 SET @saved_cs_client     = @@character_set_client */;
/*!40101 SET character_set_client = utf8 */;
CREATE TABLE `transferdatatypesetting` (
  `DataTypeGroupID` int(11) NOT NULL DEFAULT '0',
  `DataTypeGroupFor` tinyint(4) NOT NULL DEFAULT '0',
  `DataTypeID` int(11) NOT NULL DEFAULT '0',
  `Ordering` int(11) NOT NULL DEFAULT '0',
  PRIMARY KEY (`DataTypeGroupID`,`DataTypeGroupFor`,`DataTypeID`)
) ENGINE=InnoDB DEFAULT CHARSET=utf8;
/*!40101 SET character_set_client = @saved_cs_client */;

--
-- Dumping data for table `transferdatatypesetting`
--

LOCK TABLES `transferdatatypesetting` WRITE;
/*!40000 ALTER TABLE `transferdatatypesetting` DISABLE KEYS */;
INSERT INTO `transferdatatypesetting` VALUES (1,1,1,1),(1,1,2,8),(1,1,3,9),(1,1,4,13),(1,1,5,2),(1,1,6,3),(1,1,9,4),(1,1,10,14),(1,1,11,10),(1,1,14,5),(1,1,15,12),(1,1,17,11),(1,1,19,6),(1,1,23,15),(1,1,26,7),(1,1,29,29),(1,2,5,1),(1,2,6,2),(1,2,7,3),(1,2,9,4),(1,2,12,5),(1,2,14,6),(1,2,19,7),(1,2,30,30),(2,1,2,1),(2,1,3,2),(2,1,4,8),(2,1,7,3),(2,1,8,4),(2,1,10,5),(2,1,11,6),(2,1,13,7),(2,1,15,9),(2,1,16,10),(2,1,17,11),(2,1,18,12),(2,1,20,13),(2,1,22,22),(2,1,23,23),(2,1,25,25),(2,1,26,26),(2,1,27,27),(2,1,28,28),(2,2,4,1),(2,2,6,1),(2,2,7,1),(2,2,8,1),(2,2,21,9),(2,2,22,22),(2,2,25,25);
/*!40000 ALTER TABLE `transferdatatypesetting` ENABLE KEYS */;
UNLOCK TABLES;

--
-- Table structure for table `transfergrouptype`
--

DROP TABLE IF EXISTS `transfergrouptype`;
/*!40101 SET @saved_cs_client     = @@character_set_client */;
/*!40101 SET character_set_client = utf8 */;
CREATE TABLE `transfergrouptype` (
  `GroupType` int(11) NOT NULL DEFAULT '0',
  `GroupTypeName` varchar(50) DEFAULT NULL,
  PRIMARY KEY (`GroupType`)
) ENGINE=InnoDB DEFAULT CHARSET=utf8;
/*!40101 SET character_set_client = @saved_cs_client */;

--
-- Dumping data for table `transfergrouptype`
--

LOCK TABLES `transfergrouptype` WRITE;
/*!40000 ALTER TABLE `transfergrouptype` DISABLE KEYS */;
INSERT INTO `transfergrouptype` VALUES (1,'Export Data'),(2,'Import Data'),(3,'FTP Send'),(4,'FTP Receive'),(5,'Export Data To Brach (Centralize Mode).'),(6,'Import Data From Brach (Centralize Mode).');
/*!40000 ALTER TABLE `transfergrouptype` ENABLE KEYS */;
UNLOCK TABLES;

--
-- Table structure for table `transferlog`
--

DROP TABLE IF EXISTS `transferlog`;
/*!40101 SET @saved_cs_client     = @@character_set_client */;
/*!40101 SET character_set_client = utf8 */;
CREATE TABLE `transferlog` (
  `TransferLogID` int(11) NOT NULL DEFAULT '0',
  `FromProductLevelID` int(11) NOT NULL DEFAULT '0',
  `ToProductLevelID` int(11) NOT NULL DEFAULT '0',
  `TransferDateTime` datetime DEFAULT NULL,
  PRIMARY KEY (`TransferLogID`,`FromProductLevelID`,`ToProductLevelID`)
) ENGINE=InnoDB DEFAULT CHARSET=utf8;
/*!40101 SET character_set_client = @saved_cs_client */;

--
-- Dumping data for table `transferlog`
--

LOCK TABLES `transferlog` WRITE;
/*!40000 ALTER TABLE `transferlog` DISABLE KEYS */;
/*!40000 ALTER TABLE `transferlog` ENABLE KEYS */;
UNLOCK TABLES;

--
-- Table structure for table `transferlogdetail`
--

DROP TABLE IF EXISTS `transferlogdetail`;
/*!40101 SET @saved_cs_client     = @@character_set_client */;
/*!40101 SET character_set_client = utf8 */;
CREATE TABLE `transferlogdetail` (
  `TransferLogID` int(11) NOT NULL DEFAULT '0',
  `FromProductLevelID` int(11) NOT NULL DEFAULT '0',
  `ToProductLevelID` int(11) NOT NULL DEFAULT '0',
  `DataType` int(11) NOT NULL DEFAULT '0',
  `Success` tinyint(2) NOT NULL DEFAULT '0',
  PRIMARY KEY (`TransferLogID`,`FromProductLevelID`,`ToProductLevelID`,`DataType`)
) ENGINE=InnoDB DEFAULT CHARSET=utf8;
/*!40101 SET character_set_client = @saved_cs_client */;

--
-- Dumping data for table `transferlogdetail`
--

LOCK TABLES `transferlogdetail` WRITE;
/*!40000 ALTER TABLE `transferlogdetail` DISABLE KEYS */;
/*!40000 ALTER TABLE `transferlogdetail` ENABLE KEYS */;
UNLOCK TABLES;

--
-- Table structure for table `transferresultcode`
--

DROP TABLE IF EXISTS `transferresultcode`;
/*!40101 SET @saved_cs_client     = @@character_set_client */;
/*!40101 SET character_set_client = utf8 */;
CREATE TABLE `transferresultcode` (
  `ResultCodeID` int(11) NOT NULL DEFAULT '0',
  `CodeDescription` text,
  PRIMARY KEY (`ResultCodeID`)
) ENGINE=InnoDB DEFAULT CHARSET=utf8;
/*!40101 SET character_set_client = @saved_cs_client */;

--
-- Dumping data for table `transferresultcode`
--

LOCK TABLES `transferresultcode` WRITE;
/*!40000 ALTER TABLE `transferresultcode` DISABLE KEYS */;
INSERT INTO `transferresultcode` VALUES (1,'Export Data Success.'),(2,'Import Data Success.'),(3,'Validate Data Success.');
/*!40000 ALTER TABLE `transferresultcode` ENABLE KEYS */;
UNLOCK TABLES;

--
-- Table structure for table `transfersaledataerror`
--

DROP TABLE IF EXISTS `transfersaledataerror`;
/*!40101 SET @saved_cs_client     = @@character_set_client */;
/*!40101 SET character_set_client = utf8 */;
CREATE TABLE `transfersaledataerror` (
  `ID` int(11) NOT NULL AUTO_INCREMENT,
  `ErrorMessage` text,
  `ErrorTime` datetime DEFAULT NULL,
  `ExcelFileName` varchar(100) DEFAULT NULL,
  `IsFromWebService` tinyint(4) NOT NULL DEFAULT '0',
  PRIMARY KEY (`ID`)
) ENGINE=InnoDB DEFAULT CHARSET=utf8;
/*!40101 SET character_set_client = @saved_cs_client */;

--
-- Dumping data for table `transfersaledataerror`
--

LOCK TABLES `transfersaledataerror` WRITE;
/*!40000 ALTER TABLE `transfersaledataerror` DISABLE KEYS */;
/*!40000 ALTER TABLE `transfersaledataerror` ENABLE KEYS */;
UNLOCK TABLES;

--
-- Table structure for table `transfersaledatafromexcel`
--

DROP TABLE IF EXISTS `transfersaledatafromexcel`;
/*!40101 SET @saved_cs_client     = @@character_set_client */;
/*!40101 SET character_set_client = utf8 */;
CREATE TABLE `transfersaledatafromexcel` (
  `ExcelFileName` varchar(100) NOT NULL DEFAULT '',
  `ModifiedDateTime` datetime DEFAULT NULL,
  `UpdateDate` datetime DEFAULT NULL,
  PRIMARY KEY (`ExcelFileName`)
) ENGINE=InnoDB DEFAULT CHARSET=utf8;
/*!40101 SET character_set_client = @saved_cs_client */;

--
-- Dumping data for table `transfersaledatafromexcel`
--

LOCK TABLES `transfersaledatafromexcel` WRITE;
/*!40000 ALTER TABLE `transfersaledatafromexcel` DISABLE KEYS */;
/*!40000 ALTER TABLE `transfersaledatafromexcel` ENABLE KEYS */;
UNLOCK TABLES;

--
-- Table structure for table `transfersaledatafromexceldetail`
--

DROP TABLE IF EXISTS `transfersaledatafromexceldetail`;
/*!40101 SET @saved_cs_client     = @@character_set_client */;
/*!40101 SET character_set_client = utf8 */;
CREATE TABLE `transfersaledatafromexceldetail` (
  `ID` int(11) NOT NULL AUTO_INCREMENT,
  `ExcelFileName` varchar(100) NOT NULL DEFAULT '',
  `OutletCode` varchar(20) DEFAULT NULL,
  `SaleDate` datetime DEFAULT NULL,
  PRIMARY KEY (`ID`)
) ENGINE=InnoDB DEFAULT CHARSET=utf8;
/*!40101 SET character_set_client = @saved_cs_client */;

--
-- Dumping data for table `transfersaledatafromexceldetail`
--

LOCK TABLES `transfersaledatafromexceldetail` WRITE;
/*!40000 ALTER TABLE `transfersaledatafromexceldetail` DISABLE KEYS */;
/*!40000 ALTER TABLE `transfersaledatafromexceldetail` ENABLE KEYS */;
UNLOCK TABLES;

--
-- Table structure for table `transfersaledatafromwebservice`
--

DROP TABLE IF EXISTS `transfersaledatafromwebservice`;
/*!40101 SET @saved_cs_client     = @@character_set_client */;
/*!40101 SET character_set_client = utf8 */;
CREATE TABLE `transfersaledatafromwebservice` (
  `ID` int(11) NOT NULL AUTO_INCREMENT,
  `ProductLevelID` int(11) NOT NULL DEFAULT '0',
  `ProductLevelCode` varchar(20) DEFAULT NULL,
  `SaleDate` datetime DEFAULT NULL,
  `UpdateDate` datetime DEFAULT NULL,
  PRIMARY KEY (`ID`)
) ENGINE=InnoDB DEFAULT CHARSET=utf8;
/*!40101 SET character_set_client = @saved_cs_client */;

--
-- Dumping data for table `transfersaledatafromwebservice`
--

LOCK TABLES `transfersaledatafromwebservice` WRITE;
/*!40000 ALTER TABLE `transfersaledatafromwebservice` DISABLE KEYS */;
/*!40000 ALTER TABLE `transfersaledatafromwebservice` ENABLE KEYS */;
UNLOCK TABLES;

--
-- Table structure for table `transfersyncdatalog`
--

DROP TABLE IF EXISTS `transfersyncdatalog`;
/*!40101 SET @saved_cs_client     = @@character_set_client */;
/*!40101 SET character_set_client = utf8 */;
CREATE TABLE `transfersyncdatalog` (
  `SyncID` varchar(50) NOT NULL,
  `SyncType` tinyint(4) NOT NULL DEFAULT '0',
  `FromShopID` int(11) NOT NULL DEFAULT '0',
  `DestinationShopID` int(11) NOT NULL DEFAULT '0',
  `CriteriaStartTime` datetime DEFAULT NULL,
  `CriteriaEndTime` datetime DEFAULT NULL,
  `IsFromLastUpdate` tinyint(4) NOT NULL DEFAULT '0',
  `ExportDateTime` datetime DEFAULT NULL,
  `ImportDateTime` datetime DEFAULT NULL,
  `UpdateDate` datetime DEFAULT NULL,
  `LogResult` tinyint(4) NOT NULL DEFAULT '0',
  `LogError` text,
  PRIMARY KEY (`SyncID`)
) ENGINE=InnoDB DEFAULT CHARSET=utf8;
/*!40101 SET character_set_client = @saved_cs_client */;

--
-- Dumping data for table `transfersyncdatalog`
--

LOCK TABLES `transfersyncdatalog` WRITE;
/*!40000 ALTER TABLE `transfersyncdatalog` DISABLE KEYS */;
/*!40000 ALTER TABLE `transfersyncdatalog` ENABLE KEYS */;
UNLOCK TABLES;

--
-- Table structure for table `transfersyncdatalogdetail`
--

DROP TABLE IF EXISTS `transfersyncdatalogdetail`;
/*!40101 SET @saved_cs_client     = @@character_set_client */;
/*!40101 SET character_set_client = utf8 */;
CREATE TABLE `transfersyncdatalogdetail` (
  `SyncID` varchar(50) NOT NULL,
  `DataType` tinyint(4) NOT NULL DEFAULT '0',
  PRIMARY KEY (`SyncID`,`DataType`)
) ENGINE=InnoDB DEFAULT CHARSET=utf8;
/*!40101 SET character_set_client = @saved_cs_client */;

--
-- Dumping data for table `transfersyncdatalogdetail`
--

LOCK TABLES `transfersyncdatalogdetail` WRITE;
/*!40000 ALTER TABLE `transfersyncdatalogdetail` DISABLE KEYS */;
/*!40000 ALTER TABLE `transfersyncdatalogdetail` ENABLE KEYS */;
UNLOCK TABLES;

--
-- Table structure for table `uddprop`
--

DROP TABLE IF EXISTS `uddprop`;
/*!40101 SET @saved_cs_client     = @@character_set_client */;
/*!40101 SET character_set_client = utf8 */;
CREATE TABLE `uddprop` (
  `UDDPropID` int(11) NOT NULL DEFAULT '0',
  `UDDPropName` varchar(255) DEFAULT NULL,
  PRIMARY KEY (`UDDPropID`)
) ENGINE=InnoDB DEFAULT CHARSET=utf8;
/*!40101 SET character_set_client = @saved_cs_client */;

--
-- Dumping data for table `uddprop`
--

LOCK TABLES `uddprop` WRITE;
/*!40000 ALTER TABLE `uddprop` DISABLE KEYS */;
INSERT INTO `uddprop` VALUES (1,'Data Only'),(2,'History Only'),(3,'Both Data and History');
/*!40000 ALTER TABLE `uddprop` ENABLE KEYS */;
UNLOCK TABLES;

--
-- Table structure for table `uddtype`
--

DROP TABLE IF EXISTS `uddtype`;
/*!40101 SET @saved_cs_client     = @@character_set_client */;
/*!40101 SET character_set_client = utf8 */;
CREATE TABLE `uddtype` (
  `UDDTypeID` int(11) NOT NULL DEFAULT '0',
  `UDDTypeName` varchar(255) DEFAULT NULL,
  PRIMARY KEY (`UDDTypeID`)
) ENGINE=InnoDB DEFAULT CHARSET=utf8;
/*!40101 SET character_set_client = @saved_cs_client */;

--
-- Dumping data for table `uddtype`
--

LOCK TABLES `uddtype` WRITE;
/*!40000 ALTER TABLE `uddtype` DISABLE KEYS */;
INSERT INTO `uddtype` VALUES (1,'Text'),(2,'Numeric'),(3,'Option (Checkbox)'),(4,'Option (Radio)'),(5,'Date'),(6,'Image');
/*!40000 ALTER TABLE `uddtype` ENABLE KEYS */;
UNLOCK TABLES;

--
-- Table structure for table `unitlarge`
--

DROP TABLE IF EXISTS `unitlarge`;
/*!40101 SET @saved_cs_client     = @@character_set_client */;
/*!40101 SET character_set_client = utf8 */;
CREATE TABLE `unitlarge` (
  `UnitLargeID` int(11) NOT NULL DEFAULT '0',
  `UnitLargeName` varchar(50) DEFAULT NULL,
  `AddingFromBranch` int(11) NOT NULL DEFAULT '0',
  PRIMARY KEY (`UnitLargeID`)
) ENGINE=InnoDB DEFAULT CHARSET=utf8;
/*!40101 SET character_set_client = @saved_cs_client */;

--
-- Dumping data for table `unitlarge`
--

LOCK TABLES `unitlarge` WRITE;
/*!40000 ALTER TABLE `unitlarge` DISABLE KEYS */;
INSERT INTO `unitlarge` VALUES (1,'ตัว',0),(2,'กรัม',0),(3,'กิโลกรัม',0),(4,'ขวด',0),(5,'แพ็ค',0),(6,'หีบ',0),(7,'ขวด',0);
/*!40000 ALTER TABLE `unitlarge` ENABLE KEYS */;
UNLOCK TABLES;

--
-- Table structure for table `unitratio`
--

DROP TABLE IF EXISTS `unitratio`;
/*!40101 SET @saved_cs_client     = @@character_set_client */;
/*!40101 SET character_set_client = utf8 */;
CREATE TABLE `unitratio` (
  `UnitID` int(11) NOT NULL AUTO_INCREMENT,
  `MaterialUnitRatioCode` varchar(50) DEFAULT NULL,
  `UnitLargeID` int(11) DEFAULT NULL,
  `UnitSmallID` int(11) DEFAULT NULL,
  `UnitLargeRatio` int(11) DEFAULT NULL,
  `UnitSmallRatio` int(11) DEFAULT NULL,
  `Deleted` tinyint(2) NOT NULL DEFAULT '0',
  `AddingFromBranch` int(11) NOT NULL DEFAULT '0',
  PRIMARY KEY (`UnitID`)
) ENGINE=InnoDB AUTO_INCREMENT=8 DEFAULT CHARSET=utf8;
/*!40101 SET character_set_client = @saved_cs_client */;

--
-- Dumping data for table `unitratio`
--

LOCK TABLES `unitratio` WRITE;
/*!40000 ALTER TABLE `unitratio` DISABLE KEYS */;
INSERT INTO `unitratio` VALUES (1,'',1,1,1,1,0,0),(2,'',2,2,1,1,0,0),(3,'',3,2,1,1000,0,0),(4,'',4,3,1,1,0,0),(5,'',5,3,1,6,0,0),(6,'',6,3,1,48,0,0),(7,'',7,4,1,1,0,0);
/*!40000 ALTER TABLE `unitratio` ENABLE KEYS */;
UNLOCK TABLES;

--
-- Table structure for table `unitsmall`
--

DROP TABLE IF EXISTS `unitsmall`;
/*!40101 SET @saved_cs_client     = @@character_set_client */;
/*!40101 SET character_set_client = utf8 */;
CREATE TABLE `unitsmall` (
  `UnitSmallID` int(11) NOT NULL DEFAULT '0',
  `UnitSmallName` varchar(50) DEFAULT NULL,
  `UnitGroupName` varchar(200) DEFAULT NULL,
  `AddingFromBranch` int(11) NOT NULL DEFAULT '0',
  PRIMARY KEY (`UnitSmallID`)
) ENGINE=InnoDB DEFAULT CHARSET=utf8;
/*!40101 SET character_set_client = @saved_cs_client */;

--
-- Dumping data for table `unitsmall`
--

LOCK TABLES `unitsmall` WRITE;
/*!40000 ALTER TABLE `unitsmall` DISABLE KEYS */;
INSERT INTO `unitsmall` VALUES (1,'ตัว',NULL,0),(2,'กรัม',NULL,0),(3,'ขวด',NULL,0),(4,'ขวด',NULL,0);
/*!40000 ALTER TABLE `unitsmall` ENABLE KEYS */;
UNLOCK TABLES;

--
-- Table structure for table `updatedatabasebatchdetail`
--

DROP TABLE IF EXISTS `updatedatabasebatchdetail`;
/*!40101 SET @saved_cs_client     = @@character_set_client */;
/*!40101 SET character_set_client = utf8 */;
CREATE TABLE `updatedatabasebatchdetail` (
  `BatchID` int(11) NOT NULL DEFAULT '0',
  `BatchFileName` varchar(50) DEFAULT NULL,
  `BatchDescription` text,
  PRIMARY KEY (`BatchID`)
) ENGINE=InnoDB DEFAULT CHARSET=utf8;
/*!40101 SET character_set_client = @saved_cs_client */;

--
-- Dumping data for table `updatedatabasebatchdetail`
--

LOCK TABLES `updatedatabasebatchdetail` WRITE;
/*!40000 ALTER TABLE `updatedatabasebatchdetail` DISABLE KEYS */;
/*!40000 ALTER TABLE `updatedatabasebatchdetail` ENABLE KEYS */;
UNLOCK TABLES;

--
-- Table structure for table `updatedatabaseerrorlog`
--

DROP TABLE IF EXISTS `updatedatabaseerrorlog`;
/*!40101 SET @saved_cs_client     = @@character_set_client */;
/*!40101 SET character_set_client = utf8 */;
CREATE TABLE `updatedatabaseerrorlog` (
  `ErrorID` int(11) NOT NULL AUTO_INCREMENT,
  `BatchID` int(11) NOT NULL DEFAULT '0',
  `ProductRegionID` int(11) NOT NULL DEFAULT '0',
  `SQLStatement` text,
  `ErrorMessage` text,
  `ErrorTime` datetime DEFAULT NULL,
  PRIMARY KEY (`ErrorID`)
) ENGINE=InnoDB DEFAULT CHARSET=utf8;
/*!40101 SET character_set_client = @saved_cs_client */;

--
-- Dumping data for table `updatedatabaseerrorlog`
--

LOCK TABLES `updatedatabaseerrorlog` WRITE;
/*!40000 ALTER TABLE `updatedatabaseerrorlog` DISABLE KEYS */;
/*!40000 ALTER TABLE `updatedatabaseerrorlog` ENABLE KEYS */;
UNLOCK TABLES;

--
-- Table structure for table `updatedatabaselog`
--

DROP TABLE IF EXISTS `updatedatabaselog`;
/*!40101 SET @saved_cs_client     = @@character_set_client */;
/*!40101 SET character_set_client = utf8 */;
CREATE TABLE `updatedatabaselog` (
  `LogID` int(11) NOT NULL AUTO_INCREMENT,
  `BatchID` int(11) NOT NULL DEFAULT '0',
  `ProductRegionID` int(11) NOT NULL DEFAULT '0',
  `IPAddress` varchar(50) DEFAULT NULL,
  `DBName` varchar(50) DEFAULT NULL,
  `UpdateDateTime` datetime DEFAULT NULL,
  PRIMARY KEY (`LogID`)
) ENGINE=InnoDB DEFAULT CHARSET=utf8;
/*!40101 SET character_set_client = @saved_cs_client */;

--
-- Dumping data for table `updatedatabaselog`
--

LOCK TABLES `updatedatabaselog` WRITE;
/*!40000 ALTER TABLE `updatedatabaselog` DISABLE KEYS */;
/*!40000 ALTER TABLE `updatedatabaselog` ENABLE KEYS */;
UNLOCK TABLES;

--
-- Table structure for table `updatewebservicedatetime`
--

DROP TABLE IF EXISTS `updatewebservicedatetime`;
/*!40101 SET @saved_cs_client     = @@character_set_client */;
/*!40101 SET character_set_client = utf8 */;
CREATE TABLE `updatewebservicedatetime` (
  `ShopID` int(11) NOT NULL DEFAULT '0',
  `UpdateDate` datetime DEFAULT NULL,
  PRIMARY KEY (`ShopID`)
) ENGINE=InnoDB DEFAULT CHARSET=utf8;
/*!40101 SET character_set_client = @saved_cs_client */;

--
-- Dumping data for table `updatewebservicedatetime`
--

LOCK TABLES `updatewebservicedatetime` WRITE;
/*!40000 ALTER TABLE `updatewebservicedatetime` DISABLE KEYS */;
/*!40000 ALTER TABLE `updatewebservicedatetime` ENABLE KEYS */;
UNLOCK TABLES;

--
-- Table structure for table `userdefinedata`
--

DROP TABLE IF EXISTS `userdefinedata`;
/*!40101 SET @saved_cs_client     = @@character_set_client */;
/*!40101 SET character_set_client = utf8 */;
CREATE TABLE `userdefinedata` (
  `UDDID` int(11) NOT NULL DEFAULT '0',
  `MemberOrStaff` tinyint(4) NOT NULL DEFAULT '0',
  `UDDName` varchar(255) DEFAULT NULL,
  `UDDTypeID` tinyint(4) NOT NULL DEFAULT '0',
  `UDDPropID` tinyint(4) NOT NULL DEFAULT '0',
  `UDDGID` int(11) NOT NULL DEFAULT '0',
  `Deleted` tinyint(2) NOT NULL DEFAULT '0',
  `DisplayAtFront` tinyint(4) NOT NULL DEFAULT '1',
  PRIMARY KEY (`UDDID`)
) ENGINE=InnoDB DEFAULT CHARSET=utf8;
/*!40101 SET character_set_client = @saved_cs_client */;

--
-- Dumping data for table `userdefinedata`
--

LOCK TABLES `userdefinedata` WRITE;
/*!40000 ALTER TABLE `userdefinedata` DISABLE KEYS */;
/*!40000 ALTER TABLE `userdefinedata` ENABLE KEYS */;
UNLOCK TABLES;

--
-- Table structure for table `userdefinedatagroup`
--

DROP TABLE IF EXISTS `userdefinedatagroup`;
/*!40101 SET @saved_cs_client     = @@character_set_client */;
/*!40101 SET character_set_client = utf8 */;
CREATE TABLE `userdefinedatagroup` (
  `UDDGID` int(11) NOT NULL DEFAULT '0',
  `UDDGName` varchar(100) DEFAULT NULL,
  `UDDGOrder` tinyint(4) NOT NULL DEFAULT '0',
  `MemberOrStaff` tinyint(4) NOT NULL DEFAULT '0',
  `Deleted` tinyint(2) NOT NULL DEFAULT '0',
  PRIMARY KEY (`UDDGID`)
) ENGINE=InnoDB DEFAULT CHARSET=utf8;
/*!40101 SET character_set_client = @saved_cs_client */;

--
-- Dumping data for table `userdefinedatagroup`
--

LOCK TABLES `userdefinedatagroup` WRITE;
/*!40000 ALTER TABLE `userdefinedatagroup` DISABLE KEYS */;
/*!40000 ALTER TABLE `userdefinedatagroup` ENABLE KEYS */;
UNLOCK TABLES;

--
-- Table structure for table `userdefinedetail`
--

DROP TABLE IF EXISTS `userdefinedetail`;
/*!40101 SET @saved_cs_client     = @@character_set_client */;
/*!40101 SET character_set_client = utf8 */;
CREATE TABLE `userdefinedetail` (
  `OrderDetailID` int(11) NOT NULL DEFAULT '0',
  `TransactionID` int(11) NOT NULL DEFAULT '0',
  `ComputerID` int(11) NOT NULL DEFAULT '0',
  `UDDID` int(11) NOT NULL DEFAULT '0',
  `OptionID` int(11) NOT NULL DEFAULT '0',
  PRIMARY KEY (`OrderDetailID`,`TransactionID`,`ComputerID`,`UDDID`)
) ENGINE=InnoDB DEFAULT CHARSET=utf8;
/*!40101 SET character_set_client = @saved_cs_client */;

--
-- Dumping data for table `userdefinedetail`
--

LOCK TABLES `userdefinedetail` WRITE;
/*!40000 ALTER TABLE `userdefinedetail` DISABLE KEYS */;
/*!40000 ALTER TABLE `userdefinedetail` ENABLE KEYS */;
UNLOCK TABLES;

--
-- Table structure for table `userdefinedetailfront`
--

DROP TABLE IF EXISTS `userdefinedetailfront`;
/*!40101 SET @saved_cs_client     = @@character_set_client */;
/*!40101 SET character_set_client = utf8 */;
CREATE TABLE `userdefinedetailfront` (
  `OrderDetailID` int(11) NOT NULL DEFAULT '0',
  `TransactionID` int(11) NOT NULL DEFAULT '0',
  `ComputerID` int(11) NOT NULL DEFAULT '0',
  `UDDID` int(11) NOT NULL DEFAULT '0',
  `OptionID` int(11) NOT NULL DEFAULT '0',
  PRIMARY KEY (`OrderDetailID`,`TransactionID`,`ComputerID`,`UDDID`)
) ENGINE=InnoDB DEFAULT CHARSET=utf8;
/*!40101 SET character_set_client = @saved_cs_client */;

--
-- Dumping data for table `userdefinedetailfront`
--

LOCK TABLES `userdefinedetailfront` WRITE;
/*!40000 ALTER TABLE `userdefinedetailfront` DISABLE KEYS */;
/*!40000 ALTER TABLE `userdefinedetailfront` ENABLE KEYS */;
UNLOCK TABLES;

--
-- Table structure for table `userdefineoption`
--

DROP TABLE IF EXISTS `userdefineoption`;
/*!40101 SET @saved_cs_client     = @@character_set_client */;
/*!40101 SET character_set_client = utf8 */;
CREATE TABLE `userdefineoption` (
  `OptionID` int(11) NOT NULL AUTO_INCREMENT,
  `UDDID` int(11) NOT NULL DEFAULT '0',
  `OptionName` varchar(255) DEFAULT NULL,
  PRIMARY KEY (`OptionID`)
) ENGINE=InnoDB DEFAULT CHARSET=utf8;
/*!40101 SET character_set_client = @saved_cs_client */;

--
-- Dumping data for table `userdefineoption`
--

LOCK TABLES `userdefineoption` WRITE;
/*!40000 ALTER TABLE `userdefineoption` DISABLE KEYS */;
/*!40000 ALTER TABLE `userdefineoption` ENABLE KEYS */;
UNLOCK TABLES;

--
-- Table structure for table `userdefinevalue`
--

DROP TABLE IF EXISTS `userdefinevalue`;
/*!40101 SET @saved_cs_client     = @@character_set_client */;
/*!40101 SET character_set_client = utf8 */;
CREATE TABLE `userdefinevalue` (
  `MemberStaffID` int(11) NOT NULL DEFAULT '0',
  `UDDID` int(11) NOT NULL DEFAULT '0',
  `OptionID` int(11) NOT NULL DEFAULT '0',
  `UDVText` text,
  `UDVValue` decimal(18,2) NOT NULL DEFAULT '0.00',
  `HistoryGroupID` int(11) NOT NULL DEFAULT '0',
  `MemberOrStaff` tinyint(4) NOT NULL DEFAULT '0',
  `NumRecord` int(11) NOT NULL DEFAULT '0',
  `UDVDate` datetime DEFAULT NULL,
  `InsertDate` datetime DEFAULT NULL,
  `InputStaff` int(11) DEFAULT NULL,
  PRIMARY KEY (`MemberStaffID`,`UDDID`,`OptionID`,`HistoryGroupID`,`NumRecord`,`MemberOrStaff`),
  KEY `UDDValueMemberIndex` (`MemberStaffID`,`MemberOrStaff`)
) ENGINE=InnoDB DEFAULT CHARSET=utf8;
/*!40101 SET character_set_client = @saved_cs_client */;

--
-- Dumping data for table `userdefinevalue`
--

LOCK TABLES `userdefinevalue` WRITE;
/*!40000 ALTER TABLE `userdefinevalue` DISABLE KEYS */;
/*!40000 ALTER TABLE `userdefinevalue` ENABLE KEYS */;
UNLOCK TABLES;

--
-- Table structure for table `vattypedescription`
--

DROP TABLE IF EXISTS `vattypedescription`;
/*!40101 SET @saved_cs_client     = @@character_set_client */;
/*!40101 SET character_set_client = utf8 */;
CREATE TABLE `vattypedescription` (
  `VATType` int(11) NOT NULL DEFAULT '0',
  `Description` varchar(20) DEFAULT NULL,
  PRIMARY KEY (`VATType`)
) ENGINE=InnoDB DEFAULT CHARSET=utf8;
/*!40101 SET character_set_client = @saved_cs_client */;

--
-- Dumping data for table `vattypedescription`
--

LOCK TABLES `vattypedescription` WRITE;
/*!40000 ALTER TABLE `vattypedescription` DISABLE KEYS */;
INSERT INTO `vattypedescription` VALUES (0,'NO VAT'),(1,'Include VAT'),(2,'Exclude VAT');
/*!40000 ALTER TABLE `vattypedescription` ENABLE KEYS */;
UNLOCK TABLES;

--
-- Table structure for table `vendorgroup`
--

DROP TABLE IF EXISTS `vendorgroup`;
/*!40101 SET @saved_cs_client     = @@character_set_client */;
/*!40101 SET character_set_client = utf8 */;
CREATE TABLE `vendorgroup` (
  `VendorGroupID` int(11) NOT NULL DEFAULT '0',
  `ShopID` int(11) NOT NULL DEFAULT '0',
  `VendorGroupCode` varchar(50) DEFAULT NULL,
  `VendorGroupName` varchar(100) DEFAULT NULL,
  `Deleted` tinyint(2) NOT NULL DEFAULT '0',
  PRIMARY KEY (`VendorGroupID`,`ShopID`)
) ENGINE=InnoDB DEFAULT CHARSET=utf8;
/*!40101 SET character_set_client = @saved_cs_client */;

--
-- Dumping data for table `vendorgroup`
--

LOCK TABLES `vendorgroup` WRITE;
/*!40000 ALTER TABLE `vendorgroup` DISABLE KEYS */;
INSERT INTO `vendorgroup` VALUES (1,2,'1','กลุ่ม1',0);
/*!40000 ALTER TABLE `vendorgroup` ENABLE KEYS */;
UNLOCK TABLES;

--
-- Table structure for table `vendors`
--

DROP TABLE IF EXISTS `vendors`;
/*!40101 SET @saved_cs_client     = @@character_set_client */;
/*!40101 SET character_set_client = utf8 */;
CREATE TABLE `vendors` (
  `VendorID` int(11) NOT NULL DEFAULT '0',
  `VendorGroupID` int(11) NOT NULL DEFAULT '0',
  `ShopID` int(11) NOT NULL DEFAULT '0',
  `VendorName` varchar(50) DEFAULT NULL,
  `VendorCode` varchar(50) DEFAULT NULL,
  `VendorFirstName` varchar(50) DEFAULT NULL,
  `VendorLastName` varchar(50) DEFAULT NULL,
  `VendorAddress1` varchar(255) DEFAULT NULL,
  `VendorAddress2` varchar(255) DEFAULT NULL,
  `VendorCity` varchar(100) DEFAULT NULL,
  `VendorProvince` smallint(6) DEFAULT NULL,
  `VendorZipCode` varchar(20) DEFAULT NULL,
  `VendorTelephone` varchar(50) DEFAULT NULL,
  `VendorMobile` varchar(50) DEFAULT NULL,
  `VendorFax` varchar(50) DEFAULT NULL,
  `VendorEmail` varchar(100) DEFAULT NULL,
  `VendorAdditional` text,
  `DefaultTaxType` tinyint(4) NOT NULL DEFAULT '0',
  `InsertDate` datetime DEFAULT NULL,
  `InputBy` int(11) DEFAULT NULL,
  `UpdateDate` datetime DEFAULT NULL,
  `Deleted` tinyint(2) NOT NULL DEFAULT '0',
  `VendorTermOfPayment` smallint(6) NOT NULL DEFAULT '0',
  `VendorCreditDay` smallint(6) DEFAULT NULL,
  PRIMARY KEY (`VendorID`)
) ENGINE=InnoDB DEFAULT CHARSET=utf8;
/*!40101 SET character_set_client = @saved_cs_client */;

--
-- Dumping data for table `vendors`
--

LOCK TABLES `vendors` WRITE;
/*!40000 ALTER TABLE `vendors` DISABLE KEYS */;
INSERT INTO `vendors` VALUES (200001,1,2,'ตลาด','101','-','','','','',37,'','','','','','',0,'2014-01-24 15:04:43',2,'2014-01-24 15:04:43',0,1,0);
/*!40000 ALTER TABLE `vendors` ENABLE KEYS */;
UNLOCK TABLES;

--
-- Table structure for table `vouchercouponautocreateid`
--

DROP TABLE IF EXISTS `vouchercouponautocreateid`;
/*!40101 SET @saved_cs_client     = @@character_set_client */;
/*!40101 SET character_set_client = utf8 */;
CREATE TABLE `vouchercouponautocreateid` (
  `VoucherTypeID` int(11) NOT NULL DEFAULT '0',
  `ShopID` int(11) NOT NULL DEFAULT '0',
  `NextVoucherCouponID` int(11) NOT NULL DEFAULT '0',
  PRIMARY KEY (`VoucherTypeID`,`ShopID`)
) ENGINE=InnoDB DEFAULT CHARSET=utf8;
/*!40101 SET character_set_client = @saved_cs_client */;

--
-- Dumping data for table `vouchercouponautocreateid`
--

LOCK TABLES `vouchercouponautocreateid` WRITE;
/*!40000 ALTER TABLE `vouchercouponautocreateid` DISABLE KEYS */;
/*!40000 ALTER TABLE `vouchercouponautocreateid` ENABLE KEYS */;
UNLOCK TABLES;

--
-- Table structure for table `voucherdetail`
--

DROP TABLE IF EXISTS `voucherdetail`;
/*!40101 SET @saved_cs_client     = @@character_set_client */;
/*!40101 SET character_set_client = utf8 */;
CREATE TABLE `voucherdetail` (
  `VoucherTypeID` int(11) NOT NULL DEFAULT '0',
  `VoucherTypeName` varchar(100) DEFAULT NULL,
  `VoucherHeader` varchar(10) DEFAULT NULL,
  `SoldVoucher` tinyint(2) NOT NULL DEFAULT '0',
  `ExpireDate` datetime DEFAULT NULL,
  `InputBy` int(11) DEFAULT NULL,
  `UpdateBy` int(11) DEFAULT NULL,
  `InsertDate` datetime NOT NULL DEFAULT '0000-00-00 00:00:00',
  `UpdateDate` datetime NOT NULL DEFAULT '0000-00-00 00:00:00',
  `ReuseCoupon` tinyint(2) NOT NULL DEFAULT '0',
  `Activated` tinyint(2) NOT NULL DEFAULT '0',
  `Deleted` tinyint(2) NOT NULL DEFAULT '0',
  `TypeID` tinyint(4) NOT NULL DEFAULT '0',
  `RequireReferenceNo` tinyint(4) NOT NULL DEFAULT '0',
  `RequireAuthorize` tinyint(4) NOT NULL DEFAULT '0',
  `IsRequireMember` tinyint(4) NOT NULL DEFAULT '0',
  `ValidDayAfterCreate` int(11) NOT NULL DEFAULT '-1',
  `PromoCode` varchar(50) DEFAULT NULL,
  PRIMARY KEY (`VoucherTypeID`)
) ENGINE=InnoDB DEFAULT CHARSET=utf8;
/*!40101 SET character_set_client = @saved_cs_client */;

--
-- Dumping data for table `voucherdetail`
--

LOCK TABLES `voucherdetail` WRITE;
/*!40000 ALTER TABLE `voucherdetail` DISABLE KEYS */;
INSERT INTO `voucherdetail` VALUES (1,'Sample Coupon','cSam10',0,NULL,1,2,'2013-09-18 13:38:12','2013-09-18 21:38:09',1,1,0,4,0,0,0,-1,NULL),(2,'Sample Voucher20B','vsam20',1,NULL,1,2,'2013-09-18 13:38:45','2013-09-18 21:38:49',1,1,0,5,0,0,0,-1,NULL);
/*!40000 ALTER TABLE `voucherdetail` ENABLE KEYS */;
UNLOCK TABLES;

--
-- Table structure for table `voucherrange`
--

DROP TABLE IF EXISTS `voucherrange`;
/*!40101 SET @saved_cs_client     = @@character_set_client */;
/*!40101 SET character_set_client = utf8 */;
CREATE TABLE `voucherrange` (
  `VoucherTypeID` int(11) NOT NULL DEFAULT '0',
  `StartNo` int(11) NOT NULL DEFAULT '0',
  `EndNo` int(11) NOT NULL DEFAULT '0',
  PRIMARY KEY (`VoucherTypeID`,`StartNo`,`EndNo`)
) ENGINE=InnoDB DEFAULT CHARSET=utf8;
/*!40101 SET character_set_client = @saved_cs_client */;

--
-- Dumping data for table `voucherrange`
--

LOCK TABLES `voucherrange` WRITE;
/*!40000 ALTER TABLE `voucherrange` DISABLE KEYS */;
INSERT INTO `voucherrange` VALUES (1,1,1),(2,1,1);
/*!40000 ALTER TABLE `voucherrange` ENABLE KEYS */;
UNLOCK TABLES;

--
-- Table structure for table `voucherreusetype`
--

DROP TABLE IF EXISTS `voucherreusetype`;
/*!40101 SET @saved_cs_client     = @@character_set_client */;
/*!40101 SET character_set_client = utf8 */;
CREATE TABLE `voucherreusetype` (
  `ReuseType` tinyint(4) NOT NULL DEFAULT '0',
  `Description` varchar(50) DEFAULT NULL,
  PRIMARY KEY (`ReuseType`)
) ENGINE=InnoDB DEFAULT CHARSET=tis620;
/*!40101 SET character_set_client = @saved_cs_client */;

--
-- Dumping data for table `voucherreusetype`
--

LOCK TABLES `voucherreusetype` WRITE;
/*!40000 ALTER TABLE `voucherreusetype` DISABLE KEYS */;
INSERT INTO `voucherreusetype` VALUES (0,'One Time Coupon'),(1,'Reused Coupon'),(2,'Next Transaction Coupon'),(3,'Auto Add Coupon'),(4,'E Voucher');
/*!40000 ALTER TABLE `voucherreusetype` ENABLE KEYS */;
UNLOCK TABLES;

--
-- Table structure for table `vouchers`
--

DROP TABLE IF EXISTS `vouchers`;
/*!40101 SET @saved_cs_client     = @@character_set_client */;
/*!40101 SET character_set_client = utf8 */;
CREATE TABLE `vouchers` (
  `VoucherID` int(11) NOT NULL DEFAULT '0',
  `VoucherTypeID` int(11) NOT NULL DEFAULT '0',
  `ComputerID` int(11) NOT NULL DEFAULT '0',
  `Used` int(11) NOT NULL DEFAULT '0',
  `UpdateDate` datetime DEFAULT NULL,
  PRIMARY KEY (`VoucherID`,`VoucherTypeID`,`ComputerID`)
) ENGINE=InnoDB DEFAULT CHARSET=utf8;
/*!40101 SET character_set_client = @saved_cs_client */;

--
-- Dumping data for table `vouchers`
--

LOCK TABLES `vouchers` WRITE;
/*!40000 ALTER TABLE `vouchers` DISABLE KEYS */;
INSERT INTO `vouchers` VALUES (1,1,1,0,'2013-10-01 10:27:46'),(1,2,1,0,'2013-09-29 16:13:48');
/*!40000 ALTER TABLE `vouchers` ENABLE KEYS */;
UNLOCK TABLES;

--
-- Table structure for table `voucherstaffpermission`
--

DROP TABLE IF EXISTS `voucherstaffpermission`;
/*!40101 SET @saved_cs_client     = @@character_set_client */;
/*!40101 SET character_set_client = utf8 */;
CREATE TABLE `voucherstaffpermission` (
  `StaffRoleID` int(11) NOT NULL DEFAULT '0',
  `VoucherTypeID` int(11) NOT NULL DEFAULT '0',
  PRIMARY KEY (`StaffRoleID`,`VoucherTypeID`)
) ENGINE=InnoDB DEFAULT CHARSET=utf8;
/*!40101 SET character_set_client = @saved_cs_client */;

--
-- Dumping data for table `voucherstaffpermission`
--

LOCK TABLES `voucherstaffpermission` WRITE;
/*!40000 ALTER TABLE `voucherstaffpermission` DISABLE KEYS */;
/*!40000 ALTER TABLE `voucherstaffpermission` ENABLE KEYS */;
UNLOCK TABLES;

--
-- Table structure for table `weeklystockmaterial`
--

DROP TABLE IF EXISTS `weeklystockmaterial`;
/*!40101 SET @saved_cs_client     = @@character_set_client */;
/*!40101 SET character_set_client = utf8 */;
CREATE TABLE `weeklystockmaterial` (
  `ProductLevelID` int(11) NOT NULL DEFAULT '0',
  `ShopID` int(11) NOT NULL DEFAULT '0',
  `MaterialID` int(11) NOT NULL DEFAULT '0',
  PRIMARY KEY (`ProductLevelID`,`ShopID`,`MaterialID`)
) ENGINE=InnoDB DEFAULT CHARSET=utf8;
/*!40101 SET character_set_client = @saved_cs_client */;

--
-- Dumping data for table `weeklystockmaterial`
--

LOCK TABLES `weeklystockmaterial` WRITE;
/*!40000 ALTER TABLE `weeklystockmaterial` DISABLE KEYS */;
/*!40000 ALTER TABLE `weeklystockmaterial` ENABLE KEYS */;
UNLOCK TABLES;

--
-- Table structure for table `welcomeimage`
--

DROP TABLE IF EXISTS `welcomeimage`;
/*!40101 SET @saved_cs_client     = @@character_set_client */;
/*!40101 SET character_set_client = utf8 */;
CREATE TABLE `welcomeimage` (
  `WelcomeImageID` int(5) NOT NULL DEFAULT '0',
  `ImageFileName` varchar(150) DEFAULT NULL,
  `ProductIDList` varchar(100) DEFAULT NULL,
  `ProductLevelID` int(11) DEFAULT NULL,
  `Ordering` int(5) NOT NULL DEFAULT '0',
  `UpdateDate` datetime DEFAULT NULL,
  PRIMARY KEY (`WelcomeImageID`),
  KEY `WelcomeImageIndex` (`WelcomeImageID`)
) ENGINE=InnoDB DEFAULT CHARSET=tis620;
/*!40101 SET character_set_client = @saved_cs_client */;

--
-- Dumping data for table `welcomeimage`
--

LOCK TABLES `welcomeimage` WRITE;
/*!40000 ALTER TABLE `welcomeimage` DISABLE KEYS */;
/*!40000 ALTER TABLE `welcomeimage` ENABLE KEYS */;
UNLOCK TABLES;

--
-- Table structure for table `wirelessordertransaction`
--

DROP TABLE IF EXISTS `wirelessordertransaction`;
/*!40101 SET @saved_cs_client     = @@character_set_client */;
/*!40101 SET character_set_client = utf8 */;
CREATE TABLE `wirelessordertransaction` (
  `TransactionID` int(11) NOT NULL DEFAULT '0',
  `ComputerID` int(11) NOT NULL DEFAULT '0',
  `AccountID` int(11) NOT NULL DEFAULT '0',
  `UserName` varchar(50) DEFAULT NULL,
  `NetPassword` varchar(50) DEFAULT NULL,
  `NoMinute` int(11) NOT NULL DEFAULT '0',
  `AccountInfo` text,
  PRIMARY KEY (`TransactionID`,`ComputerID`,`AccountID`)
) ENGINE=InnoDB DEFAULT CHARSET=utf8;
/*!40101 SET character_set_client = @saved_cs_client */;

--
-- Dumping data for table `wirelessordertransaction`
--

LOCK TABLES `wirelessordertransaction` WRITE;
/*!40000 ALTER TABLE `wirelessordertransaction` DISABLE KEYS */;
/*!40000 ALTER TABLE `wirelessordertransaction` ENABLE KEYS */;
UNLOCK TABLES;

--
-- Table structure for table `wirelessproperty`
--

DROP TABLE IF EXISTS `wirelessproperty`;
/*!40101 SET @saved_cs_client     = @@character_set_client */;
/*!40101 SET character_set_client = utf8 */;
CREATE TABLE `wirelessproperty` (
  `ProductLevelID` int(11) NOT NULL DEFAULT '0',
  `MinimumPrice` decimal(18,4) NOT NULL DEFAULT '0.0000',
  `DefaultMinute` int(11) NOT NULL DEFAULT '0',
  `WirelessUnit` int(11) NOT NULL DEFAULT '0',
  `DefaultExpireInOneDay` tinyint(4) NOT NULL DEFAULT '1',
  `WirelessSupportWebSite` varchar(100) DEFAULT NULL,
  PRIMARY KEY (`ProductLevelID`)
) ENGINE=InnoDB DEFAULT CHARSET=utf8;
/*!40101 SET character_set_client = @saved_cs_client */;

--
-- Dumping data for table `wirelessproperty`
--

LOCK TABLES `wirelessproperty` WRITE;
/*!40000 ALTER TABLE `wirelessproperty` DISABLE KEYS */;
INSERT INTO `wirelessproperty` VALUES (2,'50.0000',30,10,1,'');
/*!40000 ALTER TABLE `wirelessproperty` ENABLE KEYS */;
UNLOCK TABLES;

--
-- Table structure for table `wirelessusernamepassword`
--

DROP TABLE IF EXISTS `wirelessusernamepassword`;
/*!40101 SET @saved_cs_client     = @@character_set_client */;
/*!40101 SET character_set_client = utf8 */;
CREATE TABLE `wirelessusernamepassword` (
  `WirelessID` int(11) NOT NULL AUTO_INCREMENT,
  `ProductLevelID` int(11) NOT NULL DEFAULT '0',
  `PriceGroupID` int(11) NOT NULL DEFAULT '0',
  `UserName` varchar(50) DEFAULT NULL,
  `NetPassword` varchar(50) DEFAULT NULL,
  `NoMinute` int(11) NOT NULL DEFAULT '0',
  `ExpireDateTime` datetime DEFAULT NULL,
  `GenerateDate` date DEFAULT NULL,
  `GenerateDateTime` datetime DEFAULT NULL,
  `AccountInfo` text,
  `Used` tinyint(2) NOT NULL DEFAULT '0',
  PRIMARY KEY (`WirelessID`)
) ENGINE=InnoDB DEFAULT CHARSET=utf8;
/*!40101 SET character_set_client = @saved_cs_client */;

--
-- Dumping data for table `wirelessusernamepassword`
--

LOCK TABLES `wirelessusernamepassword` WRITE;
/*!40000 ALTER TABLE `wirelessusernamepassword` DISABLE KEYS */;
/*!40000 ALTER TABLE `wirelessusernamepassword` ENABLE KEYS */;
UNLOCK TABLES;

--
-- Table structure for table `zz_historypatch`
--

DROP TABLE IF EXISTS `zz_historypatch`;
/*!40101 SET @saved_cs_client     = @@character_set_client */;
/*!40101 SET character_set_client = utf8 */;
CREATE TABLE `zz_historypatch` (
  `zz_historypatch` varchar(97) DEFAULT NULL
) ENGINE=InnoDB DEFAULT CHARSET=tis620;
/*!40101 SET character_set_client = @saved_cs_client */;

--
-- Dumping data for table `zz_historypatch`
--

LOCK TABLES `zz_historypatch` WRITE;
/*!40000 ALTER TABLE `zz_historypatch` DISABLE KEYS */;
INSERT INTO `zz_historypatch` VALUES ('P570530-B60215/04-F60225/09-I621929 2014-05-30 14:49:25'),('P570601-B60216/04-F60227/10-I621929 2014-06-18 16:03:39'),('patch580410 2017-02-21 14:45:49'),('promise63_2017 ');
/*!40000 ALTER TABLE `zz_historypatch` ENABLE KEYS */;
UNLOCK TABLES;

--
-- Final view structure for view `dummydocument`
--

/*!50001 DROP TABLE IF EXISTS `dummydocument`*/;
/*!50001 DROP VIEW IF EXISTS `dummydocument`*/;
/*!50001 SET @saved_cs_client          = @@character_set_client */;
/*!50001 SET @saved_cs_results         = @@character_set_results */;
/*!50001 SET @saved_col_connection     = @@collation_connection */;
/*!50001 SET character_set_client      = tis620 */;
/*!50001 SET character_set_results     = tis620 */;
/*!50001 SET collation_connection      = tis620_thai_ci */;
/*!50001 CREATE ALGORITHM=UNDEFINED */
/*!50013 DEFINER=`POSAdmin`@`localhost` SQL SECURITY DEFINER */
/*!50001 VIEW `dummydocument` AS select `a`.`ProductLevelID` AS `ProductLevelID`,`a`.`ShopID` AS `ShopID`,`pl`.`ProductLevelCode` AS `ShopCode`,`pl`.`ProductLevelName` AS `ShopName`,`pl`.`ProductLevelOrder` AS `ShopOrdering`,`a`.`DocumentID` AS `DocumentID`,`b`.`DocDetailID` AS `DocDetailID`,`a`.`DocumentTypeID` AS `DocumentTypeID`,`a`.`DocumentYear` AS `DocumentYear`,`a`.`DocumentMonth` AS `DocumentMonth`,`a`.`DocumentNumber` AS `DocumentNumber`,`a`.`DocumentDate` AS `DocumentDate`,`a`.`DocumentStatus` AS `DocumentStatus`,`a`.`DocumentIDRef` AS `DocumentIDRef`,`a`.`DocIDRefShopID` AS `DocIDRefShopID`,`a`.`FromInvID` AS `FromInvID`,`a`.`ToInvID` AS `ToInvID`,`pl2`.`ProductLevelName` AS `FromShopName`,`pl3`.`ProductLevelName` AS `ToShopName`,`b`.`ProductID` AS `MaterialID`,`b`.`UnitSmallAmount` AS `UnitSmallAmount`,`b`.`ProductNetPrice` AS `ProductNetPrice`,`b`.`UnitName` AS `UnitName`,`b`.`ProductAmount` AS `Qty`,`dt`.`MovementInStock` AS `MovementInStock`,`dt`.`DocumentTypeHeader` AS `DocumentTypeHeader`,`dt`.`DocumentTypeName` AS `DocumentTypeName`,`dt`.`CalculateStandardProfitLoss` AS `CalculateStandardProfitLoss`,`m`.`MaterialCode` AS `MaterialCode`,`m`.`MaterialName` AS `MaterialName`,`md`.`MaterialDeptID` AS `MaterialDeptID`,`md`.`MaterialDeptCode` AS `MaterialDeptCode`,`md`.`MaterialDeptName` AS `MaterialDeptName`,`mg`.`MaterialGroupID` AS `MaterialGroupID`,`mg`.`MaterialGroupCode` AS `MaterialGroupCode`,`mg`.`MaterialGroupName` AS `MaterialGroupName`,`b`.`ProductUnit` AS `UnitSmallID`,`b`.`UnitID` AS `UnitLargeID`,`us`.`UnitSmallName` AS `UnitSmallName`,`b`.`ProductDiscount` AS `ProductDiscount`,`b`.`ProductTax` AS `ProductTax`,`b`.`ProductPricePerUnit` AS `ProductPricePerUnit`,`b`.`ProductTaxType` AS `ProductTaxType`,`b`.`ProductTaxIn` AS `ProductTaxIn`,`b`.`ProductDiscountAmount` AS `ProductDiscountAmount`,`a`.`Remark` AS `Remark` from (((((((((`document` `a` left join `docdetail` `b` on(((`a`.`DocumentID` = `b`.`DocumentID`) and (`a`.`ShopID` = `b`.`ShopID`)))) left join `documenttype` `dt` on(((`a`.`DocumentTypeID` = `dt`.`DocumentTypeID`) and (`a`.`ProductLevelID` = `dt`.`ShopID`) and (`dt`.`LangID` = 2)))) left join `productlevel` `pl` on((`a`.`ProductLevelID` = `pl`.`ProductLevelID`))) left join `productlevel` `pl2` on((`a`.`FromInvID` = `pl2`.`ProductLevelID`))) left join `productlevel` `pl3` on((`a`.`ToInvID` = `pl3`.`ProductLevelID`))) left join `materials` `m` on((`b`.`ProductID` = `m`.`MaterialID`))) left join `materialdept` `md` on((`m`.`MaterialDeptID` = `md`.`MaterialDeptID`))) left join `materialgroup` `mg` on((`md`.`MaterialGroupID` = `mg`.`MaterialGroupID`))) left join `unitsmall` `us` on((`m`.`UnitSmallID` = `us`.`UnitSmallID`))) where ((`dt`.`MovementInStock` <> 0) and (`a`.`DocumentStatus` = 2) and (`b`.`DocDetailID` is not null)) */;
/*!50001 SET character_set_client      = @saved_cs_client */;
/*!50001 SET character_set_results     = @saved_cs_results */;
/*!50001 SET collation_connection      = @saved_col_connection */;

--
-- Final view structure for view `dummypromotionpaybyvoucher`
--

/*!50001 DROP TABLE IF EXISTS `dummypromotionpaybyvoucher`*/;
/*!50001 DROP VIEW IF EXISTS `dummypromotionpaybyvoucher`*/;
/*!50001 SET @saved_cs_client          = @@character_set_client */;
/*!50001 SET @saved_cs_results         = @@character_set_results */;
/*!50001 SET @saved_col_connection     = @@collation_connection */;
/*!50001 SET character_set_client      = tis620 */;
/*!50001 SET character_set_results     = tis620 */;
/*!50001 SET collation_connection      = tis620_thai_ci */;
/*!50001 CREATE ALGORITHM=UNDEFINED */
/*!50013 DEFINER=`POSAdmin`@`localhost` SQL SECURITY DEFINER */
/*!50001 VIEW `dummypromotionpaybyvoucher` AS (select count(0) AS `NoRecord`,`paybyvoucher`.`PriceGroupID` AS `PriceGroupID`,`paybyvoucher`.`TransactionID` AS `TransactionID`,`paybyvoucher`.`ComputerID` AS `ComputerID`,`paybyvoucher`.`TypeID` AS `TypeID` from `paybyvoucher` group by `paybyvoucher`.`TransactionID`,`paybyvoucher`.`ComputerID`,`paybyvoucher`.`TypeID`) */;
/*!50001 SET character_set_client      = @saved_cs_client */;
/*!50001 SET character_set_results     = @saved_cs_results */;
/*!50001 SET collation_connection      = @saved_col_connection */;

--
-- Final view structure for view `dummytran`
--

/*!50001 DROP TABLE IF EXISTS `dummytran`*/;
/*!50001 DROP VIEW IF EXISTS `dummytran`*/;
/*!50001 SET @saved_cs_client          = @@character_set_client */;
/*!50001 SET @saved_cs_results         = @@character_set_results */;
/*!50001 SET @saved_col_connection     = @@collation_connection */;
/*!50001 SET character_set_client      = tis620 */;
/*!50001 SET character_set_results     = tis620 */;
/*!50001 SET collation_connection      = tis620_thai_ci */;
/*!50001 CREATE ALGORITHM=UNDEFINED */
/*!50013 DEFINER=`POSAdmin`@`localhost` SQL SECURITY DEFINER */
/*!50001 VIEW `dummytran` AS (select `a`.`ShopID` AS `ShopID`,`pl`.`ProductLevelCode` AS `ShopCode`,`pl`.`ProductLevelName` AS `ShopName`,`pl`.`ProductLevelCode` AS `ProductLevelCode`,`pl`.`ProductLevelName` AS `ProductLevelName`,`pl`.`ProductLevelOrder` AS `ProductLevelOrder`,`a`.`TransactionID` AS `TransactionID`,`a`.`ComputerID` AS `ComputerID`,`b`.`OrderDetailID` AS `OrderDetailID`,`a`.`SaleDate` AS `SaleDate`,`a`.`DocType` AS `DocType`,`a`.`ReceiptID` AS `ReceiptID`,`a`.`ReceiptMonth` AS `ReceiptMonth`,`a`.`ReceiptYear` AS `ReceiptYear`,`a`.`SessionID` AS `SessionID`,`a`.`CloseComputerID` AS `CloseComputerID`,`a`.`OpenTime` AS `OpenTime`,`a`.`CloseTime` AS `CloseTime`,`a`.`VoidTime` AS `VoidTime`,`a`.`OpenStaffID` AS `OpenStaffID`,`a`.`PaidStaffID` AS `PaidStaffID`,`a`.`VoidStaffID` AS `VoidStaffID`,`a`.`VoidReason` AS `VoidReason`,`a`.`TransactionStatusID` AS `TransactionStatusID`,`a`.`TransactionVATable` AS `TransactionVatable`,`a`.`TransactionVAT` AS `TransactionVAT`,`a`.`TransactionExcludeVAT` AS `TransactionExcludeVAT`,`a`.`ServiceCharge` AS `ServiceCharge`,`a`.`ServiceChargeVAT` AS `ServiceChargeVAT`,`a`.`OtherAmountDiscount` AS `OtherAmountDiscount`,`b`.`VATType` AS `VATType`,`a`.`NoCustomer` AS `NoCustomer`,`b`.`ProductID` AS `ProductID`,`b`.`OtherFoodName` AS `OtherFoodName`,`b`.`ProductSetType` AS `ProductSetType`,`b`.`OrderStatusID` AS `OrderStatusID`,`b`.`Amount` AS `Amount`,`b`.`Price` AS `Price`,`b`.`RetailPrice` AS `RetailPrice`,`c`.`SalePrice` AS `SalePrice`,`c`.`TotalPrice` AS `TotalPrice`,`c`.`TotalRetailPrice` AS `TotalRetailPrice`,`c`.`MemberDiscount` AS `MemberDiscount`,`c`.`StaffDiscount` AS `StaffDiscount`,`c`.`CouponDiscount` AS `CouponDiscount`,`c`.`VoucherDiscount` AS `VoucherDiscount`,`c`.`OtherPercentDiscount` AS `OtherPercentDiscount`,`c`.`EachProductOtherDiscount` AS `EachProductOtherDiscount`,`c`.`PricePromotionDiscount` AS `PricePromotionDiscount`,`a`.`MemberDiscountID` AS `MemberDiscountID`,`a`.`MemberPriceDiscountID` AS `MemberPriceDiscountID`,`a`.`StaffDiscountID` AS `StaffDiscountID`,`a`.`CouponDiscountID` AS `CouponDiscountID`,`a`.`CouponDiscountTypeID` AS `CouponDiscountTypeID`,`a`.`MemberPriceGroupID` AS `MemberPriceGroupID`,`a`.`StaffPriceGroupID` AS `StaffPriceGroupID`,`a`.`TableID` AS `TableID`,`t`.`TableName` AS `TableName`,`t`.`ZoneID` AS `ZoneID`,`tz`.`ZoneName` AS `ZoneName`,`b`.`PromotionPriceID` AS `PromotionPriceID`,`b`.`PromotionNPriceID` AS `PromotionNPriceID`,if((`p`.`TakeAway` > 1),`p`.`TakeAway`,`p`.`ProductID`) AS `NewProductID`,`p`.`ProductCode` AS `ProductCode`,`p`.`ProductName` AS `ProductName`,`pd`.`ProductDeptCode` AS `ProductDeptCode`,`pd`.`ProductDeptName` AS `ProductDeptName`,`pg`.`ProductGroupCode` AS `ProductGroupCode`,`pg`.`ProductGroupName` AS `ProductGroupName`,if((`aa`.`OrderLinkID` is not null),`aa`.`OrderLinkID`,if((`bb`.`OrderLinkID` is not null),`bb`.`OrderLinkID`,0)) AS `Name_exp_70` from ((((((((((`ordertransaction` `a` left join `orderdetail` `b` on(((`a`.`TransactionID` = `b`.`TransactionID`) and (`a`.`ComputerID` = `b`.`ComputerID`)))) left join `orderdiscountdetail` `c` on(((`b`.`OrderDetailID` = `c`.`OrderDetailID`) and (`b`.`ComputerID` = `c`.`ComputerID`) and (`b`.`TransactionID` = `c`.`TransactionID`)))) left join `productlevel` `pl` on((`a`.`ShopID` = `pl`.`ProductLevelID`))) left join `products` `p` on((`b`.`ProductID` = `p`.`ProductID`))) left join `productdept` `pd` on((`p`.`ProductDeptID` = `pd`.`ProductDeptID`))) left join `productgroup` `pg` on((`pd`.`ProductGroupID` = `pg`.`ProductGroupID`))) left join `tableno` `t` on((`a`.`TableID` = `t`.`TableID`))) left join `tablezone` `tz` on((`t`.`ZoneID` = `tz`.`ZoneID`))) left join `orderspaproductsetlinkdetail` `aa` on(((`b`.`OrderDetailID` = `aa`.`OrderDetailID`) and (`b`.`TransactionID` = `aa`.`TransactionID`) and (`b`.`ComputerID` = `aa`.`ComputerID`)))) left join `orderproductlinkdetail` `bb` on(((`b`.`OrderDetailID` = `bb`.`OrderDetailID`) and (`b`.`TransactionID` = `bb`.`TransactionID`) and (`b`.`ComputerID` = `bb`.`ComputerID`))))) */;
/*!50001 SET character_set_client      = @saved_cs_client */;
/*!50001 SET character_set_results     = @saved_cs_results */;
/*!50001 SET collation_connection      = @saved_col_connection */;

--
-- Final view structure for view `dummytranpayment`
--

/*!50001 DROP TABLE IF EXISTS `dummytranpayment`*/;
/*!50001 DROP VIEW IF EXISTS `dummytranpayment`*/;
/*!50001 SET @saved_cs_client          = @@character_set_client */;
/*!50001 SET @saved_cs_results         = @@character_set_results */;
/*!50001 SET @saved_col_connection     = @@collation_connection */;
/*!50001 SET character_set_client      = tis620 */;
/*!50001 SET character_set_results     = tis620 */;
/*!50001 SET collation_connection      = tis620_thai_ci */;
/*!50001 CREATE ALGORITHM=UNDEFINED */
/*!50013 DEFINER=`POSAdmin`@`localhost` SQL SECURITY DEFINER */
/*!50001 VIEW `dummytranpayment` AS (select `a`.`ShopID` AS `ShopID`,`pl`.`ProductLevelOrder` AS `ShopOrdering`,`pl`.`ProductLevelCode` AS `ShopCode`,`pl`.`ProductLevelName` AS `ShopName`,`pl`.`ProductLevelCode` AS `ProductLevelCode`,`pl`.`ProductLevelName` AS `ProductLevelName`,`pl`.`ProductLevelOrder` AS `ProductLevelOrder`,`a`.`TransactionID` AS `TransactionID`,`a`.`ComputerID` AS `ComputerID`,`d`.`PayDetailID` AS `PayDetailID`,`a`.`SaleDate` AS `SaleDate`,`a`.`DocType` AS `DocType`,`a`.`ReceiptID` AS `ReceiptID`,`a`.`ReceiptMonth` AS `ReceiptMonth`,`a`.`ReceiptYear` AS `ReceiptYear`,`a`.`SessionID` AS `SessionID`,`a`.`CloseComputerID` AS `CloseComputerID`,`a`.`OpenTime` AS `OpenTime`,`a`.`CloseTime` AS `CloseTime`,`a`.`VoidTime` AS `VoidTime`,`a`.`OpenStaffID` AS `OpenStaffID`,`a`.`PaidStaffID` AS `PaidStaffID`,`a`.`VoidStaffID` AS `VoidStaffID`,`a`.`VoidReason` AS `VoidReason`,`a`.`TransactionStatusID` AS `TransactionStatusID`,`a`.`TransactionVATable` AS `TransactionVatable`,`a`.`TransactionVAT` AS `TransactionVAT`,`a`.`TransactionExcludeVAT` AS `TransactionExcludeVAT`,`a`.`ServiceCharge` AS `ServiceCharge`,`a`.`ServiceChargeVAT` AS `ServiceChargeVAT`,`a`.`OtherAmountDiscount` AS `OtherAmountDiscount`,`a`.`NoCustomer` AS `NoCustomer`,`d`.`PayTypeID` AS `PayTypeID`,`d`.`Amount` AS `PaidAmount`,`e`.`PayType` AS `PayTypeName`,`e`.`PayTypeOrdering` AS `PayTypeOrdering`,`d`.`PaymentVAT` AS `PaymentVAT`,`e`.`IsSale` AS `IsSale`,`e`.`IsVAT` AS `IsVAT`,`e`.`IsOtherReceipt` AS `IsOtherReceipt`,`e`.`IsPrepaid` AS `IsPrepaid`,`d`.`PrepaidDiscountPercent` AS `PrepaidDiscountPercent`,`d`.`PaidByName` AS `PaidByName` from (((`ordertransaction` `a` join `productlevel` `pl`) join `paydetail` `d`) join `paytype` `e`) where ((`a`.`ShopID` = `pl`.`ProductLevelID`) and (`a`.`TransactionID` = `d`.`TransactionID`) and (`a`.`ComputerID` = `d`.`ComputerID`) and (`d`.`PayTypeID` = `e`.`TypeID`))) */;
/*!50001 SET character_set_client      = @saved_cs_client */;
/*!50001 SET character_set_results     = @saved_cs_results */;
/*!50001 SET collation_connection      = @saved_col_connection */;

--
-- Final view structure for view `kds_allcomment`
--

/*!50001 DROP TABLE IF EXISTS `kds_allcomment`*/;
/*!50001 DROP VIEW IF EXISTS `kds_allcomment`*/;
/*!50001 SET @saved_cs_client          = @@character_set_client */;
/*!50001 SET @saved_cs_results         = @@character_set_results */;
/*!50001 SET @saved_col_connection     = @@collation_connection */;
/*!50001 SET character_set_client      = tis620 */;
/*!50001 SET character_set_results     = tis620 */;
/*!50001 SET collation_connection      = tis620_thai_ci */;
/*!50001 CREATE ALGORITHM=UNDEFINED */
/*!50013 DEFINER=`POSAdmin`@`localhost` SQL SECURITY DEFINER */
/*!50001 VIEW `kds_allcomment` AS (select `od`.`ProcessID` AS `ProcessID`,`p`.`ProductName` AS `OrderComment` from ((`orderdetailfront` `od` join `ordercommentlinkfront` `oc`) join `products` `p`) where ((`od`.`OrderDetailID` = `oc`.`CommentForOrderID`) and (`od`.`TransactionID` = `oc`.`TransactionID`) and (`od`.`ComputerID` = `oc`.`ComputerID`) and (`oc`.`ProductID` = `p`.`ProductID`) and (`od`.`ProcessID` <> 0))) union (select `od`.`ProcessID` AS `ProcessID`,`od`.`Comment` AS `OrderComment` from `orderdetailfront` `od` where ((`od`.`Comment` is not null) and (`od`.`Comment` <> '') and (`od`.`ProcessID` <> 0))) */;
/*!50001 SET character_set_client      = @saved_cs_client */;
/*!50001 SET character_set_results     = @saved_cs_results */;
/*!50001 SET collation_connection      = @saved_col_connection */;

--
-- Final view structure for view `kds_groupcomment`
--

/*!50001 DROP TABLE IF EXISTS `kds_groupcomment`*/;
/*!50001 DROP VIEW IF EXISTS `kds_groupcomment`*/;
/*!50001 SET @saved_cs_client          = @@character_set_client */;
/*!50001 SET @saved_cs_results         = @@character_set_results */;
/*!50001 SET @saved_col_connection     = @@collation_connection */;
/*!50001 SET character_set_client      = tis620 */;
/*!50001 SET character_set_results     = tis620 */;
/*!50001 SET collation_connection      = tis620_thai_ci */;
/*!50001 CREATE ALGORITHM=UNDEFINED */
/*!50013 DEFINER=`POSAdmin`@`localhost` SQL SECURITY DEFINER */
/*!50001 VIEW `kds_groupcomment` AS (select `kds_allcomment`.`ProcessID` AS `ProcessID`,group_concat(`kds_allcomment`.`OrderComment` separator ',') AS `AllComment` from `kds_allcomment` group by `kds_allcomment`.`ProcessID`) */;
/*!50001 SET character_set_client      = @saved_cs_client */;
/*!50001 SET character_set_results     = @saved_cs_results */;
/*!50001 SET collation_connection      = @saved_col_connection */;

--
-- Final view structure for view `kds_orderprocess`
--

/*!50001 DROP TABLE IF EXISTS `kds_orderprocess`*/;
/*!50001 DROP VIEW IF EXISTS `kds_orderprocess`*/;
/*!50001 SET @saved_cs_client          = @@character_set_client */;
/*!50001 SET @saved_cs_results         = @@character_set_results */;
/*!50001 SET @saved_col_connection     = @@collation_connection */;
/*!50001 SET character_set_client      = tis620 */;
/*!50001 SET character_set_results     = tis620 */;
/*!50001 SET collation_connection      = tis620_thai_ci */;
/*!50001 CREATE ALGORITHM=UNDEFINED */
/*!50013 DEFINER=`POSAdmin`@`localhost` SQL SECURITY DEFINER */
/*!50001 VIEW `kds_orderprocess` AS (select `orderprocessdetailfront`.`ProductLevelID` AS `ProductLevelID`,`orderprocessdetailfront`.`ProductID` AS `ProductID`,`orderprocessdetailfront`.`OrderDate` AS `OrderDate`,sum(`orderprocessdetailfront`.`ProductAmount`) AS `TotalQty` from `orderprocessdetailfront` where (`orderprocessdetailfront`.`ProcessStatus` in (0,2)) group by `orderprocessdetailfront`.`ProductLevelID`,`orderprocessdetailfront`.`ProductID`,`orderprocessdetailfront`.`OrderDate`) */;
/*!50001 SET character_set_client      = @saved_cs_client */;
/*!50001 SET character_set_results     = @saved_cs_results */;
/*!50001 SET collation_connection      = @saved_col_connection */;

--
-- Final view structure for view `revenueactualuse`
--

/*!50001 DROP TABLE IF EXISTS `revenueactualuse`*/;
/*!50001 DROP VIEW IF EXISTS `revenueactualuse`*/;
/*!50001 SET @saved_cs_client          = @@character_set_client */;
/*!50001 SET @saved_cs_results         = @@character_set_results */;
/*!50001 SET @saved_col_connection     = @@collation_connection */;
/*!50001 SET character_set_client      = tis620 */;
/*!50001 SET character_set_results     = tis620 */;
/*!50001 SET collation_connection      = tis620_thai_ci */;
/*!50001 CREATE ALGORITHM=UNDEFINED */
/*!50013 DEFINER=`POSAdmin`@`localhost` SQL SECURITY DEFINER */
/*!50001 VIEW `revenueactualuse` AS select `a`.`ProductLevelID` AS `ShopID`,month(`a`.`DocumentDate`) AS `DocumentMonth`,year(`a`.`DocumentDate`) AS `DocumentYear`,`b`.`ProductID` AS `MaterialID`,`m`.`MaterialCode` AS `MaterialCode`,`m`.`MaterialName` AS `MaterialName`,sum((`dt`.`MovementInStock` * `b`.`UnitSmallAmount`)) AS `TotalQty` from (((`document` `a` join `docdetail` `b`) join `documenttype` `dt`) join `materials` `m`) where ((`a`.`DocumentID` = `b`.`DocumentID`) and (`a`.`ShopID` = `b`.`ShopID`) and (`a`.`DocumentTypeID` = `dt`.`DocumentTypeID`) and (`a`.`ShopID` = `dt`.`ShopID`) and (`b`.`ProductID` = `m`.`MaterialID`) and (`dt`.`LangID` = 1) and (`a`.`DocumentStatus` = 2) and (`dt`.`CalculateNetUse` = 1)) group by `a`.`ProductLevelID`,month(`a`.`DocumentDate`),year(`a`.`DocumentDate`),`b`.`ProductID`,`m`.`MaterialCode`,`m`.`MaterialName` having (`TotalQty` <> 0) */;
/*!50001 SET character_set_client      = @saved_cs_client */;
/*!50001 SET character_set_results     = @saved_cs_results */;
/*!50001 SET collation_connection      = @saved_col_connection */;

--
-- Final view structure for view `revenuedata_aa`
--

/*!50001 DROP TABLE IF EXISTS `revenuedata_aa`*/;
/*!50001 DROP VIEW IF EXISTS `revenuedata_aa`*/;
/*!50001 SET @saved_cs_client          = @@character_set_client */;
/*!50001 SET @saved_cs_results         = @@character_set_results */;
/*!50001 SET @saved_col_connection     = @@collation_connection */;
/*!50001 SET character_set_client      = tis620 */;
/*!50001 SET character_set_results     = tis620 */;
/*!50001 SET collation_connection      = tis620_thai_ci */;
/*!50001 CREATE ALGORITHM=UNDEFINED */
/*!50013 DEFINER=`POSAdmin`@`localhost` SQL SECURITY DEFINER */
/*!50001 VIEW `revenuedata_aa` AS select count(0) AS `count(*)`,`a`.`ShopID` AS `ShopID`,`a`.`SaleDate` AS `SaleDate`,`a`.`TransactionID` AS `TransactionID`,`a`.`ComputerID` AS `ComputerID`,`a`.`TransactionVatable` AS `TransactionVatable`,`a`.`TransactionVAT` AS `TransactionVAT`,`a`.`TransactionExcludeVAT` AS `TransactionExcludeVAT`,`a`.`ServiceCharge` AS `ServiceCharge`,`a`.`ServiceChargeVAT` AS `ServiceChargeVAT`,`a`.`NoCustomer` AS `NoCustomer` from `dummytran` `a` where ((`a`.`TransactionStatusID` = 2) and (`a`.`ReceiptID` > 0) and (`a`.`ProductSetType` not in (-(1),-(3)))) group by `a`.`ShopID`,`a`.`SaleDate`,`a`.`TransactionID`,`a`.`ComputerID`,`a`.`TransactionVatable`,`a`.`TransactionVAT` */;
/*!50001 SET character_set_client      = @saved_cs_client */;
/*!50001 SET character_set_results     = @saved_cs_results */;
/*!50001 SET collation_connection      = @saved_col_connection */;

--
-- Final view structure for view `revenuedata_bb`
--

/*!50001 DROP TABLE IF EXISTS `revenuedata_bb`*/;
/*!50001 DROP VIEW IF EXISTS `revenuedata_bb`*/;
/*!50001 SET @saved_cs_client          = @@character_set_client */;
/*!50001 SET @saved_cs_results         = @@character_set_results */;
/*!50001 SET @saved_col_connection     = @@collation_connection */;
/*!50001 SET character_set_client      = tis620 */;
/*!50001 SET character_set_results     = tis620 */;
/*!50001 SET collation_connection      = tis620_thai_ci */;
/*!50001 CREATE ALGORITHM=UNDEFINED */
/*!50013 DEFINER=`POSAdmin`@`localhost` SQL SECURITY DEFINER */
/*!50001 VIEW `revenuedata_bb` AS select `a`.`ShopID` AS `ShopID`,month(`a`.`SaleDate`) AS `RevenueMonth`,year(`a`.`SaleDate`) AS `RevenueYear`,sum(`a`.`Amount`) AS `TotalQty`,sum(`a`.`TotalRetailPrice`) AS `TotalRetailPrice`,sum(`a`.`SalePrice`) AS `SalePrice` from `dummytran` `a` where ((`a`.`TransactionStatusID` = 2) and (`a`.`ReceiptID` > 0) and (`a`.`ProductSetType` not in (-(1),-(3)))) group by `a`.`ShopID`,month(`a`.`SaleDate`),year(`a`.`SaleDate`) */;
/*!50001 SET character_set_client      = @saved_cs_client */;
/*!50001 SET character_set_results     = @saved_cs_results */;
/*!50001 SET collation_connection      = @saved_col_connection */;

--
-- Final view structure for view `revenuedata_main`
--

/*!50001 DROP TABLE IF EXISTS `revenuedata_main`*/;
/*!50001 DROP VIEW IF EXISTS `revenuedata_main`*/;
/*!50001 SET @saved_cs_client          = @@character_set_client */;
/*!50001 SET @saved_cs_results         = @@character_set_results */;
/*!50001 SET @saved_col_connection     = @@collation_connection */;
/*!50001 SET character_set_client      = tis620 */;
/*!50001 SET character_set_results     = tis620 */;
/*!50001 SET collation_connection      = tis620_thai_ci */;
/*!50001 CREATE ALGORITHM=UNDEFINED */
/*!50013 DEFINER=`POSAdmin`@`localhost` SQL SECURITY DEFINER */
/*!50001 VIEW `revenuedata_main` AS select `a`.`ShopID` AS `ShopID`,month(`a`.`SaleDate`) AS `RevenueMonth`,year(`a`.`SaleDate`) AS `RevenueYear`,sum(`a`.`TransactionVatable`) AS `TransactionVATable`,count(distinct `a`.`TransactionID`,`a`.`ComputerID`) AS `TotalBill`,sum(`a`.`NoCustomer`) AS `TotalCustomer`,sum(`a`.`TransactionVAT`) AS `TransactionVAT`,sum(`a`.`TransactionExcludeVAT`) AS `TransactionExcludeVAT`,sum(`a`.`ServiceCharge`) AS `ServiceCharge`,sum(`a`.`ServiceChargeVAT`) AS `ServiceChargeVAT` from `revenuedata_aa` `a` group by `a`.`ShopID`,month(`a`.`SaleDate`),year(`a`.`SaleDate`) */;
/*!50001 SET character_set_client      = @saved_cs_client */;
/*!50001 SET character_set_results     = @saved_cs_results */;
/*!50001 SET collation_connection      = @saved_col_connection */;

--
-- Final view structure for view `revenuedata_payment`
--

/*!50001 DROP TABLE IF EXISTS `revenuedata_payment`*/;
/*!50001 DROP VIEW IF EXISTS `revenuedata_payment`*/;
/*!50001 SET @saved_cs_client          = @@character_set_client */;
/*!50001 SET @saved_cs_results         = @@character_set_results */;
/*!50001 SET @saved_col_connection     = @@collation_connection */;
/*!50001 SET character_set_client      = tis620 */;
/*!50001 SET character_set_results     = tis620 */;
/*!50001 SET collation_connection      = tis620_thai_ci */;
/*!50001 CREATE ALGORITHM=UNDEFINED */
/*!50013 DEFINER=`POSAdmin`@`localhost` SQL SECURITY DEFINER */
/*!50001 VIEW `revenuedata_payment` AS select `dummytranpayment`.`ShopID` AS `ShopID`,month(`dummytranpayment`.`SaleDate`) AS `RevenueMonth`,year(`dummytranpayment`.`SaleDate`) AS `RevenueYear`,sum(`dummytranpayment`.`PaidAmount`) AS `PayAmount` from `dummytranpayment` where (`dummytranpayment`.`TransactionStatusID` = 2) group by `dummytranpayment`.`ShopID`,month(`dummytranpayment`.`SaleDate`),year(`dummytranpayment`.`SaleDate`) */;
/*!50001 SET character_set_client      = @saved_cs_client */;
/*!50001 SET character_set_results     = @saved_cs_results */;
/*!50001 SET collation_connection      = @saved_col_connection */;

--
-- Final view structure for view `summary_dummypromotion`
--

/*!50001 DROP TABLE IF EXISTS `summary_dummypromotion`*/;
/*!50001 DROP VIEW IF EXISTS `summary_dummypromotion`*/;
/*!50001 SET @saved_cs_client          = @@character_set_client */;
/*!50001 SET @saved_cs_results         = @@character_set_results */;
/*!50001 SET @saved_col_connection     = @@collation_connection */;
/*!50001 SET character_set_client      = tis620 */;
/*!50001 SET character_set_results     = tis620 */;
/*!50001 SET collation_connection      = tis620_thai_ci */;
/*!50001 CREATE ALGORITHM=UNDEFINED */
/*!50013 DEFINER=`POSAdmin`@`localhost` SQL SECURITY DEFINER */
/*!50001 VIEW `summary_dummypromotion` AS select `a`.`TransactionID` AS `transactionid`,`a`.`ComputerID` AS `computerid`,`b`.`PriceGroupID` AS `PriceGroupID`,count(0) AS `TotalCoupon` from (`ordertransaction` `a` join `paybyvoucher` `b`) where ((`a`.`TransactionID` = `b`.`TransactionID`) and (`a`.`ComputerID` = `b`.`ComputerID`)) */;
/*!50001 SET character_set_client      = @saved_cs_client */;
/*!50001 SET character_set_results     = @saved_cs_results */;
/*!50001 SET collation_connection      = @saved_col_connection */;

--
-- Final view structure for view `summary_hourlyreport`
--

/*!50001 DROP TABLE IF EXISTS `summary_hourlyreport`*/;
/*!50001 DROP VIEW IF EXISTS `summary_hourlyreport`*/;
/*!50001 SET @saved_cs_client          = @@character_set_client */;
/*!50001 SET @saved_cs_results         = @@character_set_results */;
/*!50001 SET @saved_col_connection     = @@collation_connection */;
/*!50001 SET character_set_client      = tis620 */;
/*!50001 SET character_set_results     = tis620 */;
/*!50001 SET collation_connection      = tis620_thai_ci */;
/*!50001 CREATE ALGORITHM=UNDEFINED */
/*!50013 DEFINER=`POSAdmin`@`localhost` SQL SECURITY DEFINER */
/*!50001 VIEW `summary_hourlyreport` AS select hour(`a`.`OpenTime`) AS `Hourly`,`a`.`ShopID` AS `ShopID`,`a`.`SaleDate` AS `SaleDate`,`a`.`DocType` AS `DocType`,count(distinct `a`.`TransactionID`,`a`.`ComputerID`) AS `TotalBill`,sum(`a`.`NoCustomer`) AS `TotalCustomer`,sum(`a`.`TransactionVATable`) AS `TransactionVATable`,sum(`a`.`TransactionVAT`) AS `TransactionVAT`,sum(`a`.`TransactionExcludeVAT`) AS `TransactionExcludeVAT`,sum(`a`.`ServiceCharge`) AS `ServiceCharge`,sum(`a`.`ServiceChargeVAT`) AS `ServiceChargeVAT`,sum(`a`.`ReceiptTotalAmount`) AS `ReceiptTotalAmount`,sum(`a`.`ReceiptDiscount`) AS `TotalDiscount`,sum((`a`.`ReceiptProductRetailPrice` - `a`.`ReceiptDiscount`)) AS `SalePrice`,sum(`a`.`ReceiptProductRetailPrice`) AS `TotalRetailPrice`,sum(`a`.`OtherIncome`) AS `OtherIncome`,sum(`a`.`OtherIncomeVAT`) AS `OtherIncomeVAT` from `ordertransaction` `a` where ((`a`.`TransactionStatusID` = 2) and (`a`.`DocType` = 8) and (`a`.`ReceiptID` > 0)) group by `a`.`ShopID`,`a`.`SaleDate`,`a`.`DocType`,hour(`a`.`OpenTime`) */;
/*!50001 SET character_set_client      = @saved_cs_client */;
/*!50001 SET character_set_results     = @saved_cs_results */;
/*!50001 SET collation_connection      = @saved_col_connection */;

--
-- Final view structure for view `summary_productreport`
--

/*!50001 DROP TABLE IF EXISTS `summary_productreport`*/;
/*!50001 DROP VIEW IF EXISTS `summary_productreport`*/;
/*!50001 SET @saved_cs_client          = @@character_set_client */;
/*!50001 SET @saved_cs_results         = @@character_set_results */;
/*!50001 SET @saved_col_connection     = @@collation_connection */;
/*!50001 SET character_set_client      = utf8 */;
/*!50001 SET character_set_results     = utf8 */;
/*!50001 SET collation_connection      = utf8_general_ci */;
/*!50001 CREATE ALGORITHM=UNDEFINED */
/*!50013 DEFINER=`POSAdmin`@`localhost` SQL SECURITY DEFINER */
/*!50001 VIEW `summary_productreport` AS select `a`.`SaleDate` AS `SaleDate`,`a`.`ShopID` AS `ShopID`,`pl`.`ProductLevelCode` AS `ShopCode`,`pl`.`ProductLevelName` AS `ShopName`,`ld`.`ProductID` AS `ProductLinkID`,`a`.`TransactionStatusID` AS `TransactionStatusID`,`b`.`OtherFoodName` AS `OtherFoodName`,`b`.`OrderStatusID` AS `OrderStatusID`,`b`.`ProductSetType` AS `ProductSetType`,`b`.`VATType` AS `VATType`,`a`.`VATPercent` AS `VATPercent`,`a`.`DocType` AS `DocType`,`p`.`ProductID` AS `ProductID`,`p`.`ProductCode` AS `ProductCode`,`p`.`ProductName` AS `ProductName`,`p`.`ProductName1` AS `ProductName1`,`p`.`ProductDesp` AS `ProductDesp`,`pd`.`ProductDeptName` AS `ProductDeptName`,`pg`.`ProductGroupName` AS `ProductGroupName`,`pg`.`ProductGroupCode` AS `ProductGroupCode`,`pd`.`ProductDeptCode` AS `ProductDeptCode`,`g1`.`GroupOrdering` AS `GroupOrdering`,`d1`.`DeptOrdering` AS `DeptOrdering`,`b`.`SaleMode` AS `SaleMode`,`sm`.`SaleModeName` AS `SaleModeName`,`sm`.`PositionPrefix` AS `PositionPrefix`,`sm`.`PrefixText` AS `PrefixText`,sum(`b`.`Amount`) AS `Amount`,sum(`c`.`TotalPrice`) AS `TotalPrice`,sum(if((`b`.`ProductSetType` >= 0),`c`.`TotalRetailPrice`,if((`b`.`ProductSetType` = -(4)),`c`.`SalePrice`,0))) AS `TotalRetailPrice`,sum(`c`.`SalePrice`) AS `SalePrice`,sum(`c`.`MemberDiscount`) AS `MemberDiscount`,sum(`c`.`StaffDiscount`) AS `StaffDiscount`,sum(`c`.`CouponDiscount`) AS `CouponDiscount`,sum(`c`.`VoucherDiscount`) AS `VoucherDiscount`,sum(`c`.`OtherPercentDiscount`) AS `OtherPercentDiscount`,sum(`c`.`EachProductOtherDiscount`) AS `EachProductOtherDiscount`,sum(`c`.`PricePromotionDiscount`) AS `PricePromotionDiscount` from ((((((((((`ordertransaction` `a` join `orderdetail` `b` on(((`a`.`TransactionID` = `b`.`TransactionID`) and (`a`.`ComputerID` = `b`.`ComputerID`)))) join `orderdiscountdetail` `c` on(((`b`.`TransactionID` = `c`.`TransactionID`) and (`b`.`ComputerID` = `c`.`ComputerID`) and (`b`.`OrderDetailID` = `c`.`OrderDetailID`)))) left join `products` `p` on((`b`.`ProductID` = `p`.`ProductID`))) left join `productdept` `pd` on((`p`.`ProductDeptID` = `pd`.`ProductDeptID`))) left join `productgroup` `pg` on((`pd`.`ProductGroupID` = `pg`.`ProductGroupID`))) left join `dummygroupordering` `g1` on((`pg`.`ProductGroupCode` = convert(`g1`.`ProductGroupCode` using utf8)))) left join `dummydeptordering` `d1` on((`pd`.`ProductDeptCode` = convert(`d1`.`ProductDeptCode` using utf8)))) left join `salemode` `sm` on((`b`.`SaleMode` = `sm`.`SaleModeID`))) left join `orderproductlinkdetail` `ld` on(((`b`.`OrderDetailID` = `ld`.`OrderDetailID`) and (`b`.`TransactionID` = `ld`.`TransactionID`) and (`b`.`ComputerID` = `ld`.`ComputerID`)))) left join `productlevel` `pl` on((`a`.`ShopID` = `pl`.`ProductLevelID`))) where ((`a`.`ReceiptID` > 0) and (`b`.`ProductSetType` not in (-(1),-(3),14,16)) and (`a`.`TransactionStatusID` = 2)) group by `ld`.`ProductID`,`a`.`TransactionStatusID`,`b`.`OtherFoodName`,`b`.`OrderStatusID`,`b`.`ProductSetType`,`b`.`VATType`,`a`.`DocType`,`p`.`ProductID`,`p`.`ProductCode`,`p`.`ProductName`,`p`.`ProductName1`,`p`.`ProductDesp`,`pd`.`ProductDeptName`,`pg`.`ProductGroupName`,`pg`.`ProductGroupCode`,`pd`.`ProductDeptCode`,`b`.`SaleMode`,`sm`.`SaleModeName`,`sm`.`PositionPrefix`,`sm`.`PrefixText`,`a`.`SaleDate`,`a`.`ShopID`,`pl`.`ProductLevelCode`,`pl`.`ProductLevelName` */;
/*!50001 SET character_set_client      = @saved_cs_client */;
/*!50001 SET character_set_results     = @saved_cs_results */;
/*!50001 SET collation_connection      = @saved_col_connection */;

--
-- Final view structure for view `summary_productreport_stockonly`
--

/*!50001 DROP TABLE IF EXISTS `summary_productreport_stockonly`*/;
/*!50001 DROP VIEW IF EXISTS `summary_productreport_stockonly`*/;
/*!50001 SET @saved_cs_client          = @@character_set_client */;
/*!50001 SET @saved_cs_results         = @@character_set_results */;
/*!50001 SET @saved_col_connection     = @@collation_connection */;
/*!50001 SET character_set_client      = tis620 */;
/*!50001 SET character_set_results     = tis620 */;
/*!50001 SET collation_connection      = tis620_thai_ci */;
/*!50001 CREATE ALGORITHM=UNDEFINED */
/*!50013 DEFINER=`POSAdmin`@`localhost` SQL SECURITY DEFINER */
/*!50001 VIEW `summary_productreport_stockonly` AS select `a`.`SaleDate` AS `SaleDate`,`a`.`ShopID` AS `ShopID`,`pl`.`ProductLevelCode` AS `ShopCode`,`pl`.`ProductLevelName` AS `ShopName`,`ld`.`ProductID` AS `ProductLinkID`,`a`.`TransactionStatusID` AS `TransactionStatusID`,`b`.`OtherFoodName` AS `OtherFoodName`,`b`.`OrderStatusID` AS `OrderStatusID`,`b`.`ProductSetType` AS `ProductSetType`,`b`.`VATType` AS `VATType`,`a`.`DocType` AS `DocType`,`p`.`ProductID` AS `ProductID`,`p`.`ProductCode` AS `ProductCode`,`p`.`ProductName` AS `ProductName`,`p`.`ProductName1` AS `ProductName1`,`p`.`ProductDesp` AS `ProductDesp`,`pd`.`ProductDeptName` AS `ProductDeptName`,`pg`.`ProductGroupName` AS `ProductGroupName`,`pg`.`ProductGroupCode` AS `ProductGroupCode`,`pd`.`ProductDeptCode` AS `ProductDeptCode`,`g1`.`GroupOrdering` AS `GroupOrdering`,`d1`.`DeptOrdering` AS `DeptOrdering`,`b`.`SaleMode` AS `SaleMode`,`sm`.`SaleModeName` AS `SaleModeName`,`sm`.`PositionPrefix` AS `PositionPrefix`,`sm`.`PrefixText` AS `PrefixText`,sum(`b`.`Amount`) AS `Amount`,sum(`c`.`TotalPrice`) AS `TotalPrice`,sum(if((`b`.`ProductSetType` >= 0),`c`.`TotalRetailPrice`,if((`b`.`ProductSetType` = -(4)),`c`.`SalePrice`,0))) AS `TotalRetailPrice`,sum(`c`.`SalePrice`) AS `SalePrice`,sum(`c`.`MemberDiscount`) AS `MemberDiscount`,sum(`c`.`StaffDiscount`) AS `StaffDiscount`,sum(`c`.`CouponDiscount`) AS `CouponDiscount`,sum(`c`.`VoucherDiscount`) AS `VoucherDiscount`,sum(`c`.`OtherPercentDiscount`) AS `OtherPercentDiscount`,sum(`c`.`EachProductOtherDiscount`) AS `EachProductOtherDiscount`,sum(`c`.`PricePromotionDiscount`) AS `PricePromotionDiscount` from ((((((((((`ordertransaction` `a` join `orderdetail` `b` on(((`a`.`TransactionID` = `b`.`TransactionID`) and (`a`.`ComputerID` = `b`.`ComputerID`)))) join `orderdiscountdetail` `c` on(((`b`.`TransactionID` = `c`.`TransactionID`) and (`b`.`ComputerID` = `c`.`ComputerID`) and (`b`.`OrderDetailID` = `c`.`OrderDetailID`)))) left join `products` `p` on((`b`.`ProductID` = `p`.`ProductID`))) left join `productdept` `pd` on((`p`.`ProductDeptID` = `pd`.`ProductDeptID`))) left join `productgroup` `pg` on((`pd`.`ProductGroupID` = `pg`.`ProductGroupID`))) left join `dummygroupordering` `g1` on((`pg`.`ProductGroupCode` = convert(`g1`.`ProductGroupCode` using utf8)))) left join `dummydeptordering` `d1` on((`pd`.`ProductDeptCode` = convert(`d1`.`ProductDeptCode` using utf8)))) left join `salemode` `sm` on((`b`.`SaleMode` = `sm`.`SaleModeID`))) left join `orderproductlinkdetail` `ld` on(((`b`.`OrderDetailID` = `ld`.`OrderDetailID`) and (`b`.`TransactionID` = `ld`.`TransactionID`) and (`b`.`ComputerID` = `ld`.`ComputerID`)))) left join `productlevel` `pl` on((`a`.`ShopID` = `pl`.`ProductLevelID`))) where ((`a`.`ReceiptID` > 0) and (`b`.`ProductSetType` not in (-(1),-(3),14,16)) and (`a`.`TransactionStatusID` = 11)) group by `ld`.`ProductID`,`a`.`TransactionStatusID`,`b`.`OtherFoodName`,`b`.`OrderStatusID`,`b`.`ProductSetType`,`b`.`VATType`,`a`.`DocType`,`p`.`ProductID`,`p`.`ProductCode`,`p`.`ProductName`,`p`.`ProductName1`,`p`.`ProductDesp`,`pd`.`ProductDeptName`,`pg`.`ProductGroupName`,`pg`.`ProductGroupCode`,`pd`.`ProductDeptCode`,`b`.`SaleMode`,`sm`.`SaleModeName`,`sm`.`PositionPrefix`,`sm`.`PrefixText`,`a`.`SaleDate`,`a`.`ShopID`,`pl`.`ProductLevelCode`,`pl`.`ProductLevelName` */;
/*!50001 SET character_set_client      = @saved_cs_client */;
/*!50001 SET character_set_results     = @saved_cs_results */;
/*!50001 SET collation_connection      = @saved_col_connection */;

--
-- Final view structure for view `summary_productreportall`
--

/*!50001 DROP TABLE IF EXISTS `summary_productreportall`*/;
/*!50001 DROP VIEW IF EXISTS `summary_productreportall`*/;
/*!50001 SET @saved_cs_client          = @@character_set_client */;
/*!50001 SET @saved_cs_results         = @@character_set_results */;
/*!50001 SET @saved_col_connection     = @@collation_connection */;
/*!50001 SET character_set_client      = tis620 */;
/*!50001 SET character_set_results     = tis620 */;
/*!50001 SET collation_connection      = tis620_thai_ci */;
/*!50001 CREATE ALGORITHM=UNDEFINED */
/*!50013 DEFINER=`POSAdmin`@`localhost` SQL SECURITY DEFINER */
/*!50001 VIEW `summary_productreportall` AS select `summary_productreport`.`SaleDate` AS `SaleDate`,`summary_productreport`.`ProductLinkID` AS `ProductLinkID`,`summary_productreport`.`TransactionStatusID` AS `TransactionStatusID`,`summary_productreport`.`OtherFoodName` AS `OtherFoodName`,`summary_productreport`.`OrderStatusID` AS `OrderStatusID`,`summary_productreport`.`ProductSetType` AS `ProductSetType`,`summary_productreport`.`VATType` AS `VATType`,`summary_productreport`.`DocType` AS `DocType`,`summary_productreport`.`ProductID` AS `ProductID`,`summary_productreport`.`ProductCode` AS `ProductCode`,`summary_productreport`.`ProductName` AS `ProductName`,`summary_productreport`.`ProductName1` AS `ProductName1`,`summary_productreport`.`ProductDesp` AS `ProductDesp`,`summary_productreport`.`ProductDeptName` AS `ProductDeptName`,`summary_productreport`.`ProductGroupName` AS `ProductGroupName`,`summary_productreport`.`ProductGroupCode` AS `ProductGroupCode`,`summary_productreport`.`ProductDeptCode` AS `ProductDeptCode`,`summary_productreport`.`GroupOrdering` AS `GroupOrdering`,`summary_productreport`.`DeptOrdering` AS `DeptOrdering`,`summary_productreport`.`SaleMode` AS `SaleMode`,`summary_productreport`.`SaleModeName` AS `SaleModeName`,`summary_productreport`.`PositionPrefix` AS `PositionPrefix`,`summary_productreport`.`PrefixText` AS `PrefixText`,sum(`summary_productreport`.`Amount`) AS `Amount`,sum(`summary_productreport`.`TotalPrice`) AS `TotalPrice`,sum(`summary_productreport`.`TotalRetailPrice`) AS `TotalRetailPrice`,sum(`summary_productreport`.`SalePrice`) AS `SalePrice`,sum(`summary_productreport`.`MemberDiscount`) AS `MemberDiscount`,sum(`summary_productreport`.`StaffDiscount`) AS `StaffDiscount`,sum(`summary_productreport`.`CouponDiscount`) AS `CouponDiscount`,sum(`summary_productreport`.`VoucherDiscount`) AS `VoucherDiscount`,sum(`summary_productreport`.`OtherPercentDiscount`) AS `OtherPercentDiscount`,sum(`summary_productreport`.`EachProductOtherDiscount`) AS `EachProductOtherDiscount`,sum(`summary_productreport`.`PricePromotionDiscount`) AS `PricePromotionDiscount` from `summary_productreport` group by `summary_productreport`.`SaleDate`,`summary_productreport`.`ProductLinkID`,`summary_productreport`.`TransactionStatusID`,`summary_productreport`.`OtherFoodName`,`summary_productreport`.`OrderStatusID`,`summary_productreport`.`ProductSetType`,`summary_productreport`.`VATType`,`summary_productreport`.`DocType`,`summary_productreport`.`ProductID`,`summary_productreport`.`ProductCode`,`summary_productreport`.`ProductName`,`summary_productreport`.`ProductName1`,`summary_productreport`.`ProductDesp`,`summary_productreport`.`ProductDeptName`,`summary_productreport`.`ProductGroupName`,`summary_productreport`.`ProductGroupCode`,`summary_productreport`.`ProductDeptCode`,`summary_productreport`.`GroupOrdering`,`summary_productreport`.`DeptOrdering`,`summary_productreport`.`SaleMode`,`summary_productreport`.`SaleModeName`,`summary_productreport`.`PositionPrefix`,`summary_productreport`.`PrefixText` */;
/*!50001 SET character_set_client      = @saved_cs_client */;
/*!50001 SET character_set_results     = @saved_cs_results */;
/*!50001 SET collation_connection      = @saved_col_connection */;

--
-- Final view structure for view `summary_promotiondiscountsummary`
--

/*!50001 DROP TABLE IF EXISTS `summary_promotiondiscountsummary`*/;
/*!50001 DROP VIEW IF EXISTS `summary_promotiondiscountsummary`*/;
/*!50001 SET @saved_cs_client          = @@character_set_client */;
/*!50001 SET @saved_cs_results         = @@character_set_results */;
/*!50001 SET @saved_col_connection     = @@collation_connection */;
/*!50001 SET character_set_client      = utf8 */;
/*!50001 SET character_set_results     = utf8 */;
/*!50001 SET collation_connection      = utf8_general_ci */;
/*!50001 CREATE ALGORITHM=UNDEFINED */
/*!50013 DEFINER=`POSAdmin`@`localhost` SQL SECURITY DEFINER */
/*!50001 VIEW `summary_promotiondiscountsummary` AS select `a`.`ShopID` AS `ShopID`,`a`.`SaleDate` AS `SaleDate`,`c`.`PriceGroupID` AS `PromotionID`,`b`.`ProductID` AS `ProductID`,`p`.`ProductCode` AS `ProductCode`,`p`.`ProductName` AS `ProductName`,sum(`b`.`Amount`) AS `Amount`,`b`.`RetailPrice` AS `PricePerUnit`,sum(`c`.`DiscountPrice`) AS `Discount`,sum(if(isnull(`e`.`TotalCoupon`),0,`e`.`TotalCoupon`)) AS `TotalCoupon`,`b`.`ProductSetType` AS `ProductSetType` from (((((`ordertransaction` `a` join `orderdetail` `b` on(((`a`.`TransactionID` = `b`.`TransactionID`) and (`a`.`ComputerID` = `b`.`ComputerID`)))) join `orderpromotiondiscountdetail` `c` on(((`b`.`OrderDetailID` = `c`.`OrderDetailID`) and (`b`.`TransactionID` = `c`.`TransactionID`) and (`b`.`ComputerID` = `c`.`ComputerID`)))) left join `promotionpricegroup` `d` on((`c`.`PriceGroupID` = `d`.`pricegroupid`))) left join `products` `p` on((`b`.`ProductID` = `p`.`ProductID`))) left join `summary_dummypromotion` `e` on(((`a`.`TransactionID` = `e`.`transactionid`) and (`a`.`ComputerID` = `e`.`computerid`) and (`e`.`PriceGroupID` = `c`.`PriceGroupID`)))) where ((`b`.`OrderStatusID` not in (3,4)) and (`a`.`TransactionStatusID` = 2) and (`a`.`ReceiptID` > 0)) group by `a`.`ShopID`,`a`.`SaleDate`,`c`.`PriceGroupID`,`b`.`ProductID`,`p`.`ProductCode`,`p`.`ProductName`,`b`.`RetailPrice`,`b`.`ProductSetType` union select `a`.`ShopID` AS `ShopID`,`a`.`SaleDate` AS `SaleDate`,`b`.`PromotionNPriceID` AS `PriceGroupID`,`b`.`ProductID` AS `ProductID`,`p`.`ProductCode` AS `ProductCode`,`p`.`ProductName` AS `ProductName`,sum(`b`.`Amount`) AS `SUM(b.Amount)`,`b`.`RetailPrice` AS `RetailPrice`,sum((`c`.`TotalRetailPrice` - `c`.`SalePrice`)) AS `SUM(c.TotalRetailPrice-c.SalePrice)`,0 AS `TotalCoupon`,`b`.`ProductSetType` AS `ProductSetType` from ((((`ordertransaction` `a` join `orderdetail` `b` on(((`a`.`TransactionID` = `b`.`TransactionID`) and (`a`.`ComputerID` = `b`.`ComputerID`)))) join `orderdiscountdetail` `c` on(((`b`.`OrderDetailID` = `c`.`OrderDetailID`) and (`b`.`TransactionID` = `c`.`TransactionID`) and (`b`.`ComputerID` = `c`.`ComputerID`)))) join `promotionpricegroup` `d` on((`b`.`PromotionNPriceID` = `d`.`pricegroupid`))) join `products` `p` on((`b`.`ProductID` = `p`.`ProductID`))) where ((`b`.`OrderStatusID` = 5) and (`a`.`TransactionStatusID` = 2) and (`a`.`ReceiptID` > 0) and (`b`.`PromotionNPriceID` <> 0)) group by `a`.`ShopID`,`a`.`SaleDate`,`b`.`PromotionNPriceID`,`b`.`ProductID`,`p`.`ProductCode`,`p`.`ProductName`,`b`.`RetailPrice`,`b`.`ProductSetType` */;
/*!50001 SET character_set_client      = @saved_cs_client */;
/*!50001 SET character_set_results     = @saved_cs_results */;
/*!50001 SET collation_connection      = @saved_col_connection */;

--
-- Final view structure for view `summary_promotionreport`
--

/*!50001 DROP TABLE IF EXISTS `summary_promotionreport`*/;
/*!50001 DROP VIEW IF EXISTS `summary_promotionreport`*/;
/*!50001 SET @saved_cs_client          = @@character_set_client */;
/*!50001 SET @saved_cs_results         = @@character_set_results */;
/*!50001 SET @saved_col_connection     = @@collation_connection */;
/*!50001 SET character_set_client      = tis620 */;
/*!50001 SET character_set_results     = tis620 */;
/*!50001 SET collation_connection      = tis620_thai_ci */;
/*!50001 CREATE ALGORITHM=UNDEFINED */
/*!50013 DEFINER=`POSAdmin`@`localhost` SQL SECURITY DEFINER */
/*!50001 VIEW `summary_promotionreport` AS select `a`.`ShopID` AS `ShopID`,`a`.`SaleDate` AS `SaleDate`,`c`.`PriceGroupID` AS `PromotionID`,if(isnull(`d`.`PromotionPriceName`),'Other Discount',`d`.`PromotionPriceName`) AS `PromotionName`,sum(`c`.`DiscountPrice`) AS `TotalDiscount`,sum(`c`.`PriceAfterDiscount`) AS `PriceAfterDiscount` from (((`ordertransaction` `a` join `orderdetail` `b` on(((`a`.`TransactionID` = `b`.`TransactionID`) and (`a`.`ComputerID` = `b`.`ComputerID`)))) join `orderpromotiondiscountdetail` `c` on(((`b`.`OrderDetailID` = `c`.`OrderDetailID`) and (`b`.`TransactionID` = `c`.`TransactionID`) and (`b`.`ComputerID` = `c`.`ComputerID`)))) left join `promotionpricegroup` `d` on((`c`.`PriceGroupID` = `d`.`pricegroupid`))) where ((`a`.`TransactionStatusID` = 2) and (`a`.`DocType` = 8) and (`a`.`ReceiptID` > 0)) group by `a`.`ShopID`,`a`.`SaleDate`,`c`.`PriceGroupID`,`d`.`PromotionPriceName` */;
/*!50001 SET character_set_client      = @saved_cs_client */;
/*!50001 SET character_set_results     = @saved_cs_results */;
/*!50001 SET collation_connection      = @saved_col_connection */;

--
-- Final view structure for view `summary_promotionreport2`
--

/*!50001 DROP TABLE IF EXISTS `summary_promotionreport2`*/;
/*!50001 DROP VIEW IF EXISTS `summary_promotionreport2`*/;
/*!50001 SET @saved_cs_client          = @@character_set_client */;
/*!50001 SET @saved_cs_results         = @@character_set_results */;
/*!50001 SET @saved_col_connection     = @@collation_connection */;
/*!50001 SET character_set_client      = utf8 */;
/*!50001 SET character_set_results     = utf8 */;
/*!50001 SET collation_connection      = utf8_general_ci */;
/*!50001 CREATE ALGORITHM=UNDEFINED */
/*!50013 DEFINER=`POSAdmin`@`localhost` SQL SECURITY DEFINER */
/*!50001 VIEW `summary_promotionreport2` AS select `a`.`ShopID` AS `ShopID`,`a`.`SaleDate` AS `SaleDate`,`c`.`PriceGroupID` AS `PromotionID`,if(isnull(`d`.`PromotionPriceName`),'Other Discount',`d`.`PromotionPriceName`) AS `PromotionName`,sum(`c`.`DiscountPrice`) AS `TotalDiscount`,sum(`c`.`PriceAfterDiscount`) AS `PriceAfterDiscount`,count(distinct `a`.`TransactionID`,`a`.`ComputerID`) AS `TotalBill` from (((`ordertransaction` `a` join `orderdetail` `b` on(((`a`.`TransactionID` = `b`.`TransactionID`) and (`a`.`ComputerID` = `b`.`ComputerID`)))) join `orderpromotiondiscountdetail` `c` on(((`b`.`OrderDetailID` = `c`.`OrderDetailID`) and (`b`.`TransactionID` = `c`.`TransactionID`) and (`b`.`ComputerID` = `c`.`ComputerID`)))) left join `promotionpricegroup` `d` on((`c`.`PriceGroupID` = `d`.`pricegroupid`))) where ((`a`.`TransactionStatusID` = 2) and (`b`.`OrderStatusID` in (1,2,5)) and (`a`.`DocType` = 8) and (`a`.`ReceiptID` > 0)) group by `a`.`ShopID`,`a`.`SaleDate`,`c`.`PriceGroupID`,`d`.`PromotionPriceName` */;
/*!50001 SET character_set_client      = @saved_cs_client */;
/*!50001 SET character_set_results     = @saved_cs_results */;
/*!50001 SET collation_connection      = @saved_col_connection */;

--
-- Final view structure for view `summary_salehourlyproduct`
--

/*!50001 DROP TABLE IF EXISTS `summary_salehourlyproduct`*/;
/*!50001 DROP VIEW IF EXISTS `summary_salehourlyproduct`*/;
/*!50001 SET @saved_cs_client          = @@character_set_client */;
/*!50001 SET @saved_cs_results         = @@character_set_results */;
/*!50001 SET @saved_col_connection     = @@collation_connection */;
/*!50001 SET character_set_client      = tis620 */;
/*!50001 SET character_set_results     = tis620 */;
/*!50001 SET collation_connection      = tis620_thai_ci */;
/*!50001 CREATE ALGORITHM=UNDEFINED */
/*!50013 DEFINER=`POSAdmin`@`localhost` SQL SECURITY DEFINER */
/*!50001 VIEW `summary_salehourlyproduct` AS select hour(`a`.`OpenTime`) AS `Hourly`,`a`.`SaleDate` AS `SaleDate`,`a`.`ShopID` AS `ShopID`,`pl`.`ProductLevelCode` AS `ShopCode`,`pl`.`ProductLevelName` AS `ShopName`,`ld`.`ProductID` AS `ProductLinkID`,`a`.`TransactionStatusID` AS `TransactionStatusID`,`b`.`OtherFoodName` AS `OtherFoodName`,`b`.`OrderStatusID` AS `OrderStatusID`,`b`.`ProductSetType` AS `ProductSetType`,`b`.`VATType` AS `VATType`,`a`.`DocType` AS `DocType`,`p`.`ProductID` AS `ProductID`,`p`.`ProductCode` AS `ProductCode`,`p`.`ProductBarCode` AS `ProductBarCode`,`p`.`ProductName` AS `ProductName`,`p`.`ProductName1` AS `ProductName1`,`p`.`ProductDesp` AS `ProductDesp`,`pd`.`ProductDeptName` AS `ProductDeptName`,`pg`.`ProductGroupName` AS `ProductGroupName`,`pg`.`ProductGroupCode` AS `ProductGroupCode`,`pd`.`ProductDeptCode` AS `ProductDeptCode`,`g1`.`GroupOrdering` AS `GroupOrdering`,`d1`.`DeptOrdering` AS `DeptOrdering`,`b`.`SaleMode` AS `SaleMode`,`sm`.`SaleModeName` AS `SaleModeName`,`sm`.`PositionPrefix` AS `PositionPrefix`,`sm`.`PrefixText` AS `PrefixText`,sum(`b`.`Amount`) AS `Amount`,sum(`c`.`TotalPrice`) AS `TotalPrice`,sum(if((`b`.`ProductSetType` >= 0),`c`.`TotalRetailPrice`,if((`b`.`ProductSetType` = -(4)),`c`.`SalePrice`,0))) AS `TotalRetailPrice`,sum(`c`.`SalePrice`) AS `SalePrice` from ((((((((((`ordertransaction` `a` join `orderdetail` `b` on(((`a`.`TransactionID` = `b`.`TransactionID`) and (`a`.`ComputerID` = `b`.`ComputerID`)))) join `orderdiscountdetail` `c` on(((`b`.`TransactionID` = `c`.`TransactionID`) and (`b`.`ComputerID` = `c`.`ComputerID`) and (`b`.`OrderDetailID` = `c`.`OrderDetailID`)))) left join `products` `p` on((`b`.`ProductID` = `p`.`ProductID`))) left join `productdept` `pd` on((`p`.`ProductDeptID` = `pd`.`ProductDeptID`))) left join `productgroup` `pg` on((`pd`.`ProductGroupID` = `pg`.`ProductGroupID`))) left join `dummygroupordering` `g1` on((`pg`.`ProductGroupCode` = convert(`g1`.`ProductGroupCode` using utf8)))) left join `dummydeptordering` `d1` on((`pd`.`ProductDeptCode` = convert(`d1`.`ProductDeptCode` using utf8)))) left join `salemode` `sm` on((`b`.`SaleMode` = `sm`.`SaleModeID`))) left join `orderproductlinkdetail` `ld` on(((`b`.`OrderDetailID` = `ld`.`OrderDetailID`) and (`b`.`TransactionID` = `ld`.`TransactionID`) and (`b`.`ComputerID` = `ld`.`ComputerID`)))) left join `productlevel` `pl` on((`a`.`ShopID` = `pl`.`ProductLevelID`))) where ((`a`.`ReceiptID` > 0) and (`b`.`ProductSetType` not in (-(1),-(3),14,16)) and (`a`.`TransactionStatusID` = 2)) group by `ld`.`ProductID`,`a`.`TransactionStatusID`,`b`.`OtherFoodName`,`b`.`OrderStatusID`,`b`.`ProductSetType`,`b`.`VATType`,`a`.`DocType`,`p`.`ProductID`,`p`.`ProductCode`,`p`.`ProductName`,`p`.`ProductName1`,`p`.`ProductDesp`,`pd`.`ProductDeptName`,`pg`.`ProductGroupName`,`pg`.`ProductGroupCode`,`pd`.`ProductDeptCode`,`b`.`SaleMode`,`sm`.`SaleModeName`,`sm`.`PositionPrefix`,`sm`.`PrefixText`,`a`.`ShopID`,`pl`.`ProductLevelCode`,`pl`.`ProductLevelName`,hour(`a`.`OpenTime`),`a`.`SaleDate` */;
/*!50001 SET character_set_client      = @saved_cs_client */;
/*!50001 SET character_set_results     = @saved_cs_results */;
/*!50001 SET collation_connection      = @saved_col_connection */;

--
-- Final view structure for view `summary_tranreport`
--

/*!50001 DROP TABLE IF EXISTS `summary_tranreport`*/;
/*!50001 DROP VIEW IF EXISTS `summary_tranreport`*/;
/*!50001 SET @saved_cs_client          = @@character_set_client */;
/*!50001 SET @saved_cs_results         = @@character_set_results */;
/*!50001 SET @saved_col_connection     = @@collation_connection */;
/*!50001 SET character_set_client      = tis620 */;
/*!50001 SET character_set_results     = tis620 */;
/*!50001 SET collation_connection      = tis620_thai_ci */;
/*!50001 CREATE ALGORITHM=UNDEFINED */
/*!50013 DEFINER=`POSAdmin`@`localhost` SQL SECURITY DEFINER */
/*!50001 VIEW `summary_tranreport` AS select `a`.`ShopID` AS `ShopID`,`pl`.`ProductLevelCode` AS `ShopCode`,`pl`.`ProductLevelName` AS `ShopName`,`pl`.`ProductLevelOrder` AS `ShopOrdering`,`a`.`SaleDate` AS `SaleDate`,`a`.`DocType` AS `DocType`,`a`.`TransactionStatusID` AS `TransactionStatusID`,count(distinct `a`.`TransactionID`,`a`.`ComputerID`) AS `TotalBill`,sum(`a`.`NoCustomer`) AS `TotalCustomer`,sum(`a`.`TransactionVATable`) AS `TransactionVATable`,sum(`a`.`TransactionVAT`) AS `TransactionVAT`,sum(`a`.`TransactionExcludeVAT`) AS `TransactionExcludeVAT`,sum(`a`.`ServiceCharge`) AS `ServiceCharge`,sum(`a`.`ServiceChargeVAT`) AS `ServiceChargeVAT`,sum(`a`.`ReceiptTotalAmount`) AS `ReceiptTotalAmount`,sum(`a`.`ReceiptDiscount`) AS `TotalDiscount`,sum((`a`.`ReceiptProductRetailPrice` - `a`.`ReceiptDiscount`)) AS `SalePrice`,sum(`a`.`ReceiptProductRetailPrice`) AS `TotalRetailPrice`,sum(`a`.`OtherIncome`) AS `OtherIncome`,sum(`a`.`OtherIncomeVAT`) AS `OtherIncomeVAT` from (`ordertransaction` `a` join `productlevel` `pl`) where ((`a`.`ShopID` = `pl`.`ProductLevelID`) and (`a`.`ReceiptID` > 0)) group by `a`.`ShopID`,`pl`.`ProductLevelCode`,`pl`.`ProductLevelName`,`pl`.`ProductLevelOrder`,`a`.`SaleDate`,`a`.`DocType`,`a`.`TransactionStatusID` */;
/*!50001 SET character_set_client      = @saved_cs_client */;
/*!50001 SET character_set_results     = @saved_cs_results */;
/*!50001 SET collation_connection      = @saved_col_connection */;

--
-- Final view structure for view `summary_transalemodereport`
--

/*!50001 DROP TABLE IF EXISTS `summary_transalemodereport`*/;
/*!50001 DROP VIEW IF EXISTS `summary_transalemodereport`*/;
/*!50001 SET @saved_cs_client          = @@character_set_client */;
/*!50001 SET @saved_cs_results         = @@character_set_results */;
/*!50001 SET @saved_col_connection     = @@collation_connection */;
/*!50001 SET character_set_client      = tis620 */;
/*!50001 SET character_set_results     = tis620 */;
/*!50001 SET collation_connection      = tis620_thai_ci */;
/*!50001 CREATE ALGORITHM=UNDEFINED */
/*!50013 DEFINER=`POSAdmin`@`localhost` SQL SECURITY DEFINER */
/*!50001 VIEW `summary_transalemodereport` AS select `a`.`SaleMode` AS `SaleMode`,`s`.`SaleModeName` AS `SaleModeName`,`a`.`ShopID` AS `ShopID`,`pl`.`ProductLevelCode` AS `ShopCode`,`pl`.`ProductLevelName` AS `ShopName`,`pl`.`ProductLevelOrder` AS `ShopOrdering`,`a`.`SaleDate` AS `SaleDate`,`a`.`DocType` AS `DocType`,`a`.`TransactionStatusID` AS `TransactionStatusID`,count(distinct `a`.`TransactionID`,`a`.`ComputerID`) AS `TotalBill`,sum(`a`.`NoCustomer`) AS `TotalCustomer`,sum(`a`.`TransactionVATable`) AS `TransactionVATable`,sum(`a`.`TransactionVAT`) AS `TransactionVAT`,sum(`a`.`TransactionExcludeVAT`) AS `TransactionExcludeVAT`,sum(`a`.`ServiceCharge`) AS `ServiceCharge`,sum(`a`.`ServiceChargeVAT`) AS `ServiceChargeVAT`,sum(`a`.`ReceiptTotalAmount`) AS `ReceiptTotalAmount`,sum(`a`.`ReceiptDiscount`) AS `TotalDiscount`,sum((`a`.`ReceiptProductRetailPrice` - `a`.`ReceiptDiscount`)) AS `SalePrice`,sum(`a`.`ReceiptProductRetailPrice`) AS `TotalRetailPrice`,sum(`a`.`OtherIncome`) AS `OtherIncome`,sum(`a`.`OtherIncomeVAT`) AS `OtherIncomeVAT` from ((`ordertransaction` `a` left join `productlevel` `pl` on((`a`.`ShopID` = `pl`.`ProductLevelID`))) left join `salemode` `s` on((`a`.`SaleMode` = `s`.`SaleModeID`))) where (`a`.`ReceiptID` > 0) group by `a`.`ShopID`,`pl`.`ProductLevelCode`,`pl`.`ProductLevelName`,`pl`.`ProductLevelOrder`,`a`.`SaleDate`,`a`.`DocType`,`a`.`TransactionStatusID`,`a`.`SaleMode`,`s`.`SaleModeName` */;
/*!50001 SET character_set_client      = @saved_cs_client */;
/*!50001 SET character_set_results     = @saved_cs_results */;
/*!50001 SET collation_connection      = @saved_col_connection */;

--
-- Final view structure for view `tablenoforsearch`
--

/*!50001 DROP TABLE IF EXISTS `tablenoforsearch`*/;
/*!50001 DROP VIEW IF EXISTS `tablenoforsearch`*/;
/*!50001 SET @saved_cs_client          = @@character_set_client */;
/*!50001 SET @saved_cs_results         = @@character_set_results */;
/*!50001 SET @saved_col_connection     = @@collation_connection */;
/*!50001 SET character_set_client      = tis620 */;
/*!50001 SET character_set_results     = tis620 */;
/*!50001 SET collation_connection      = tis620_thai_ci */;
/*!50001 CREATE ALGORITHM=UNDEFINED */
/*!50013 DEFINER=`POSAdmin`@`localhost` SQL SECURITY DEFINER */
/*!50001 VIEW `tablenoforsearch` AS (select `tableno`.`TableID` AS `TableID`,`tableno`.`ZoneID` AS `ZoneID`,`tableno`.`TableNumber` AS `TableNumber`,`tableno`.`TableName` AS `TableName`,`tableno`.`Capacity` AS `Capacity`,`tableno`.`Status` AS `Status`,`tableno`.`Deleted` AS `Deleted`,`tableno`.`CurrentTransName` AS `CurrentTransName`,`tableno`.`CurrentAccessComputer` AS `CurrentAccessComputer`,cast(`tableno`.`TableNumber` as char(50) charset tis620) AS `TableNo` from `tableno`) */;
/*!50001 SET character_set_client      = @saved_cs_client */;
/*!50001 SET character_set_results     = @saved_cs_results */;
/*!50001 SET collation_connection      = @saved_col_connection */;
/*!40103 SET TIME_ZONE=@OLD_TIME_ZONE */;

/*!40101 SET SQL_MODE=@OLD_SQL_MODE */;
/*!40014 SET FOREIGN_KEY_CHECKS=@OLD_FOREIGN_KEY_CHECKS */;
/*!40014 SET UNIQUE_CHECKS=@OLD_UNIQUE_CHECKS */;
/*!40101 SET CHARACTER_SET_CLIENT=@OLD_CHARACTER_SET_CLIENT */;
/*!40101 SET CHARACTER_SET_RESULTS=@OLD_CHARACTER_SET_RESULTS */;
/*!40101 SET COLLATION_CONNECTION=@OLD_COLLATION_CONNECTION */;
/*!40111 SET SQL_NOTES=@OLD_SQL_NOTES */;

-- Dump completed on 2017-04-17 14:12:00
